0.0,0.0,307.0,93.0,11.0,137.0,67.0,73.0,0.0,117.0,11.0,123.0,0.0,43.0,25.0,123.0,105.0,121.0,109.0,81.0,73.0,0.0,55.0,0.0,33.0,37.0,85.0,85.0,352.0,141.0,31.0,101.0,0.0,346.0,51.0,81.0,121.0,0.0,97.0,0.0,41.0,15.0,105.0,191.0,0.0,0.0,51.0,89.0,0.0,145.0,107.0,25.0,47.0,0.0,472.0,397.0,45.0,31.0,0.0,0.0,397.0,0.0,0.0,0.0,115.0,127.0,23.0,0.0,0.0,43.0,13.0,460.0,41.0,35.0,149.0,25.0,141.0,59.0,3.0,502.0,89.0,9.0,157.0,113.0,53.0,97.0,115.0,83.0,412.0,47.0,143.0,105.0,47.0,131.0,400.0,0.0,109.0,0.0,0.0,45.0
67.0,0.0,0.0,0.0,121.0,0.0,0.0,0.0,0.0,421.0,0.0,0.0,0.0,0.0,0.0,0.0,0.0,0.0,0.0,0.0,0.0,0.0,0.0,0.0,0.0,0.0,0.0,0.0,117.0,0.0,0.0,13.0,183.0,0.0,0.0,187.0,0.0,0.0,69.0,0.0,0.0,0.0,0.0,0.0,0.0,0.0,0.0,0.0,0.0,0.0,0.0,0.0,0.0,0.0,0.0,0.0,0.0,55.0,91.0,0.0,0.0,0.0,0.0,0.0,0.0,0.0,0.0,69.0,83.0,0.0,0.0,0.0,0.0,0.0,361.0,0.0,0.0,29.0,125.0,0.0,0.0,0.0,0.0,23.0,0.0,0.0,0.0,0.0,0.0,0.0,0.0,0.0,0.0,0.0,391.0,0.0,0.0,0.0,0.0,0.0
57.0,0.0,0.0,29.0,73.0,0.0,177.0,155.0,37.0,331.0,21.0,0.0,7.0,0.0,39.0,31.0,0.0,0.0,87.0,0.0,0.0,0.0,0.0,127.0,0.0,0.0,0.0,0.0,37.0,0.0,21.0,0.0,25.0,157.0,0.0,63.0,0.0,0.0,0.0,0.0,0.0,0.0,0.0,478.0,0.0,125.0,55.0,0.0,0.0,41.0,0.0,145.0,0.0,75.0,87.0,115.0,41.0,59.0,0.0,25.0,0.0,95.0,129.0,0.0,0.0,0.0,11.0,0.0,19.0,0.0,0.0,37.0,25.0,0.0,0.0,31.0,0.0,165.0,189.0,0.0,424.0,0.0,91.0,71.0,0.0,99.0,43.0,0.0,0.0,0.0,0.0,0.0,49.0,137.0,0.0,0.0,0.0,87.0,83.0,0.0
0.0,77.0,0.0,0.0,0.0,59.0,31.0,0.0,0.0,0.0,0.0,0.0,0.0,0.0,0.0,69.0,0.0,0.0,0.0,0.0,0.0,141.0,0.0,77.0,0.0,0.0,83.0,0.0,0.0,0.0,53.0,95.0,0.0,143.0,0.0,0.0,0.0,337.0,19.0,0.0,0.0,0.0,0.0,0.0,0.0,17.0,0.0,0.0,0.0,0.0,0.0,0.0,0.0,107.0,29.0,532.0,0.0,0.0,0.0,0.0,0.0,0.0,0.0,49.0,89.0,0.0,33.0,0.0,0.0,181.0,0.0,0.0,0.0,0.0,0.0,0.0,0.0,0.0,111.0,0.0,0.0,0.0,0.0,0.0,0.0,55.0,0.0,0.0,0.0,0.0,0.0,0.0,0.0,93.0,0.0,0.0,0.0,0.0,0.0,0.0
439.0,127.0,0.0,0.0,0.0,31.0,57.0,105.0,17.0,59.0,39.0,109.0,49.0,79.0,376.0,49.0,21.0,0.0,0.0,127.0,0.0,0.0,85.0,0.0,0.0,125.0,61.0,9.0,0.0,73.0,15.0,91.0,415.0,35.0,27.0,29.0,5.0,125.0,175.0,0.0,13.0,113.0,123.0,39.0,113.0,171.0,19.0,57.0,23.0,37.0,27.0,0.0,65.0,0.0,0.0,3.0,412.0,79.0,19.0,373.0,81.0,69.0,0.0,0.0,55.0,93.0,117.0,25.0,137.0,55.0,25.0,31.0,0.0,0.0,41.0,13.0,0.0,0.0,149.0,85.0,43.0,0.0,135.0,143.0,49.0,3.0,137.0,69.0,0.0,23.0,0.0,69.0,0.0,0.0,21.0,367.0,73.0,97.0,27.0,61.0
55.0,163.0,0.0,0.0,63.0,0.0,53.0,81.0,316.0,85.0,65.0,115.0,523.0,139.0,0.0,0.0,89.0,0.0,0.0,37.0,63.0,0.0,105.0,25.0,175.0,0.0,37.0,0.0,0.0,111.0,65.0,0.0,127.0,475.0,19.0,0.0,0.0,445.0,0.0,93.0,43.0,93.0,71.0,0.0,0.0,153.0,105.0,59.0,187.0,0.0,25.0,125.0,33.0,0.0,0.0,37.0,73.0,49.0,107.0,0.0,0.0,167.0,0.0,135.0,0.0,0.0,0.0,83.0,31.0,0.0,47.0,268.0,101.0,0.0,0.0,71.0,0.0,65.0,0.0,0.0,65.0,0.0,39.0,0.0,185.0,195.0,57.0,99.0,0.0,0.0,0.0,0.0,0.0,0.0,87.0,0.0,0.0,367.0,81.0,0.0
63.0,0.0,109.0,0.0,65.0,0.0,0.0,0.0,0.0,67.0,0.0,0.0,79.0,0.0,0.0,0.0,0.0,0.0,0.0,0.0,0.0,69.0,0.0,0.0,0.0,21.0,5.0,0.0,97.0,0.0,0.0,0.0,0.0,0.0,0.0,87.0,0.0,0.0,0.0,77.0,0.0,0.0,0.0,466.0,0.0,43.0,0.0,49.0,0.0,0.0,0.0,0.0,17.0,0.0,0.0,53.0,0.0,33.0,0.0,0.0,0.0,0.0,0.0,0.0,85.0,0.0,75.0,0.0,0.0,472.0,0.0,0.0,0.0,0.0,0.0,5.0,0.0,0.0,0.0,0.0,0.0,0.0,0.0,0.0,478.0,0.0,59.0,0.0,0.0,0.0,0.0,0.0,0.0,0.0,0.0,0.0,91.0,0.0,0.0,0.0
0.0,0.0,0.0,9.0,0.0,0.0,35.0,0.0,0.0,101.0,0.0,0.0,0.0,0.0,89.0,0.0,0.0,0.0,105.0,0.0,0.0,0.0,23.0,103.0,19.0,0.0,79.0,133.0,0.0,0.0,51.0,0.0,99.0,49.0,77.0,0.0,0.0,0.0,109.0,0.0,153.0,139.0,0.0,0.0,0.0,181.0,0.0,0.0,129.0,59.0,33.0,13.0,0.0,0.0,0.0,0.0,0.0,35.0,41.0,0.0,0.0,0.0,29.0,0.0,61.0,0.0,0.0,0.0,0.0,0.0,3.0,127.0,0.0,169.0,191.0,27.0,0.0,0.0,117.0,0.0,69.0,61.0,45.0,21.0,0.0,0.0,0.0,0.0,65.0,0.0,0.0,0.0,0.0,93.0,107.0,0.0,33.0,83.0,7.0,169.0
49.0,0.0,131.0,105.0,0.0,415.0,463.0,75.0,0.0,367.0,23.0,71.0,77.0,109.0,107.0,337.0,101.0,71.0,67.0,61.0,105.0,53.0,5.0,41.0,83.0,13.0,75.0,91.0,0.0,0.0,9.0,256.0,0.0,73.0,151.0,109.0,13.0,121.0,85.0,147.0,103.0,358.0,91.0,57.0,0.0,460.0,97.0,45.0,307.0,71.0,406.0,0.0,39.0,61.0,59.0,71.0,19.0,27.0,53.0,145.0,21.0,87.0,113.0,161.0,183.0,33.0,33.0,0.0,0.0,99.0,199.0,141.0,31.0,454.0,125.0,13.0,0.0,53.0,43.0,526.0,31.0,71.0,189.0,5.0,0.0,101.0,29.0,460.0,59.0,0.0,73.0,33.0,13.0,149.0,0.0,49.0,159.0,99.0,83.0,137.0
0.0,87.0,187.0,0.0,0.0,0.0,0.0,0.0,109.0,0.0,0.0,0.0,0.0,0.0,0.0,0.0,0.0,105.0,51.0,0.0,3.0,99.0,0.0,0.0,109.0,155.0,0.0,0.0,0.0,0.0,0.0,157.0,0.0,0.0,43.0,0.0,0.0,0.0,45.0,0.0,0.0,319.0,367.0,0.0,37.0,0.0,0.0,121.0,0.0,0.0,0.0,0.0,87.0,57.0,103.0,0.0,0.0,159.0,0.0,0.0,0.0,0.0,63.0,103.0,0.0,65.0,7.0,45.0,0.0,0.0,0.0,0.0,0.0,41.0,454.0,0.0,97.0,0.0,0.0,0.0,175.0,0.0,0.0,0.0,51.0,0.0,0.0,0.0,101.0,173.0,199.0,0.0,123.0,95.0,0.0,0.0,0.0,0.0,135.0,0.0
0.0,0.0,0.0,0.0,109.0,472.0,0.0,41.0,0.0,0.0,0.0,382.0,41.0,0.0,0.0,37.0,0.0,67.0,77.0,0.0,19.0,0.0,63.0,47.0,0.0,0.0,3.0,0.0,0.0,0.0,0.0,0.0,0.0,95.0,0.0,0.0,47.0,157.0,0.0,37.0,0.0,0.0,0.0,0.0,0.0,19.0,0.0,149.0,0.0,463.0,117.0,157.0,125.0,0.0,47.0,0.0,105.0,159.0,61.0,53.0,61.0,469.0,181.0,21.0,0.0,81.0,0.0,41.0,0.0,0.0,171.0,0.0,0.0,0.0,0.0,31.0,0.0,412.0,123.0,0.0,0.0,45.0,0.0,141.0,0.0,0.0,0.0,0.0,433.0,15.0,292.0,0.0,0.0,0.0,0.0,0.0,117.0,21.0,0.0,0.0
436.0,0.0,125.0,99.0,37.0,0.0,119.0,109.0,39.0,165.0,17.0,0.0,149.0,63.0,177.0,145.0,0.0,15.0,101.0,171.0,71.0,0.0,71.0,89.0,19.0,165.0,135.0,51.0,121.0,71.0,0.0,89.0,63.0,73.0,89.0,69.0,91.0,0.0,95.0,55.0,87.0,123.0,111.0,65.0,31.0,55.0,21.0,61.0,35.0,47.0,0.0,113.0,131.0,0.0,39.0,39.0,61.0,121.0,15.0,451.0,0.0,39.0,149.0,0.0,35.0,115.0,63.0,79.0,145.0,199.0,13.0,119.0,115.0,310.0,113.0,322.0,25.0,161.0,0.0,0.0,73.0,11.0,137.0,457.0,13.0,99.0,69.0,105.0,95.0,99.0,117.0,0.0,99.0,0.0,53.0,55.0,85.0,123.0,0.0,472.0
0.0,0.0,298.0,0.0,0.0,0.0,0.0,85.0,0.0,0.0,0.0,0.0,0.0,0.0,0.0,47.0,61.0,0.0,0.0,0.0,41.0,127.0,53.0,0.0,0.0,0.0,0.0,0.0,415.0,0.0,31.0,0.0,0.0,0.0,0.0,73.0,0.0,0.0,59.0,61.0,0.0,0.0,0.0,15.0,0.0,0.0,0.0,55.0,99.0,0.0,0.0,61.0,0.0,0.0,127.0,0.0,0.0,0.0,33.0,15.0,0.0,0.0,0.0,97.0,0.0,153.0,27.0,0.0,107.0,49.0,0.0,0.0,0.0,133.0,0.0,125.0,159.0,0.0,0.0,0.0,0.0,0.0,65.0,0.0,91.0,0.0,0.0,0.0,0.0,0.0,0.0,119.0,0.0,0.0,0.0,183.0,0.0,0.0,0.0,0.0
0.0,382.0,0.0,0.0,0.0,0.0,0.0,0.0,0.0,0.0,0.0,77.0,0.0,0.0,93.0,187.0,0.0,147.0,0.0,0.0,394.0,123.0,0.0,0.0,85.0,53.0,65.0,0.0,0.0,0.0,39.0,0.0,0.0,0.0,0.0,25.0,0.0,81.0,0.0,0.0,21.0,0.0,412.0,17.0,0.0,0.0,15.0,0.0,0.0,0.0,0.0,43.0,69.0,0.0,0.0,0.0,0.0,81.0,343.0,0.0,0.0,0.0,0.0,0.0,63.0,0.0,0.0,0.0,0.0,0.0,0.0,45.0,49.0,0.0,55.0,0.0,0.0,0.0,103.0,0.0,99.0,0.0,0.0,0.0,0.0,0.0,159.0,0.0,0.0,0.0,0.0,111.0,0.0,69.0,0.0,0.0,454.0,0.0,0.0,0.0
0.0,0.0,0.0,0.0,0.0,0.0,0.0,0.0,0.0,101.0,0.0,3.0,0.0,99.0,0.0,0.0,111.0,127.0,0.0,19.0,0.0,55.0,0.0,133.0,0.0,0.0,253.0,163.0,0.0,379.0,0.0,0.0,111.0,0.0,0.0,63.0,175.0,15.0,103.0,0.0,0.0,0.0,31.0,0.0,0.0,29.0,0.0,0.0,0.0,189.0,0.0,0.0,0.0,0.0,0.0,63.0,0.0,0.0,0.0,0.0,73.0,89.0,0.0,0.0,19.0,0.0,0.0,0.0,59.0,0.0,0.0,0.0,0.0,41.0,0.0,161.0,51.0,0.0,105.0,0.0,0.0,103.0,0.0,0.0,0.0,0.0,0.0,319.0,5.0,0.0,0.0,11.0,0.0,91.0,0.0,0.0,0.0,95.0,0.0,0.0
0.0,0.0,0.0,0.0,0.0,0.0,0.0,0.0,0.0,0.0,141.0,0.0,35.0,0.0,0.0,0.0,63.0,0.0,0.0,0.0,0.0,41.0,334.0,0.0,39.0,0.0,0.0,0.0,0.0,0.0,29.0,0.0,0.0,0.0,0.0,7.0,0.0,0.0,0.0,0.0,0.0,0.0,39.0,0.0,0.0,157.0,0.0,0.0,0.0,0.0,0.0,0.0,93.0,0.0,0.0,0.0,3.0,0.0,15.0,0.0,0.0,0.0,0.0,0.0,0.0,0.0,0.0,0.0,0.0,0.0,47.0,97.0,0.0,0.0,0.0,0.0,55.0,193.0,67.0,0.0,0.0,91.0,0.0,0.0,0.0,0.0,0.0,0.0,0.0,45.0,13.0,433.0,53.0,0.0,0.0,0.0,0.0,47.0,0.0,0.0
0.0,0.0,0.0,45.0,71.0,99.0,0.0,0.0,0.0,0.0,0.0,0.0,0.0,0.0,0.0,0.0,0.0,0.0,0.0,77.0,0.0,0.0,0.0,0.0,0.0,0.0,0.0,0.0,0.0,0.0,0.0,55.0,0.0,69.0,69.0,0.0,0.0,0.0,0.0,0.0,0.0,0.0,0.0,57.0,0.0,313.0,0.0,0.0,0.0,0.0,0.0,0.0,0.0,0.0,0.0,0.0,0.0,0.0,0.0,0.0,0.0,0.0,0.0,0.0,0.0,57.0,0.0,0.0,0.0,0.0,0.0,0.0,0.0,0.0,0.0,0.0,0.0,0.0,0.0,0.0,99.0,0.0,0.0,0.0,0.0,0.0,0.0,0.0,0.0,0.0,0.0,0.0,0.0,0.0,0.0,0.0,0.0,0.0,0.0,0.0
0.0,61.0,151.0,19.0,3.0,0.0,73.0,87.0,75.0,29.0,17.0,0.0,73.0,67.0,41.0,167.0,177.0,0.0,0.0,63.0,7.0,79.0,11.0,101.0,59.0,442.0,71.0,77.0,59.0,45.0,93.0,65.0,0.0,0.0,17.0,0.0,7.0,121.0,101.0,0.0,11.0,81.0,87.0,9.0,71.0,59.0,133.0,93.0,61.0,191.0,163.0,23.0,0.0,0.0,0.0,115.0,55.0,35.0,0.0,388.0,73.0,0.0,0.0,361.0,63.0,0.0,103.0,199.0,111.0,0.0,141.0,113.0,0.0,17.0,0.0,29.0,83.0,49.0,37.0,65.0,0.0,0.0,11.0,71.0,0.0,346.0,33.0,334.0,43.0,0.0,43.0,523.0,57.0,0.0,115.0,75.0,0.0,147.0,0.0,41.0
13.0,69.0,61.0,99.0,131.0,107.0,0.0,183.0,27.0,418.0,0.0,0.0,153.0,21.0,0.0,119.0,11.0,113.0,0.0,171.0,159.0,0.0,0.0,47.0,71.0,145.0,523.0,307.0,57.0,89.0,41.0,129.0,145.0,0.0,0.0,101.0,129.0,0.0,77.0,163.0,313.0,0.0,51.0,0.0,75.0,0.0,0.0,75.0,91.0,81.0,83.0,0.0,9.0,0.0,27.0,0.0,89.0,49.0,376.0,25.0,111.0,0.0,0.0,109.0,27.0,103.0,107.0,0.0,105.0,0.0,0.0,11.0,49.0,0.0,57.0,27.0,0.0,77.0,93.0,0.0,0.0,105.0,0.0,163.0,0.0,99.0,43.0,33.0,101.0,83.0,23.0,0.0,17.0,65.0,0.0,93.0,45.0,143.0,51.0,65.0
39.0,5.0,29.0,0.0,259.0,47.0,163.0,99.0,59.0,0.0,87.0,97.0,53.0,151.0,103.0,91.0,43.0,129.0,141.0,0.0,57.0,51.0,364.0,41.0,195.0,129.0,5.0,45.0,0.0,131.0,165.0,15.0,7.0,155.0,13.0,0.0,153.0,165.0,478.0,81.0,131.0,3.0,83.0,29.0,123.0,35.0,25.0,27.0,139.0,109.0,117.0,153.0,451.0,379.0,19.0,370.0,103.0,133.0,39.0,5.0,147.0,0.0,33.0,83.0,517.0,0.0,17.0,45.0,41.0,0.0,115.0,73.0,0.0,454.0,111.0,103.0,133.0,3.0,85.0,95.0,45.0,157.0,0.0,147.0,55.0,179.0,0.0,109.0,177.0,0.0,89.0,3.0,89.0,75.0,65.0,83.0,33.0,137.0,39.0,394.0
0.0,53.0,0.0,0.0,0.0,33.0,0.0,0.0,0.0,0.0,0.0,0.0,0.0,109.0,0.0,0.0,0.0,11.0,0.0,0.0,0.0,0.0,167.0,43.0,0.0,0.0,0.0,99.0,77.0,0.0,0.0,0.0,0.0,25.0,0.0,0.0,0.0,0.0,0.0,0.0,171.0,0.0,29.0,0.0,0.0,0.0,119.0,0.0,0.0,0.0,0.0,0.0,79.0,49.0,0.0,53.0,0.0,0.0,0.0,153.0,41.0,0.0,0.0,0.0,0.0,0.0,139.0,0.0,0.0,0.0,0.0,0.0,0.0,0.0,0.0,0.0,65.0,0.0,0.0,0.0,0.0,155.0,0.0,0.0,0.0,0.0,0.0,31.0,19.0,0.0,268.0,0.0,17.0,0.0,147.0,0.0,51.0,0.0,0.0,29.0
195.0,49.0,23.0,77.0,27.0,0.0,25.0,0.0,0.0,0.0,328.0,89.0,451.0,189.0,197.0,460.0,0.0,0.0,13.0,125.0,0.0,0.0,0.0,0.0,105.0,25.0,107.0,0.0,484.0,0.0,149.0,171.0,73.0,0.0,373.0,0.0,0.0,175.0,83.0,117.0,145.0,151.0,0.0,113.0,0.0,0.0,51.0,65.0,83.0,508.0,0.0,35.0,47.0,67.0,93.0,155.0,322.0,0.0,59.0,151.0,27.0,0.0,61.0,0.0,0.0,0.0,129.0,165.0,19.0,0.0,29.0,0.0,57.0,0.0,143.0,0.0,0.0,502.0,361.0,125.0,379.0,143.0,25.0,113.0,0.0,0.0,33.0,67.0,0.0,9.0,51.0,35.0,155.0,105.0,9.0,13.0,67.0,0.0,25.0,113.0
0.0,0.0,0.0,0.0,0.0,0.0,448.0,0.0,0.0,0.0,0.0,0.0,15.0,0.0,0.0,59.0,19.0,0.0,0.0,0.0,0.0,0.0,0.0,167.0,0.0,0.0,0.0,0.0,0.0,43.0,0.0,394.0,0.0,0.0,35.0,466.0,0.0,0.0,0.0,0.0,0.0,0.0,0.0,115.0,0.0,39.0,0.0,51.0,147.0,0.0,41.0,93.0,0.0,0.0,0.0,0.0,125.0,0.0,0.0,0.0,3.0,433.0,189.0,0.0,0.0,0.0,149.0,55.0,0.0,0.0,0.0,0.0,0.0,0.0,0.0,0.0,0.0,0.0,0.0,0.0,0.0,0.0,0.0,0.0,149.0,25.0,85.0,0.0,0.0,0.0,0.0,0.0,0.0,19.0,0.0,63.0,179.0,0.0,25.0,87.0
115.0,0.0,115.0,0.0,109.0,0.0,37.0,0.0,0.0,57.0,47.0,0.0,0.0,119.0,45.0,463.0,121.0,41.0,0.0,0.0,17.0,0.0,53.0,0.0,0.0,0.0,0.0,0.0,175.0,97.0,175.0,103.0,129.0,0.0,35.0,0.0,55.0,400.0,99.0,0.0,21.0,0.0,97.0,0.0,17.0,0.0,0.0,39.0,0.0,0.0,319.0,65.0,169.0,0.0,143.0,0.0,21.0,0.0,0.0,421.0,97.0,0.0,0.0,89.0,0.0,119.0,0.0,0.0,0.0,0.0,0.0,75.0,0.0,105.0,0.0,0.0,0.0,109.0,0.0,0.0,0.0,21.0,0.0,67.0,0.0,0.0,0.0,163.0,91.0,0.0,115.0,0.0,0.0,0.0,55.0,0.0,97.0,63.0,0.0,403.0
0.0,179.0,63.0,0.0,67.0,39.0,0.0,25.0,0.0,173.0,61.0,131.0,87.0,355.0,143.0,19.0,61.0,71.0,412.0,69.0,45.0,11.0,73.0,0.0,0.0,424.0,49.0,53.0,0.0,352.0,415.0,87.0,280.0,161.0,11.0,457.0,0.0,133.0,101.0,51.0,37.0,43.0,97.0,107.0,13.0,33.0,0.0,103.0,191.0,67.0,0.0,57.0,33.0,69.0,33.0,81.0,73.0,5.0,0.0,5.0,67.0,0.0,0.0,0.0,0.0,0.0,53.0,81.0,7.0,103.0,61.0,0.0,61.0,131.0,0.0,0.0,0.0,0.0,0.0,105.0,91.0,69.0,75.0,89.0,47.0,121.0,0.0,0.0,15.0,59.0,97.0,17.0,41.0,0.0,427.0,0.0,25.0,49.0,45.0,93.0
0.0,95.0,0.0,0.0,0.0,0.0,0.0,0.0,0.0,0.0,0.0,0.0,17.0,0.0,0.0,0.0,115.0,0.0,0.0,0.0,0.0,0.0,0.0,0.0,101.0,0.0,0.0,0.0,0.0,0.0,131.0,43.0,55.0,0.0,0.0,0.0,0.0,0.0,95.0,85.0,17.0,0.0,133.0,280.0,0.0,0.0,0.0,91.0,0.0,0.0,0.0,0.0,0.0,0.0,0.0,0.0,51.0,0.0,0.0,0.0,0.0,91.0,0.0,0.0,0.0,31.0,25.0,0.0,83.0,0.0,0.0,0.0,0.0,0.0,0.0,0.0,0.0,0.0,0.0,0.0,0.0,0.0,157.0,0.0,87.0,0.0,0.0,123.0,0.0,41.0,0.0,0.0,0.0,35.0,0.0,0.0,0.0,0.0,0.0,0.0
67.0,0.0,95.0,0.0,143.0,406.0,99.0,143.0,0.0,0.0,15.0,0.0,0.0,0.0,121.0,0.0,171.0,91.0,13.0,93.0,73.0,0.0,0.0,0.0,73.0,71.0,0.0,0.0,43.0,71.0,0.0,127.0,81.0,65.0,0.0,73.0,37.0,83.0,33.0,0.0,0.0,397.0,0.0,143.0,67.0,0.0,79.0,11.0,49.0,0.0,427.0,57.0,73.0,484.0,57.0,133.0,523.0,103.0,41.0,502.0,0.0,175.0,63.0,113.0,89.0,0.0,121.0,0.0,103.0,484.0,352.0,121.0,13.0,0.0,13.0,23.0,101.0,145.0,0.0,69.0,81.0,61.0,65.0,0.0,0.0,65.0,175.0,13.0,117.0,23.0,105.0,61.0,85.0,115.0,99.0,59.0,0.0,155.0,55.0,91.0
0.0,23.0,43.0,3.0,0.0,167.0,0.0,0.0,0.0,131.0,0.0,139.0,13.0,117.0,67.0,0.0,376.0,0.0,35.0,109.0,0.0,0.0,0.0,63.0,0.0,0.0,0.0,0.0,0.0,37.0,0.0,143.0,79.0,91.0,121.0,0.0,0.0,0.0,0.0,307.0,0.0,93.0,0.0,0.0,27.0,131.0,0.0,379.0,0.0,105.0,0.0,3.0,0.0,39.0,0.0,0.0,127.0,0.0,0.0,0.0,0.0,0.0,0.0,505.0,59.0,460.0,35.0,0.0,129.0,0.0,0.0,121.0,29.0,0.0,0.0,0.0,0.0,69.0,0.0,0.0,0.0,57.0,0.0,0.0,0.0,0.0,21.0,367.0,0.0,0.0,0.0,0.0,103.0,0.0,0.0,41.0,0.0,0.0,51.0,131.0
85.0,67.0,65.0,73.0,85.0,103.0,75.0,135.0,81.0,55.0,59.0,51.0,25.0,31.0,107.0,49.0,29.0,167.0,17.0,25.0,141.0,103.0,23.0,5.0,17.0,127.0,109.0,153.0,0.0,65.0,63.0,65.0,107.0,11.0,69.0,103.0,175.0,59.0,33.0,49.0,81.0,23.0,0.0,37.0,47.0,520.0,49.0,165.0,93.0,5.0,5.0,3.0,191.0,93.0,0.0,197.0,0.0,113.0,135.0,25.0,107.0,49.0,105.0,45.0,83.0,67.0,151.0,31.0,65.0,51.0,189.0,115.0,53.0,127.0,5.0,23.0,127.0,0.0,171.0,0.0,77.0,121.0,189.0,0.0,15.0,99.0,376.0,95.0,0.0,101.0,77.0,181.0,43.0,117.0,7.0,0.0,33.0,121.0,93.0,155.0
0.0,11.0,0.0,141.0,0.0,143.0,99.0,0.0,0.0,0.0,63.0,81.0,81.0,29.0,0.0,0.0,89.0,93.0,0.0,23.0,343.0,0.0,59.0,0.0,382.0,0.0,349.0,105.0,0.0,0.0,59.0,95.0,0.0,57.0,409.0,133.0,0.0,0.0,63.0,51.0,67.0,139.0,0.0,93.0,167.0,388.0,109.0,325.0,0.0,0.0,0.0,0.0,0.0,475.0,163.0,97.0,0.0,29.0,0.0,0.0,31.0,0.0,117.0,29.0,177.0,55.0,95.0,79.0,113.0,123.0,97.0,15.0,0.0,63.0,111.0,29.0,99.0,79.0,145.0,0.0,0.0,49.0,135.0,0.0,93.0,93.0,87.0,69.0,35.0,143.0,0.0,0.0,0.0,79.0,185.0,403.0,0.0,45.0,71.0,0.0
0.0,0.0,0.0,0.0,0.0,0.0,0.0,103.0,57.0,0.0,0.0,95.0,133.0,0.0,0.0,0.0,0.0,0.0,0.0,0.0,0.0,0.0,0.0,0.0,0.0,0.0,155.0,0.0,0.0,0.0,0.0,349.0,0.0,0.0,0.0,0.0,0.0,99.0,0.0,0.0,0.0,0.0,0.0,163.0,0.0,0.0,0.0,67.0,0.0,0.0,0.0,91.0,0.0,103.0,0.0,0.0,97.0,0.0,0.0,81.0,79.0,0.0,37.0,0.0,0.0,0.0,87.0,0.0,0.0,0.0,0.0,439.0,0.0,0.0,0.0,0.0,0.0,0.0,115.0,121.0,49.0,0.0,0.0,0.0,0.0,0.0,0.0,406.0,63.0,0.0,0.0,0.0,0.0,0.0,0.0,91.0,0.0,5.0,7.0,0.0
31.0,0.0,0.0,3.0,73.0,0.0,0.0,0.0,0.0,147.0,0.0,0.0,0.0,0.0,49.0,0.0,0.0,0.0,0.0,0.0,0.0,0.0,0.0,0.0,0.0,0.0,0.0,39.0,0.0,0.0,0.0,0.0,0.0,265.0,0.0,0.0,0.0,0.0,0.0,0.0,0.0,141.0,75.0,0.0,0.0,0.0,0.0,370.0,0.0,103.0,0.0,0.0,0.0,0.0,0.0,153.0,0.0,0.0,27.0,0.0,35.0,137.0,0.0,0.0,0.0,95.0,0.0,0.0,0.0,49.0,0.0,97.0,0.0,151.0,0.0,0.0,0.0,75.0,0.0,0.0,157.0,0.0,0.0,0.0,388.0,0.0,75.0,0.0,73.0,0.0,57.0,0.0,0.0,31.0,0.0,3.0,0.0,0.0,21.0,0.0
0.0,0.0,382.0,33.0,39.0,77.0,49.0,123.0,11.0,3.0,157.0,0.0,25.0,141.0,69.0,328.0,27.0,73.0,39.0,0.0,35.0,0.0,95.0,0.0,41.0,0.0,415.0,125.0,3.0,0.0,61.0,119.0,0.0,7.0,137.0,466.0,0.0,0.0,51.0,0.0,0.0,41.0,65.0,189.0,103.0,45.0,0.0,29.0,85.0,0.0,73.0,0.0,129.0,31.0,103.0,316.0,119.0,85.0,97.0,93.0,388.0,109.0,75.0,123.0,400.0,0.0,141.0,0.0,0.0,9.0,11.0,69.0,69.0,0.0,0.0,343.0,43.0,73.0,121.0,439.0,155.0,0.0,0.0,5.0,193.0,45.0,93.0,385.0,41.0,99.0,85.0,23.0,0.0,87.0,67.0,51.0,55.0,159.0,89.0,0.0
97.0,67.0,403.0,101.0,133.0,39.0,91.0,0.0,0.0,0.0,0.0,0.0,17.0,77.0,0.0,61.0,0.0,532.0,87.0,159.0,73.0,95.0,25.0,0.0,0.0,47.0,183.0,161.0,11.0,57.0,99.0,0.0,23.0,0.0,51.0,77.0,376.0,9.0,45.0,135.0,99.0,9.0,145.0,0.0,0.0,0.0,59.0,157.0,0.0,0.0,379.0,0.0,0.0,0.0,496.0,0.0,85.0,0.0,0.0,51.0,19.0,0.0,442.0,0.0,0.0,0.0,43.0,43.0,0.0,0.0,131.0,91.0,0.0,0.0,49.0,11.0,89.0,89.0,77.0,478.0,19.0,400.0,418.0,0.0,0.0,0.0,0.0,0.0,21.0,0.0,0.0,0.0,0.0,21.0,11.0,9.0,0.0,325.0,0.0,103.0
0.0,101.0,0.0,0.0,0.0,0.0,0.0,0.0,11.0,0.0,0.0,0.0,0.0,0.0,0.0,61.0,0.0,23.0,91.0,316.0,331.0,0.0,0.0,0.0,457.0,0.0,0.0,0.0,0.0,0.0,0.0,0.0,0.0,0.0,0.0,0.0,0.0,87.0,49.0,0.0,0.0,0.0,0.0,0.0,0.0,0.0,0.0,0.0,0.0,0.0,0.0,0.0,0.0,0.0,0.0,0.0,0.0,0.0,111.0,0.0,0.0,0.0,89.0,0.0,0.0,0.0,0.0,0.0,0.0,0.0,0.0,0.0,0.0,19.0,0.0,0.0,0.0,0.0,0.0,0.0,0.0,0.0,0.0,0.0,0.0,0.0,0.0,111.0,0.0,0.0,0.0,0.0,0.0,0.0,0.0,13.0,0.0,151.0,0.0,39.0
125.0,153.0,123.0,153.0,117.0,13.0,65.0,47.0,107.0,75.0,31.0,63.0,514.0,45.0,17.0,191.0,15.0,95.0,79.0,163.0,33.0,51.0,125.0,0.0,115.0,5.0,93.0,129.0,181.0,141.0,87.0,81.0,61.0,63.0,117.0,0.0,161.0,55.0,0.0,0.0,91.0,181.0,29.0,9.0,99.0,0.0,111.0,75.0,93.0,129.0,135.0,107.0,109.0,37.0,23.0,169.0,105.0,73.0,7.0,167.0,39.0,364.0,11.0,0.0,53.0,13.0,15.0,31.0,35.0,89.0,0.0,41.0,0.0,43.0,75.0,179.0,161.0,0.0,31.0,61.0,415.0,97.0,388.0,397.0,7.0,460.0,35.0,73.0,427.0,5.0,370.0,69.0,3.0,117.0,412.0,93.0,29.0,39.0,385.0,0.0
121.0,0.0,0.0,0.0,0.0,129.0,0.0,101.0,81.0,0.0,0.0,0.0,0.0,0.0,0.0,0.0,81.0,0.0,0.0,43.0,11.0,0.0,0.0,0.0,0.0,0.0,0.0,133.0,0.0,0.0,0.0,0.0,0.0,67.0,65.0,0.0,0.0,0.0,0.0,0.0,37.0,0.0,0.0,27.0,181.0,0.0,0.0,0.0,0.0,0.0,0.0,0.0,0.0,73.0,0.0,0.0,0.0,7.0,0.0,0.0,0.0,45.0,0.0,0.0,0.0,0.0,105.0,121.0,0.0,0.0,0.0,0.0,0.0,115.0,41.0,0.0,0.0,0.0,0.0,0.0,0.0,0.0,0.0,59.0,0.0,93.0,133.0,0.0,0.0,0.0,0.0,0.0,0.0,0.0,0.0,0.0,0.0,0.0,0.0,0.0
0.0,0.0,0.0,0.0,0.0,0.0,0.0,0.0,0.0,0.0,0.0,0.0,0.0,0.0,0.0,0.0,0.0,0.0,0.0,145.0,0.0,0.0,0.0,0.0,0.0,93.0,0.0,0.0,0.0,0.0,0.0,0.0,0.0,0.0,0.0,47.0,0.0,0.0,195.0,298.0,0.0,17.0,0.0,37.0,0.0,0.0,61.0,75.0,0.0,0.0,0.0,0.0,0.0,0.0,0.0,0.0,0.0,0.0,0.0,0.0,0.0,0.0,0.0,0.0,0.0,81.0,0.0,0.0,0.0,0.0,0.0,191.0,0.0,0.0,0.0,0.0,137.0,121.0,0.0,0.0,43.0,125.0,0.0,0.0,0.0,0.0,0.0,0.0,0.0,0.0,0.0,0.0,0.0,0.0,53.0,85.0,286.0,0.0,21.0,0.0
0.0,5.0,13.0,63.0,53.0,111.0,135.0,81.0,99.0,93.0,47.0,57.0,139.0,0.0,0.0,75.0,149.0,75.0,89.0,39.0,47.0,151.0,0.0,41.0,9.0,0.0,0.0,161.0,15.0,57.0,433.0,35.0,19.0,37.0,59.0,0.0,463.0,65.0,0.0,0.0,77.0,131.0,0.0,85.0,39.0,177.0,75.0,364.0,57.0,117.0,75.0,77.0,37.0,99.0,61.0,65.0,418.0,185.0,135.0,109.0,91.0,5.0,97.0,127.0,53.0,73.0,67.0,17.0,161.0,31.0,23.0,21.0,195.0,27.0,117.0,123.0,35.0,69.0,57.0,37.0,169.0,89.0,117.0,0.0,39.0,35.0,163.0,99.0,137.0,159.0,127.0,41.0,25.0,43.0,119.0,37.0,75.0,81.0,436.0,51.0
0.0,469.0,81.0,0.0,0.0,367.0,149.0,0.0,0.0,47.0,0.0,63.0,0.0,0.0,0.0,0.0,0.0,113.0,0.0,0.0,0.0,0.0,0.0,0.0,161.0,97.0,49.0,0.0,0.0,0.0,0.0,0.0,69.0,0.0,51.0,0.0,119.0,0.0,75.0,0.0,0.0,0.0,0.0,73.0,61.0,43.0,0.0,195.0,67.0,35.0,0.0,0.0,0.0,51.0,21.0,0.0,97.0,37.0,0.0,61.0,49.0,167.0,0.0,77.0,77.0,0.0,0.0,0.0,0.0,127.0,123.0,9.0,51.0,141.0,91.0,0.0,45.0,0.0,29.0,21.0,69.0,0.0,99.0,0.0,39.0,0.0,107.0,0.0,0.0,0.0,0.0,0.0,21.0,73.0,0.0,0.0,0.0,0.0,0.0,29.0
9.0,47.0,0.0,394.0,280.0,0.0,7.0,31.0,7.0,373.0,55.0,25.0,0.0,418.0,131.0,127.0,149.0,57.0,189.0,85.0,121.0,379.0,65.0,93.0,25.0,63.0,59.0,55.0,79.0,97.0,91.0,0.0,191.0,0.0,123.0,19.0,0.0,0.0,0.0,117.0,0.0,91.0,27.0,149.0,47.0,81.0,61.0,35.0,69.0,75.0,29.0,400.0,0.0,0.0,81.0,139.0,89.0,67.0,75.0,0.0,47.0,61.0,147.0,69.0,0.0,9.0,105.0,35.0,0.0,0.0,107.0,0.0,0.0,89.0,69.0,0.0,75.0,125.0,0.0,67.0,0.0,47.0,0.0,83.0,51.0,65.0,5.0,99.0,23.0,0.0,0.0,139.0,179.0,0.0,63.0,161.0,143.0,0.0,15.0,7.0
125.0,101.0,45.0,35.0,17.0,47.0,109.0,97.0,171.0,149.0,155.0,79.0,53.0,109.0,0.0,43.0,197.0,81.0,145.0,5.0,65.0,55.0,23.0,63.0,107.0,29.0,493.0,394.0,57.0,143.0,31.0,67.0,141.0,41.0,37.0,57.0,394.0,31.0,23.0,97.0,145.0,0.0,45.0,382.0,103.0,15.0,0.0,41.0,0.0,135.0,15.0,93.0,29.0,139.0,145.0,77.0,79.0,17.0,163.0,9.0,7.0,87.0,397.0,69.0,143.0,75.0,197.0,63.0,95.0,139.0,93.0,65.0,37.0,89.0,131.0,119.0,11.0,31.0,328.0,0.0,89.0,526.0,85.0,33.0,17.0,39.0,39.0,75.0,79.0,0.0,135.0,310.0,71.0,181.0,0.0,105.0,0.0,57.0,103.0,137.0
0.0,0.0,73.0,0.0,0.0,0.0,0.0,0.0,415.0,87.0,23.0,0.0,0.0,23.0,0.0,75.0,5.0,0.0,0.0,0.0,81.0,0.0,0.0,0.0,17.0,0.0,93.0,0.0,0.0,65.0,0.0,0.0,0.0,0.0,25.0,0.0,0.0,0.0,0.0,0.0,0.0,179.0,0.0,0.0,0.0,0.0,0.0,0.0,87.0,71.0,0.0,0.0,137.0,409.0,0.0,0.0,0.0,95.0,0.0,0.0,39.0,0.0,0.0,0.0,0.0,0.0,0.0,0.0,0.0,65.0,139.0,0.0,0.0,0.0,268.0,15.0,0.0,0.0,0.0,165.0,0.0,0.0,0.0,29.0,143.0,0.0,0.0,0.0,0.0,0.0,0.0,0.0,31.0,340.0,0.0,0.0,0.0,0.0,133.0,71.0
0.0,31.0,0.0,0.0,0.0,89.0,0.0,0.0,0.0,0.0,0.0,0.0,0.0,0.0,0.0,93.0,0.0,0.0,0.0,0.0,0.0,0.0,0.0,0.0,0.0,0.0,0.0,0.0,141.0,109.0,0.0,0.0,0.0,0.0,0.0,0.0,0.0,0.0,442.0,137.0,0.0,0.0,0.0,0.0,0.0,0.0,0.0,0.0,0.0,0.0,0.0,0.0,0.0,0.0,0.0,0.0,0.0,0.0,0.0,0.0,0.0,0.0,0.0,0.0,0.0,0.0,0.0,0.0,0.0,0.0,0.0,0.0,47.0,0.0,0.0,0.0,23.0,0.0,0.0,0.0,0.0,0.0,0.0,0.0,0.0,0.0,0.0,87.0,0.0,0.0,0.0,0.0,0.0,0.0,0.0,149.0,508.0,0.0,0.0,0.0
55.0,85.0,181.0,139.0,45.0,0.0,49.0,101.0,67.0,63.0,147.0,145.0,57.0,0.0,0.0,121.0,77.0,145.0,0.0,25.0,145.0,83.0,13.0,17.0,0.0,406.0,145.0,169.0,0.0,0.0,301.0,57.0,0.0,0.0,35.0,61.0,87.0,87.0,0.0,115.0,145.0,37.0,105.0,91.0,0.0,199.0,0.0,47.0,0.0,0.0,97.0,265.0,343.0,0.0,27.0,103.0,328.0,0.0,43.0,51.0,55.0,0.0,65.0,67.0,143.0,41.0,65.0,7.0,13.0,0.0,113.0,0.0,107.0,119.0,29.0,155.0,107.0,19.0,0.0,0.0,95.0,65.0,87.0,0.0,25.0,0.0,25.0,87.0,141.0,0.0,37.0,143.0,81.0,97.0,117.0,159.0,107.0,0.0,87.0,0.0
0.0,0.0,135.0,0.0,0.0,41.0,0.0,358.0,0.0,97.0,0.0,79.0,0.0,0.0,0.0,71.0,157.0,0.0,0.0,0.0,0.0,41.0,127.0,0.0,0.0,0.0,0.0,0.0,0.0,445.0,0.0,119.0,0.0,286.0,0.0,61.0,141.0,133.0,0.0,15.0,0.0,75.0,0.0,0.0,0.0,0.0,0.0,0.0,0.0,0.0,0.0,77.0,0.0,77.0,0.0,0.0,0.0,37.0,0.0,0.0,0.0,0.0,0.0,0.0,155.0,0.0,0.0,0.0,0.0,0.0,0.0,45.0,0.0,0.0,83.0,119.0,0.0,277.0,0.0,0.0,39.0,95.0,0.0,0.0,41.0,0.0,141.0,0.0,526.0,67.0,0.0,496.0,11.0,0.0,0.0,0.0,0.0,119.0,43.0,0.0
0.0,0.0,0.0,0.0,496.0,55.0,0.0,39.0,0.0,143.0,85.0,0.0,0.0,21.0,23.0,0.0,0.0,175.0,103.0,69.0,73.0,0.0,81.0,0.0,0.0,0.0,191.0,0.0,0.0,0.0,99.0,0.0,0.0,0.0,51.0,0.0,161.0,0.0,0.0,0.0,0.0,15.0,43.0,85.0,0.0,0.0,0.0,53.0,0.0,0.0,29.0,0.0,0.0,0.0,0.0,0.0,0.0,0.0,0.0,0.0,301.0,21.0,0.0,0.0,0.0,89.0,0.0,37.0,0.0,15.0,109.0,0.0,0.0,21.0,0.0,105.0,0.0,0.0,0.0,0.0,0.0,0.0,0.0,0.0,0.0,0.0,0.0,0.0,0.0,0.0,0.0,27.0,0.0,0.0,0.0,0.0,0.0,0.0,0.0,0.0
0.0,0.0,0.0,0.0,0.0,107.0,0.0,0.0,0.0,143.0,0.0,0.0,0.0,35.0,0.0,0.0,31.0,61.0,0.0,91.0,0.0,0.0,0.0,0.0,0.0,0.0,167.0,91.0,0.0,0.0,113.0,0.0,0.0,0.0,53.0,0.0,0.0,0.0,95.0,0.0,0.0,67.0,0.0,0.0,0.0,0.0,0.0,0.0,0.0,91.0,0.0,0.0,27.0,0.0,0.0,0.0,0.0,87.0,0.0,0.0,0.0,0.0,0.0,35.0,41.0,0.0,79.0,0.0,0.0,0.0,0.0,0.0,0.0,0.0,0.0,0.0,107.0,0.0,0.0,0.0,0.0,0.0,67.0,0.0,135.0,93.0,0.0,0.0,11.0,0.0,3.0,0.0,0.0,0.0,0.0,0.0,0.0,0.0,0.0,81.0
65.0,0.0,67.0,197.0,55.0,73.0,39.0,139.0,95.0,5.0,83.0,0.0,0.0,97.0,33.0,173.0,0.0,0.0,328.0,103.0,159.0,361.0,133.0,55.0,0.0,31.0,137.0,71.0,83.0,67.0,0.0,63.0,161.0,17.0,0.0,133.0,39.0,0.0,0.0,376.0,55.0,69.0,97.0,532.0,47.0,445.0,63.0,0.0,0.0,111.0,5.0,87.0,125.0,79.0,43.0,0.0,475.0,0.0,45.0,133.0,89.0,73.0,135.0,189.0,67.0,79.0,77.0,63.0,361.0,163.0,139.0,427.0,39.0,111.0,111.0,33.0,47.0,79.0,385.0,33.0,69.0,147.0,97.0,0.0,59.0,41.0,131.0,5.0,69.0,427.0,63.0,111.0,31.0,526.0,73.0,520.0,53.0,0.0,424.0,183.0
0.0,0.0,0.0,0.0,0.0,0.0,0.0,0.0,107.0,0.0,0.0,67.0,157.0,0.0,0.0,0.0,0.0,135.0,0.0,0.0,0.0,0.0,0.0,0.0,0.0,0.0,0.0,41.0,31.0,0.0,0.0,47.0,57.0,0.0,23.0,0.0,0.0,0.0,0.0,0.0,0.0,0.0,0.0,0.0,0.0,0.0,163.0,0.0,0.0,0.0,0.0,0.0,0.0,337.0,0.0,0.0,0.0,0.0,0.0,0.0,0.0,0.0,0.0,69.0,0.0,0.0,111.0,0.0,0.0,0.0,0.0,0.0,0.0,0.0,0.0,119.0,0.0,0.0,0.0,0.0,0.0,0.0,0.0,0.0,103.0,0.0,0.0,0.0,0.0,0.0,0.0,0.0,0.0,0.0,3.0,0.0,0.0,197.0,0.0,31.0
0.0,165.0,0.0,0.0,0.0,0.0,0.0,55.0,0.0,0.0,379.0,0.0,0.0,0.0,0.0,0.0,0.0,0.0,0.0,17.0,0.0,0.0,0.0,0.0,0.0,0.0,0.0,0.0,0.0,0.0,39.0,0.0,0.0,0.0,123.0,0.0,0.0,33.0,340.0,0.0,0.0,0.0,0.0,0.0,0.0,0.0,0.0,0.0,0.0,0.0,0.0,0.0,0.0,0.0,0.0,125.0,0.0,0.0,0.0,0.0,0.0,0.0,0.0,0.0,0.0,93.0,0.0,0.0,277.0,0.0,67.0,508.0,0.0,0.0,0.0,0.0,0.0,0.0,400.0,0.0,0.0,0.0,0.0,0.0,91.0,0.0,107.0,0.0,0.0,0.0,0.0,0.0,0.0,0.0,0.0,0.0,63.0,0.0,337.0,0.0
0.0,0.0,0.0,0.0,0.0,0.0,181.0,0.0,71.0,0.0,0.0,0.0,0.0,181.0,0.0,0.0,109.0,0.0,0.0,0.0,0.0,0.0,81.0,0.0,0.0,91.0,0.0,0.0,67.0,55.0,0.0,0.0,0.0,0.0,0.0,0.0,0.0,0.0,129.0,0.0,0.0,13.0,15.0,0.0,0.0,0.0,0.0,0.0,45.0,0.0,49.0,0.0,0.0,59.0,0.0,0.0,11.0,0.0,0.0,0.0,0.0,11.0,57.0,373.0,0.0,0.0,0.0,0.0,77.0,39.0,0.0,0.0,109.0,0.0,406.0,0.0,0.0,0.0,67.0,0.0,89.0,0.0,0.0,109.0,199.0,0.0,0.0,67.0,0.0,17.0,0.0,0.0,0.0,0.0,47.0,0.0,69.0,0.0,135.0,0.0
0.0,89.0,69.0,406.0,67.0,199.0,69.0,149.0,81.0,346.0,155.0,43.0,161.0,107.0,197.0,53.0,5.0,121.0,165.0,0.0,23.0,111.0,55.0,55.0,85.0,53.0,69.0,349.0,115.0,31.0,313.0,43.0,119.0,481.0,75.0,101.0,0.0,0.0,95.0,163.0,7.0,109.0,352.0,0.0,0.0,45.0,59.0,0.0,0.0,163.0,97.0,415.0,0.0,117.0,35.0,331.0,155.0,137.0,71.0,0.0,11.0,15.0,95.0,13.0,23.0,39.0,27.0,185.0,25.0,379.0,111.0,0.0,0.0,499.0,177.0,33.0,131.0,173.0,19.0,382.0,319.0,89.0,31.0,171.0,29.0,19.0,17.0,19.0,43.0,125.0,39.0,25.0,508.0,145.0,454.0,31.0,13.0,43.0,11.0,9.0
83.0,49.0,43.0,167.0,21.0,129.0,57.0,147.0,57.0,137.0,67.0,27.0,49.0,373.0,129.0,298.0,388.0,334.0,103.0,49.0,181.0,117.0,0.0,0.0,325.0,310.0,29.0,69.0,3.0,13.0,93.0,17.0,79.0,57.0,85.0,89.0,165.0,155.0,31.0,97.0,175.0,51.0,385.0,15.0,21.0,89.0,25.0,51.0,45.0,7.0,167.0,11.0,0.0,0.0,87.0,139.0,53.0,147.0,0.0,97.0,3.0,0.0,0.0,0.0,87.0,475.0,0.0,107.0,137.0,63.0,55.0,0.0,45.0,131.0,53.0,163.0,0.0,81.0,75.0,179.0,364.0,35.0,0.0,11.0,77.0,163.0,45.0,292.0,9.0,101.0,51.0,87.0,334.0,155.0,9.0,463.0,0.0,75.0,87.0,0.0
95.0,0.0,73.0,0.0,63.0,421.0,83.0,280.0,39.0,0.0,0.0,403.0,93.0,61.0,121.0,31.0,51.0,119.0,117.0,113.0,15.0,0.0,75.0,71.0,9.0,17.0,121.0,0.0,95.0,9.0,0.0,0.0,101.0,463.0,85.0,15.0,49.0,125.0,0.0,0.0,337.0,59.0,29.0,0.0,0.0,139.0,111.0,127.0,9.0,19.0,0.0,0.0,0.0,13.0,0.0,43.0,31.0,0.0,0.0,487.0,79.0,0.0,25.0,0.0,0.0,121.0,27.0,0.0,7.0,193.0,77.0,57.0,0.0,487.0,0.0,0.0,0.0,99.0,161.0,119.0,0.0,23.0,9.0,49.0,457.0,121.0,0.0,185.0,0.0,41.0,111.0,5.0,33.0,0.0,0.0,0.0,0.0,99.0,0.0,0.0
0.0,9.0,0.0,0.0,61.0,0.0,31.0,61.0,0.0,0.0,85.0,115.0,0.0,25.0,9.0,113.0,3.0,101.0,0.0,137.0,0.0,107.0,115.0,0.0,0.0,0.0,0.0,0.0,67.0,0.0,0.0,75.0,113.0,0.0,125.0,159.0,0.0,0.0,0.0,0.0,0.0,0.0,0.0,0.0,0.0,0.0,0.0,0.0,0.0,0.0,0.0,43.0,0.0,0.0,57.0,0.0,63.0,0.0,0.0,25.0,61.0,337.0,63.0,0.0,143.0,0.0,39.0,0.0,41.0,135.0,0.0,17.0,0.0,400.0,67.0,0.0,0.0,65.0,0.0,105.0,135.0,51.0,135.0,0.0,167.0,0.0,135.0,49.0,105.0,0.0,0.0,73.0,77.0,0.0,0.0,15.0,0.0,0.0,0.0,87.0
0.0,0.0,0.0,157.0,0.0,0.0,0.0,0.0,101.0,23.0,57.0,93.0,17.0,65.0,0.0,87.0,0.0,37.0,0.0,469.0,17.0,107.0,0.0,484.0,77.0,0.0,0.0,0.0,0.0,71.0,61.0,451.0,253.0,121.0,143.0,397.0,153.0,11.0,101.0,0.0,29.0,47.0,0.0,0.0,17.0,41.0,0.0,0.0,157.0,0.0,11.0,101.0,0.0,0.0,0.0,25.0,0.0,29.0,93.0,397.0,0.0,0.0,77.0,35.0,159.0,77.0,0.0,65.0,149.0,0.0,53.0,141.0,0.0,0.0,0.0,81.0,103.0,23.0,0.0,0.0,0.0,0.0,265.0,0.0,0.0,0.0,7.0,0.0,0.0,0.0,0.0,0.0,85.0,0.0,0.0,193.0,0.0,45.0,0.0,0.0
29.0,67.0,119.0,19.0,17.0,0.0,45.0,165.0,53.0,33.0,0.0,45.0,191.0,11.0,39.0,95.0,49.0,43.0,83.0,53.0,5.0,460.0,67.0,27.0,0.0,93.0,3.0,103.0,81.0,133.0,103.0,165.0,0.0,75.0,59.0,79.0,19.0,115.0,29.0,157.0,5.0,97.0,169.0,0.0,85.0,39.0,67.0,337.0,21.0,5.0,189.0,0.0,424.0,81.0,45.0,157.0,415.0,0.0,391.0,75.0,173.0,101.0,53.0,3.0,0.0,117.0,107.0,57.0,0.0,47.0,101.0,9.0,133.0,57.0,61.0,25.0,127.0,53.0,111.0,87.0,101.0,352.0,13.0,0.0,0.0,0.0,105.0,71.0,448.0,53.0,37.0,304.0,13.0,77.0,125.0,0.0,99.0,0.0,11.0,79.0
0.0,0.0,0.0,87.0,0.0,0.0,0.0,0.0,0.0,0.0,0.0,0.0,0.0,0.0,0.0,0.0,0.0,0.0,0.0,0.0,0.0,0.0,175.0,0.0,0.0,0.0,0.0,0.0,0.0,107.0,0.0,0.0,0.0,0.0,0.0,81.0,0.0,99.0,25.0,65.0,0.0,0.0,23.0,0.0,0.0,27.0,0.0,0.0,0.0,0.0,0.0,0.0,0.0,157.0,0.0,41.0,0.0,95.0,0.0,85.0,0.0,0.0,0.0,0.0,0.0,0.0,0.0,0.0,0.0,0.0,0.0,0.0,388.0,67.0,0.0,57.0,21.0,0.0,55.0,3.0,0.0,0.0,0.0,0.0,0.0,0.0,77.0,280.0,0.0,0.0,0.0,0.0,0.0,0.0,0.0,149.0,0.0,0.0,331.0,0.0
0.0,0.0,0.0,0.0,0.0,0.0,0.0,0.0,0.0,0.0,0.0,0.0,0.0,0.0,0.0,0.0,0.0,0.0,0.0,115.0,0.0,0.0,0.0,0.0,0.0,0.0,0.0,0.0,0.0,0.0,0.0,0.0,0.0,0.0,73.0,15.0,0.0,0.0,17.0,361.0,0.0,0.0,0.0,0.0,0.0,0.0,0.0,0.0,0.0,0.0,0.0,0.0,0.0,0.0,0.0,115.0,0.0,0.0,0.0,0.0,0.0,0.0,0.0,0.0,0.0,0.0,17.0,55.0,0.0,0.0,0.0,0.0,0.0,0.0,0.0,0.0,0.0,0.0,0.0,0.0,0.0,93.0,101.0,0.0,0.0,0.0,0.0,0.0,0.0,103.0,0.0,0.0,0.0,0.0,0.0,0.0,25.0,95.0,0.0,0.0
127.0,89.0,0.0,65.0,29.0,159.0,27.0,129.0,7.0,526.0,105.0,161.0,175.0,141.0,0.0,15.0,129.0,57.0,451.0,35.0,91.0,67.0,101.0,87.0,0.0,0.0,49.0,0.0,121.0,195.0,11.0,65.0,139.0,79.0,0.0,43.0,442.0,51.0,79.0,0.0,15.0,115.0,183.0,49.0,460.0,99.0,0.0,121.0,15.0,21.0,123.0,93.0,403.0,39.0,41.0,113.0,109.0,67.0,385.0,59.0,0.0,121.0,137.0,0.0,33.0,67.0,65.0,93.0,89.0,101.0,163.0,31.0,105.0,109.0,352.0,81.0,469.0,111.0,45.0,79.0,87.0,105.0,177.0,310.0,460.0,143.0,47.0,103.0,35.0,101.0,37.0,83.0,436.0,37.0,502.0,436.0,113.0,65.0,145.0,55.0
0.0,0.0,0.0,11.0,85.0,61.0,0.0,400.0,41.0,364.0,0.0,81.0,109.0,27.0,93.0,0.0,0.0,0.0,0.0,0.0,0.0,0.0,0.0,0.0,0.0,51.0,0.0,0.0,77.0,135.0,424.0,17.0,0.0,0.0,67.0,0.0,5.0,17.0,15.0,0.0,0.0,0.0,0.0,0.0,0.0,0.0,0.0,0.0,141.0,0.0,0.0,0.0,17.0,0.0,0.0,83.0,0.0,0.0,31.0,0.0,0.0,0.0,163.0,0.0,95.0,0.0,0.0,0.0,0.0,101.0,79.0,0.0,61.0,91.0,95.0,43.0,0.0,0.0,0.0,0.0,0.0,61.0,0.0,0.0,0.0,79.0,19.0,0.0,0.0,0.0,0.0,0.0,343.0,27.0,0.0,463.0,0.0,79.0,81.0,63.0
37.0,159.0,111.0,0.0,99.0,63.0,27.0,0.0,17.0,167.0,61.0,0.0,340.0,59.0,101.0,107.0,45.0,131.0,85.0,63.0,0.0,61.0,37.0,0.0,139.0,109.0,97.0,451.0,538.0,107.0,103.0,71.0,35.0,73.0,119.0,0.0,433.0,436.0,129.0,0.0,0.0,79.0,31.0,19.0,33.0,37.0,295.0,11.0,0.0,89.0,0.0,0.0,63.0,0.0,0.0,53.0,83.0,85.0,73.0,85.0,55.0,0.0,0.0,39.0,73.0,83.0,187.0,51.0,502.0,89.0,125.0,59.0,85.0,51.0,367.0,0.0,77.0,0.0,0.0,0.0,71.0,27.0,11.0,295.0,65.0,143.0,55.0,15.0,0.0,67.0,0.0,9.0,541.0,121.0,39.0,85.0,107.0,51.0,155.0,13.0
0.0,51.0,173.0,31.0,35.0,81.0,57.0,55.0,187.0,59.0,0.0,0.0,0.0,135.0,0.0,163.0,0.0,119.0,97.0,17.0,0.0,23.0,47.0,0.0,9.0,11.0,57.0,101.0,0.0,95.0,141.0,95.0,5.0,47.0,29.0,67.0,29.0,0.0,469.0,133.0,334.0,65.0,0.0,129.0,418.0,43.0,21.0,143.0,23.0,13.0,113.0,75.0,83.0,0.0,0.0,0.0,451.0,191.0,169.0,157.0,31.0,0.0,301.0,0.0,436.0,403.0,33.0,131.0,107.0,334.0,93.0,0.0,463.0,346.0,79.0,490.0,73.0,145.0,25.0,107.0,89.0,0.0,129.0,0.0,143.0,71.0,87.0,79.0,113.0,67.0,73.0,0.0,0.0,0.0,0.0,139.0,97.0,5.0,69.0,195.0
81.0,65.0,199.0,157.0,39.0,55.0,119.0,47.0,11.0,43.0,29.0,57.0,139.0,111.0,101.0,159.0,175.0,65.0,41.0,9.0,95.0,95.0,129.0,25.0,129.0,87.0,103.0,0.0,133.0,139.0,73.0,81.0,65.0,55.0,41.0,7.0,35.0,0.0,47.0,31.0,23.0,89.0,41.0,71.0,17.0,73.0,165.0,349.0,39.0,43.0,39.0,29.0,131.0,151.0,163.0,79.0,73.0,37.0,73.0,67.0,19.0,135.0,49.0,0.0,0.0,47.0,123.0,179.0,29.0,13.0,0.0,0.0,135.0,400.0,421.0,27.0,31.0,364.0,0.0,67.0,109.0,19.0,65.0,35.0,91.0,171.0,0.0,121.0,55.0,514.0,61.0,171.0,0.0,131.0,55.0,115.0,15.0,145.0,163.0,105.0
0.0,0.0,0.0,35.0,0.0,0.0,0.0,75.0,0.0,0.0,51.0,0.0,29.0,63.0,0.0,0.0,117.0,0.0,0.0,0.0,0.0,0.0,0.0,0.0,0.0,0.0,0.0,0.0,0.0,0.0,0.0,0.0,0.0,0.0,5.0,0.0,0.0,0.0,43.0,0.0,127.0,0.0,23.0,0.0,0.0,0.0,0.0,0.0,0.0,69.0,0.0,0.0,0.0,0.0,0.0,0.0,0.0,0.0,0.0,0.0,0.0,0.0,0.0,0.0,0.0,0.0,0.0,0.0,0.0,135.0,0.0,0.0,0.0,0.0,105.0,0.0,0.0,0.0,0.0,191.0,135.0,0.0,0.0,0.0,0.0,0.0,41.0,418.0,0.0,65.0,0.0,47.0,35.0,65.0,105.0,0.0,0.0,0.0,0.0,0.0
0.0,15.0,89.0,0.0,0.0,75.0,0.0,151.0,47.0,0.0,0.0,81.0,125.0,0.0,0.0,0.0,0.0,0.0,77.0,0.0,0.0,127.0,0.0,83.0,83.0,0.0,35.0,83.0,0.0,0.0,79.0,143.0,17.0,97.0,0.0,0.0,9.0,73.0,57.0,137.0,61.0,0.0,73.0,39.0,93.0,0.0,0.0,0.0,0.0,119.0,0.0,53.0,23.0,0.0,97.0,0.0,0.0,0.0,137.0,0.0,0.0,0.0,153.0,79.0,0.0,0.0,0.0,0.0,183.0,0.0,55.0,0.0,7.0,113.0,0.0,0.0,69.0,3.0,19.0,9.0,19.0,71.0,0.0,39.0,17.0,85.0,376.0,0.0,0.0,55.0,105.0,0.0,0.0,7.0,0.0,19.0,61.0,0.0,469.0,481.0
0.0,77.0,127.0,469.0,0.0,29.0,69.0,337.0,0.0,67.0,0.0,65.0,109.0,454.0,63.0,145.0,49.0,0.0,0.0,0.0,0.0,505.0,95.0,0.0,77.0,0.0,17.0,47.0,71.0,177.0,0.0,69.0,31.0,131.0,33.0,57.0,9.0,0.0,0.0,79.0,55.0,45.0,135.0,0.0,69.0,0.0,35.0,97.0,195.0,95.0,0.0,0.0,0.0,0.0,117.0,35.0,25.0,105.0,0.0,177.0,376.0,19.0,151.0,39.0,0.0,133.0,0.0,0.0,187.0,101.0,97.0,19.0,0.0,15.0,0.0,0.0,77.0,67.0,139.0,125.0,298.0,121.0,0.0,0.0,418.0,0.0,0.0,29.0,424.0,171.0,129.0,0.0,13.0,0.0,0.0,421.0,0.0,364.0,7.0,0.0
133.0,53.0,25.0,328.0,388.0,343.0,478.0,179.0,111.0,93.0,97.0,41.0,5.0,307.0,81.0,173.0,49.0,147.0,57.0,5.0,81.0,0.0,181.0,55.0,0.0,31.0,49.0,57.0,131.0,385.0,39.0,63.0,103.0,101.0,129.0,400.0,53.0,21.0,95.0,137.0,9.0,367.0,9.0,17.0,83.0,5.0,0.0,73.0,77.0,61.0,63.0,63.0,103.0,3.0,91.0,451.0,129.0,165.0,137.0,55.0,262.0,131.0,87.0,55.0,117.0,87.0,135.0,63.0,0.0,63.0,0.0,139.0,53.0,45.0,95.0,55.0,11.0,23.0,55.0,11.0,83.0,23.0,403.0,7.0,95.0,15.0,33.0,43.0,101.0,109.0,131.0,27.0,67.0,197.0,49.0,448.0,45.0,21.0,23.0,161.0
187.0,113.0,454.0,9.0,313.0,65.0,13.0,99.0,183.0,49.0,55.0,81.0,115.0,47.0,107.0,89.0,39.0,31.0,43.0,75.0,83.0,39.0,89.0,71.0,0.0,47.0,89.0,61.0,301.0,19.0,11.0,478.0,448.0,41.0,457.0,51.0,9.0,91.0,23.0,141.0,115.0,41.0,355.0,181.0,37.0,143.0,143.0,23.0,307.0,29.0,0.0,39.0,65.0,127.0,165.0,85.0,0.0,73.0,67.0,145.0,51.0,187.0,319.0,0.0,51.0,53.0,3.0,69.0,17.0,0.0,117.0,79.0,75.0,0.0,45.0,424.0,61.0,334.0,119.0,91.0,131.0,107.0,97.0,173.0,45.0,67.0,95.0,466.0,37.0,51.0,19.0,181.0,57.0,49.0,0.0,21.0,109.0,47.0,149.0,125.0
0.0,17.0,63.0,0.0,0.0,31.0,526.0,47.0,59.0,0.0,0.0,367.0,69.0,87.0,43.0,97.0,95.0,21.0,451.0,119.0,0.0,0.0,0.0,93.0,83.0,27.0,0.0,418.0,0.0,0.0,51.0,49.0,135.0,25.0,97.0,49.0,5.0,376.0,53.0,0.0,0.0,0.0,111.0,31.0,0.0,29.0,0.0,125.0,55.0,0.0,97.0,517.0,0.0,65.0,0.0,9.0,129.0,0.0,0.0,33.0,0.0,77.0,0.0,45.0,0.0,0.0,0.0,85.0,133.0,65.0,0.0,153.0,97.0,25.0,538.0,167.0,0.0,63.0,19.0,0.0,47.0,189.0,0.0,45.0,0.0,171.0,9.0,169.0,0.0,511.0,0.0,9.0,41.0,475.0,125.0,0.0,61.0,63.0,33.0,0.0
0.0,43.0,0.0,0.0,0.0,0.0,0.0,0.0,0.0,0.0,65.0,0.0,93.0,0.0,0.0,125.0,0.0,0.0,0.0,0.0,103.0,0.0,0.0,406.0,75.0,55.0,23.0,0.0,0.0,107.0,0.0,0.0,0.0,0.0,0.0,0.0,0.0,0.0,460.0,0.0,0.0,0.0,37.0,0.0,0.0,0.0,11.0,91.0,45.0,0.0,149.0,25.0,0.0,0.0,403.0,0.0,77.0,0.0,0.0,0.0,469.0,0.0,0.0,0.0,51.0,61.0,0.0,0.0,0.0,0.0,0.0,0.0,0.0,0.0,105.0,73.0,340.0,43.0,137.0,0.0,0.0,125.0,57.0,0.0,37.0,0.0,47.0,0.0,0.0,0.0,0.0,89.0,0.0,0.0,0.0,0.0,0.0,0.0,0.0,0.0
0.0,0.0,87.0,123.0,91.0,0.0,0.0,0.0,0.0,0.0,0.0,436.0,0.0,0.0,145.0,81.0,0.0,27.0,0.0,0.0,115.0,0.0,0.0,0.0,0.0,57.0,0.0,61.0,0.0,0.0,406.0,0.0,73.0,0.0,0.0,115.0,0.0,23.0,0.0,0.0,0.0,0.0,5.0,373.0,0.0,21.0,0.0,27.0,25.0,0.0,0.0,145.0,23.0,0.0,0.0,23.0,391.0,0.0,87.0,0.0,0.0,0.0,0.0,0.0,0.0,0.0,0.0,0.0,97.0,81.0,0.0,0.0,0.0,169.0,0.0,322.0,37.0,5.0,0.0,0.0,185.0,91.0,0.0,71.0,17.0,11.0,93.0,0.0,123.0,0.0,3.0,0.0,7.0,53.0,0.0,89.0,91.0,65.0,67.0,463.0
99.0,35.0,0.0,0.0,3.0,0.0,0.0,0.0,0.0,0.0,0.0,0.0,57.0,0.0,11.0,5.0,79.0,0.0,0.0,191.0,430.0,35.0,457.0,0.0,49.0,0.0,0.0,0.0,0.0,0.0,0.0,65.0,29.0,0.0,0.0,119.0,0.0,481.0,0.0,0.0,0.0,0.0,77.0,0.0,0.0,328.0,0.0,15.0,105.0,352.0,67.0,514.0,29.0,77.0,25.0,0.0,0.0,0.0,0.0,7.0,83.0,79.0,367.0,0.0,9.0,0.0,117.0,0.0,0.0,0.0,105.0,0.0,0.0,0.0,0.0,41.0,0.0,0.0,0.0,61.0,25.0,0.0,83.0,0.0,87.0,111.0,85.0,71.0,109.0,0.0,0.0,0.0,85.0,0.0,0.0,0.0,0.0,502.0,0.0,125.0
29.0,139.0,95.0,529.0,85.0,113.0,143.0,0.0,81.0,65.0,5.0,147.0,111.0,107.0,113.0,161.0,43.0,129.0,175.0,35.0,131.0,0.0,59.0,169.0,286.0,63.0,27.0,113.0,0.0,448.0,103.0,388.0,125.0,81.0,29.0,53.0,111.0,499.0,61.0,69.0,61.0,0.0,147.0,35.0,0.0,0.0,73.0,131.0,79.0,137.0,79.0,155.0,0.0,81.0,87.0,13.0,39.0,149.0,51.0,430.0,0.0,370.0,95.0,394.0,43.0,123.0,0.0,175.0,87.0,141.0,85.0,487.0,51.0,107.0,0.0,73.0,77.0,0.0,31.0,139.0,65.0,3.0,141.0,0.0,29.0,51.0,343.0,13.0,412.0,101.0,13.0,175.0,5.0,19.0,35.0,0.0,99.0,3.0,39.0,19.0
69.0,430.0,433.0,0.0,49.0,0.0,95.0,137.0,47.0,143.0,171.0,41.0,79.0,23.0,65.0,23.0,0.0,75.0,0.0,81.0,141.0,0.0,340.0,109.0,149.0,163.0,19.0,0.0,346.0,0.0,3.0,113.0,181.0,23.0,0.0,29.0,19.0,0.0,19.0,95.0,81.0,0.0,41.0,113.0,65.0,0.0,153.0,442.0,256.0,77.0,77.0,0.0,358.0,37.0,69.0,135.0,65.0,85.0,67.0,0.0,27.0,97.0,87.0,0.0,47.0,193.0,139.0,337.0,65.0,115.0,27.0,57.0,0.0,31.0,451.0,0.0,71.0,55.0,43.0,15.0,391.0,331.0,69.0,0.0,43.0,0.0,131.0,49.0,21.0,85.0,15.0,0.0,7.0,139.0,91.0,61.0,0.0,352.0,57.0,0.0
69.0,19.0,0.0,0.0,0.0,0.0,21.0,69.0,79.0,71.0,0.0,0.0,53.0,23.0,0.0,157.0,13.0,0.0,103.0,0.0,0.0,15.0,0.0,0.0,77.0,107.0,81.0,17.0,7.0,409.0,77.0,39.0,17.0,141.0,35.0,123.0,67.0,47.0,0.0,65.0,153.0,83.0,87.0,33.0,0.0,37.0,113.0,115.0,23.0,0.0,0.0,0.0,0.0,0.0,421.0,0.0,0.0,349.0,0.0,91.0,135.0,0.0,29.0,117.0,0.0,0.0,121.0,89.0,0.0,31.0,79.0,424.0,0.0,59.0,35.0,0.0,0.0,0.0,197.0,7.0,101.0,171.0,51.0,0.0,13.0,0.0,131.0,0.0,0.0,0.0,17.0,67.0,0.0,0.0,59.0,0.0,71.0,153.0,0.0,0.0
159.0,115.0,418.0,403.0,0.0,0.0,135.0,265.0,13.0,87.0,256.0,33.0,0.0,65.0,15.0,0.0,103.0,107.0,87.0,79.0,119.0,93.0,0.0,0.0,145.0,75.0,73.0,35.0,105.0,147.0,61.0,191.0,19.0,9.0,0.0,109.0,93.0,496.0,7.0,7.0,35.0,397.0,43.0,21.0,71.0,151.0,145.0,27.0,0.0,157.0,95.0,147.0,123.0,23.0,129.0,316.0,460.0,0.0,107.0,153.0,0.0,33.0,0.0,27.0,29.0,113.0,27.0,87.0,133.0,0.0,191.0,442.0,5.0,0.0,0.0,101.0,487.0,0.0,19.0,0.0,0.0,487.0,17.0,0.0,17.0,0.0,89.0,331.0,490.0,0.0,17.0,57.0,185.0,0.0,0.0,0.0,0.0,0.0,478.0,45.0
0.0,0.0,0.0,0.0,0.0,0.0,0.0,35.0,0.0,0.0,0.0,55.0,63.0,0.0,0.0,169.0,77.0,0.0,0.0,3.0,0.0,0.0,0.0,0.0,0.0,0.0,0.0,41.0,0.0,137.0,43.0,0.0,298.0,0.0,0.0,0.0,33.0,0.0,0.0,107.0,397.0,0.0,0.0,17.0,0.0,0.0,69.0,31.0,0.0,0.0,127.0,165.0,0.0,0.0,0.0,155.0,0.0,0.0,0.0,0.0,0.0,0.0,0.0,0.0,0.0,103.0,45.0,53.0,0.0,175.0,0.0,59.0,0.0,85.0,57.0,0.0,0.0,0.0,0.0,0.0,33.0,0.0,0.0,0.0,298.0,73.0,0.0,0.0,0.0,157.0,0.0,113.0,0.0,0.0,0.0,0.0,31.0,83.0,0.0,33.0
0.0,75.0,0.0,0.0,0.0,0.0,0.0,0.0,0.0,97.0,0.0,0.0,0.0,0.0,0.0,0.0,0.0,5.0,0.0,0.0,71.0,0.0,45.0,165.0,0.0,63.0,43.0,49.0,0.0,0.0,3.0,119.0,0.0,115.0,0.0,3.0,0.0,0.0,11.0,0.0,0.0,0.0,0.0,0.0,0.0,67.0,0.0,0.0,0.0,0.0,0.0,0.0,0.0,0.0,0.0,0.0,181.0,0.0,71.0,0.0,0.0,0.0,325.0,0.0,0.0,45.0,529.0,0.0,0.0,0.0,131.0,0.0,0.0,91.0,0.0,75.0,0.0,0.0,0.0,0.0,0.0,0.0,0.0,0.0,0.0,0.0,0.0,0.0,31.0,29.0,55.0,0.0,0.0,63.0,0.0,147.0,55.0,0.0,0.0,0.0
0.0,17.0,17.0,0.0,51.0,0.0,107.0,73.0,0.0,0.0,409.0,27.0,145.0,0.0,21.0,0.0,0.0,0.0,71.0,121.0,0.0,0.0,0.0,0.0,0.0,0.0,15.0,397.0,97.0,0.0,33.0,0.0,67.0,43.0,85.0,89.0,109.0,107.0,0.0,0.0,0.0,103.0,7.0,39.0,109.0,0.0,7.0,35.0,131.0,111.0,17.0,0.0,370.0,129.0,0.0,0.0,0.0,0.0,83.0,3.0,43.0,0.0,71.0,137.0,129.0,0.0,0.0,0.0,0.0,65.0,0.0,0.0,0.0,117.0,9.0,63.0,0.0,0.0,167.0,47.0,0.0,0.0,85.0,406.0,149.0,0.0,31.0,33.0,137.0,316.0,0.0,382.0,35.0,37.0,21.0,0.0,113.0,153.0,0.0,0.0
89.0,25.0,364.0,41.0,45.0,0.0,165.0,105.0,454.0,185.0,111.0,256.0,0.0,9.0,101.0,189.0,133.0,0.0,0.0,75.0,67.0,15.0,0.0,421.0,0.0,0.0,127.0,69.0,31.0,29.0,17.0,415.0,21.0,15.0,23.0,95.0,127.0,7.0,197.0,121.0,87.0,55.0,33.0,0.0,127.0,79.0,0.0,101.0,23.0,71.0,139.0,0.0,89.0,57.0,0.0,0.0,457.0,0.0,0.0,5.0,51.0,55.0,0.0,197.0,0.0,0.0,35.0,385.0,0.0,127.0,391.0,0.0,0.0,163.0,31.0,83.0,39.0,177.0,29.0,129.0,85.0,0.0,77.0,73.0,0.0,185.0,0.0,55.0,91.0,39.0,25.0,0.0,135.0,139.0,67.0,33.0,463.0,75.0,39.0,115.0
147.0,0.0,0.0,65.0,37.0,0.0,0.0,0.0,119.0,163.0,111.0,3.0,5.0,71.0,0.0,0.0,0.0,0.0,0.0,0.0,379.0,97.0,121.0,0.0,487.0,37.0,13.0,47.0,149.0,7.0,0.0,49.0,0.0,51.0,0.0,0.0,9.0,103.0,0.0,0.0,0.0,27.0,0.0,33.0,0.0,343.0,171.0,0.0,31.0,135.0,83.0,47.0,95.0,97.0,23.0,119.0,418.0,133.0,0.0,43.0,0.0,0.0,0.0,43.0,105.0,75.0,93.0,87.0,13.0,95.0,113.0,0.0,0.0,27.0,37.0,0.0,137.0,99.0,49.0,15.0,0.0,25.0,0.0,0.0,385.0,61.0,89.0,29.0,433.0,0.0,0.0,265.0,77.0,0.0,0.0,147.0,65.0,0.0,15.0,0.0
117.0,113.0,95.0,103.0,0.0,61.0,11.0,29.0,325.0,13.0,145.0,19.0,63.0,15.0,179.0,103.0,125.0,53.0,11.0,85.0,0.0,115.0,361.0,61.0,65.0,99.0,33.0,83.0,0.0,69.0,109.0,63.0,161.0,93.0,169.0,91.0,0.0,59.0,119.0,91.0,175.0,119.0,0.0,85.0,316.0,0.0,0.0,111.0,0.0,47.0,283.0,175.0,35.0,97.0,97.0,115.0,97.0,41.0,25.0,61.0,141.0,77.0,5.0,115.0,57.0,85.0,73.0,25.0,35.0,25.0,151.0,91.0,0.0,31.0,27.0,45.0,0.0,85.0,31.0,53.0,41.0,101.0,71.0,0.0,21.0,424.0,91.0,65.0,121.0,5.0,45.0,77.0,143.0,397.0,59.0,73.0,131.0,143.0,165.0,25.0
117.0,0.0,57.0,103.0,67.0,409.0,83.0,35.0,77.0,63.0,361.0,165.0,45.0,99.0,145.0,11.0,77.0,125.0,157.0,13.0,81.0,79.0,57.0,49.0,55.0,75.0,111.0,23.0,169.0,129.0,113.0,93.0,11.0,355.0,175.0,33.0,49.0,73.0,165.0,23.0,95.0,43.0,0.0,81.0,169.0,83.0,304.0,376.0,95.0,111.0,23.0,379.0,0.0,143.0,0.0,83.0,119.0,9.0,13.0,51.0,79.0,268.0,27.0,340.0,85.0,13.0,0.0,139.0,57.0,23.0,67.0,135.0,93.0,0.0,29.0,45.0,77.0,13.0,382.0,117.0,75.0,57.0,99.0,53.0,0.0,35.0,37.0,171.0,45.0,105.0,101.0,280.0,149.0,35.0,69.0,67.0,59.0,73.0,19.0,111.0
173.0,0.0,71.0,0.0,0.0,33.0,0.0,0.0,0.0,5.0,0.0,0.0,319.0,0.0,0.0,0.0,0.0,15.0,0.0,0.0,451.0,0.0,0.0,0.0,0.0,0.0,0.0,0.0,0.0,0.0,0.0,0.0,85.0,0.0,0.0,0.0,39.0,0.0,0.0,0.0,131.0,127.0,45.0,0.0,0.0,0.0,0.0,0.0,0.0,0.0,67.0,149.0,85.0,145.0,0.0,19.0,0.0,529.0,155.0,0.0,101.0,0.0,0.0,316.0,0.0,0.0,37.0,0.0,0.0,157.0,59.0,352.0,316.0,79.0,0.0,0.0,49.0,169.0,0.0,0.0,0.0,0.0,117.0,0.0,0.0,0.0,91.0,45.0,0.0,0.0,0.0,0.0,53.0,0.0,9.0,145.0,0.0,95.0,0.0,77.0
0.0,0.0,0.0,0.0,0.0,69.0,0.0,59.0,0.0,0.0,111.0,0.0,55.0,111.0,37.0,0.0,139.0,157.0,47.0,0.0,0.0,61.0,0.0,0.0,0.0,502.0,0.0,0.0,0.0,0.0,21.0,0.0,0.0,0.0,0.0,109.0,0.0,81.0,55.0,0.0,67.0,29.0,337.0,7.0,157.0,0.0,41.0,0.0,93.0,51.0,7.0,0.0,0.0,0.0,0.0,0.0,145.0,41.0,0.0,39.0,0.0,0.0,0.0,367.0,0.0,0.0,19.0,0.0,87.0,0.0,0.0,0.0,0.0,0.0,0.0,89.0,0.0,0.0,59.0,0.0,111.0,53.0,135.0,0.0,47.0,0.0,0.0,143.0,0.0,0.0,0.0,67.0,0.0,125.0,0.0,105.0,0.0,0.0,0.0,0.0
111.0,113.0,0.0,103.0,185.0,7.0,271.0,91.0,37.0,133.0,139.0,41.0,77.0,511.0,7.0,111.0,115.0,81.0,123.0,99.0,139.0,67.0,129.0,35.0,125.0,63.0,155.0,5.0,193.0,91.0,107.0,107.0,61.0,93.0,9.0,69.0,0.0,137.0,161.0,3.0,165.0,0.0,59.0,47.0,85.0,83.0,27.0,41.0,41.0,131.0,131.0,397.0,33.0,0.0,0.0,53.0,0.0,103.0,77.0,3.0,460.0,51.0,0.0,35.0,169.0,85.0,424.0,0.0,89.0,69.0,157.0,125.0,27.0,65.0,111.0,63.0,197.0,27.0,0.0,0.0,53.0,69.0,121.0,155.0,89.0,63.0,71.0,0.0,53.0,115.0,69.0,119.0,388.0,137.0,508.0,0.0,165.0,55.0,85.0,123.0
0.0,0.0,51.0,0.0,0.0,0.0,0.0,0.0,0.0,0.0,0.0,119.0,0.0,0.0,0.0,0.0,149.0,0.0,0.0,73.0,0.0,0.0,0.0,0.0,0.0,113.0,0.0,0.0,0.0,103.0,75.0,0.0,29.0,0.0,0.0,87.0,0.0,0.0,0.0,0.0,0.0,0.0,55.0,0.0,0.0,0.0,490.0,0.0,0.0,0.0,103.0,149.0,0.0,0.0,0.0,53.0,0.0,0.0,0.0,0.0,0.0,153.0,53.0,0.0,0.0,0.0,59.0,0.0,0.0,0.0,0.0,0.0,165.0,0.0,0.0,173.0,63.0,0.0,0.0,0.0,0.0,0.0,131.0,0.0,0.0,0.0,0.0,0.0,0.0,0.0,0.0,0.0,0.0,0.0,45.0,0.0,0.0,0.0,0.0,0.0
63.0,0.0,125.0,165.0,119.0,0.0,0.0,3.0,0.0,109.0,51.0,61.0,391.0,27.0,0.0,75.0,13.0,35.0,0.0,39.0,31.0,73.0,137.0,0.0,73.0,7.0,436.0,111.0,89.0,73.0,53.0,113.0,55.0,151.0,125.0,0.0,97.0,133.0,391.0,0.0,109.0,131.0,93.0,0.0,111.0,79.0,39.0,0.0,159.0,161.0,0.0,0.0,35.0,63.0,67.0,0.0,103.0,0.0,27.0,55.0,0.0,49.0,0.0,113.0,159.0,5.0,143.0,59.0,0.0,13.0,0.0,0.0,57.0,0.0,17.0,71.0,35.0,141.0,89.0,85.0,0.0,0.0,159.0,77.0,0.0,43.0,0.0,47.0,57.0,0.0,31.0,177.0,0.0,159.0,77.0,47.0,183.0,133.0,133.0,57.0
0.0,0.0,87.0,0.0,433.0,0.0,0.0,0.0,403.0,0.0,0.0,77.0,107.0,39.0,131.0,0.0,157.0,75.0,0.0,0.0,53.0,61.0,0.0,0.0,0.0,0.0,0.0,147.0,89.0,394.0,0.0,0.0,0.0,0.0,0.0,0.0,0.0,165.0,0.0,49.0,0.0,0.0,0.0,63.0,0.0,0.0,0.0,0.0,139.0,29.0,0.0,0.0,0.0,0.0,490.0,0.0,0.0,0.0,83.0,99.0,161.0,93.0,153.0,87.0,0.0,61.0,79.0,145.0,0.0,45.0,0.0,0.0,0.0,0.0,115.0,89.0,0.0,13.0,0.0,0.0,0.0,65.0,433.0,499.0,59.0,0.0,0.0,43.0,139.0,0.0,0.0,0.0,0.0,0.0,183.0,81.0,123.0,0.0,0.0,0.0
23.0,109.0,397.0,27.0,352.0,45.0,0.0,0.0,103.0,0.0,0.0,39.0,13.0,125.0,55.0,0.0,15.0,0.0,409.0,15.0,65.0,19.0,179.0,119.0,9.0,55.0,0.0,0.0,103.0,153.0,0.0,149.0,33.0,0.0,532.0,127.0,0.0,0.0,95.0,481.0,175.0,109.0,51.0,0.0,111.0,43.0,177.0,21.0,0.0,135.0,145.0,340.0,117.0,47.0,155.0,113.0,0.0,0.0,95.0,0.0,0.0,83.0,0.0,133.0,143.0,79.0,0.0,85.0,0.0,83.0,165.0,63.0,133.0,85.0,113.0,0.0,125.0,55.0,89.0,153.0,0.0,298.0,463.0,63.0,85.0,391.0,33.0,19.0,23.0,115.0,115.0,0.0,175.0,85.0,129.0,65.0,25.0,35.0,85.0,0.0
127.0,121.0,71.0,7.0,91.0,35.0,39.0,127.0,0.0,111.0,3.0,135.0,27.0,99.0,169.0,139.0,11.0,113.0,0.0,137.0,163.0,191.0,117.0,15.0,103.0,195.0,105.0,5.0,167.0,0.0,0.0,193.0,75.0,57.0,69.0,91.0,71.0,99.0,61.0,57.0,107.0,0.0,21.0,97.0,73.0,105.0,9.0,125.0,193.0,59.0,0.0,43.0,139.0,67.0,37.0,0.0,123.0,13.0,0.0,29.0,0.0,87.0,121.0,0.0,175.0,121.0,3.0,43.0,394.0,33.0,11.0,33.0,403.0,187.0,51.0,71.0,475.0,83.0,31.0,109.0,57.0,123.0,0.0,89.0,89.0,0.0,55.0,43.0,109.0,0.0,0.0,17.0,0.0,0.0,0.0,89.0,0.0,3.0,155.0,179.0
101.0,119.0,49.0,0.0,0.0,9.0,0.0,520.0,33.0,169.0,117.0,0.0,97.0,0.0,436.0,0.0,121.0,101.0,17.0,0.0,183.0,53.0,0.0,340.0,0.0,0.0,59.0,149.0,0.0,0.0,37.0,0.0,0.0,17.0,0.0,0.0,0.0,85.0,57.0,55.0,139.0,161.0,143.0,0.0,5.0,0.0,0.0,0.0,9.0,0.0,0.0,0.0,17.0,35.0,0.0,0.0,0.0,0.0,61.0,63.0,23.0,0.0,0.0,0.0,79.0,45.0,0.0,97.0,65.0,63.0,0.0,69.0,0.0,83.0,137.0,79.0,0.0,73.0,57.0,173.0,0.0,7.0,91.0,39.0,0.0,97.0,33.0,131.0,0.0,0.0,361.0,5.0,103.0,0.0,391.0,159.0,0.0,79.0,0.0,107.0
0.0,91.0,7.0,0.0,185.0,157.0,171.0,5.0,77.0,0.0,0.0,538.0,21.0,129.0,53.0,71.0,445.0,15.0,0.0,0.0,403.0,119.0,133.0,0.0,33.0,0.0,0.0,0.0,0.0,9.0,0.0,0.0,139.0,0.0,25.0,23.0,121.0,39.0,0.0,71.0,57.0,157.0,0.0,23.0,15.0,31.0,125.0,397.0,83.0,73.0,0.0,29.0,535.0,65.0,75.0,0.0,79.0,63.0,31.0,0.0,0.0,298.0,125.0,145.0,133.0,89.0,87.0,119.0,0.0,121.0,27.0,0.0,0.0,67.0,0.0,97.0,79.0,0.0,0.0,93.0,83.0,81.0,57.0,79.0,115.0,67.0,397.0,5.0,0.0,119.0,57.0,445.0,0.0,0.0,0.0,0.0,0.0,71.0,0.0,47.0
0.0,0.0,57.0,0.0,0.0,0.0,0.0,55.0,19.0,0.0,0.0,0.0,0.0,0.0,0.0,79.0,0.0,0.0,0.0,0.0,0.0,322.0,57.0,37.0,23.0,0.0,0.0,67.0,0.0,0.0,137.0,0.0,0.0,0.0,0.0,101.0,37.0,0.0,0.0,51.0,89.0,0.0,0.0,0.0,0.0,0.0,0.0,391.0,145.0,77.0,89.0,0.0,101.0,83.0,439.0,49.0,67.0,361.0,0.0,123.0,0.0,7.0,85.0,19.0,0.0,25.0,0.0,385.0,0.0,0.0,159.0,0.0,0.0,0.0,0.0,0.0,340.0,129.0,0.0,3.0,0.0,109.0,0.0,0.0,9.0,0.0,0.0,69.0,0.0,0.0,153.0,0.0,41.0,0.0,5.0,0.0,87.0,0.0,35.0,35.0
0.0,0.0,0.0,0.0,65.0,0.0,67.0,139.0,141.0,0.0,0.0,0.0,0.0,0.0,0.0,0.0,0.0,51.0,0.0,143.0,0.0,13.0,0.0,0.0,0.0,115.0,0.0,0.0,304.0,0.0,0.0,93.0,0.0,0.0,0.0,0.0,143.0,0.0,13.0,0.0,0.0,185.0,55.0,0.0,61.0,0.0,0.0,0.0,0.0,0.0,15.0,0.0,0.0,71.0,0.0,0.0,0.0,131.0,0.0,0.0,0.0,0.0,103.0,0.0,0.0,0.0,0.0,379.0,0.0,0.0,69.0,0.0,153.0,0.0,0.0,47.0,69.0,65.0,0.0,0.0,0.0,0.0,117.0,149.0,97.0,0.0,0.0,13.0,0.0,79.0,0.0,0.0,412.0,0.0,0.0,133.0,0.0,71.0,0.0,11.0
0.0,79.0,109.0,159.0,73.0,0.0,0.0,107.0,99.0,95.0,127.0,0.0,0.0,17.0,33.0,61.0,89.0,0.0,7.0,0.0,0.0,57.0,143.0,0.0,47.0,0.0,27.0,0.0,115.0,0.0,45.0,51.0,79.0,59.0,117.0,115.0,63.0,39.0,0.0,0.0,286.0,41.0,0.0,0.0,61.0,0.0,0.0,49.0,105.0,0.0,3.0,0.0,87.0,0.0,99.0,334.0,59.0,0.0,109.0,19.0,19.0,5.0,35.0,0.0,29.0,0.0,0.0,49.0,0.0,0.0,111.0,418.0,0.0,0.0,19.0,99.0,472.0,0.0,27.0,51.0,47.0,115.0,155.0,135.0,0.0,0.0,0.0,73.0,31.0,39.0,0.0,33.0,43.0,143.0,101.0,109.0,85.0,0.0,89.0,0.0
0.0,0.0,0.0,187.0,17.0,99.0,145.0,19.0,123.0,57.0,0.0,9.0,457.0,165.0,49.0,83.0,0.0,143.0,37.0,0.0,3.0,9.0,65.0,45.0,0.0,0.0,5.0,109.0,65.0,0.0,11.0,169.0,153.0,105.0,0.0,0.0,0.0,379.0,41.0,400.0,119.0,157.0,65.0,71.0,451.0,109.0,0.0,51.0,0.0,439.0,0.0,364.0,29.0,0.0,159.0,101.0,17.0,0.0,41.0,0.0,61.0,75.0,0.0,0.0,23.0,67.0,0.0,167.0,45.0,0.0,37.0,167.0,9.0,0.0,101.0,51.0,173.0,25.0,53.0,37.0,3.0,103.0,0.0,65.0,0.0,163.0,95.0,99.0,59.0,0.0,73.0,93.0,41.0,0.0,433.0,191.0,93.0,0.0,0.0,155.0
39.0,99.0,109.0,0.0,175.0,0.0,13.0,29.0,161.0,27.0,47.0,139.0,73.0,39.0,105.0,97.0,131.0,41.0,147.0,85.0,99.0,0.0,0.0,69.0,0.0,0.0,19.0,0.0,0.0,83.0,57.0,79.0,43.0,19.0,63.0,349.0,63.0,49.0,0.0,55.0,53.0,65.0,0.0,55.0,137.0,0.0,99.0,75.0,91.0,0.0,0.0,0.0,183.0,41.0,0.0,29.0,69.0,61.0,53.0,19.0,0.0,0.0,163.0,61.0,0.0,430.0,21.0,87.0,25.0,111.0,0.0,43.0,133.0,349.0,59.0,0.0,37.0,0.0,107.0,55.0,77.0,43.0,47.0,73.0,7.0,111.0,0.0,17.0,87.0,35.0,109.0,173.0,39.0,41.0,117.0,95.0,415.0,0.0,137.0,0.0
