src,dst,spec,slots_used,core_src,core_dst,tfk_slot
99,7,0,5,0,0,400.0
98,97,0,5,0,0,400.0
98,86,5,5,0,0,400.0
97,94,5,5,0,0,400.0
97,69,10,5,0,0,400.0
97,30,15,5,0,0,400.0
96,70,0,5,0,0,400.0
96,69,5,5,0,0,400.0
96,27,10,5,0,0,400.0
92,67,0,5,0,0,400.0
92,53,5,5,0,0,400.0
91,84,0,5,0,0,400.0
91,37,5,5,0,0,400.0
91,30,10,5,0,0,400.0
91,8,15,5,0,0,400.0
90,86,0,5,0,0,400.0
90,68,5,5,0,0,400.0
89,70,5,5,0,0,400.0
89,49,0,5,0,0,400.0
88,93,0,5,0,0,400.0
88,46,5,5,0,0,400.0
88,26,10,5,0,0,400.0
88,20,15,5,0,0,400.0
87,40,0,5,0,0,400.0
85,14,0,5,0,0,400.0
84,45,5,5,0,0,400.0
83,79,0,5,0,0,400.0
83,62,5,5,0,0,400.0
82,33,0,5,0,0,400.0
82,16,5,5,0,0,400.0
81,15,0,5,0,0,400.0
80,86,10,5,0,0,400.0
80,82,15,5,0,0,400.0
79,92,10,5,0,0,400.0
78,99,5,5,0,0,400.0
78,69,0,5,0,0,400.0
76,21,0,5,0,0,400.0
74,73,0,5,0,0,400.0
74,21,5,5,0,0,400.0
73,27,5,5,0,0,400.0
73,3,10,5,0,0,400.0
72,77,0,5,0,0,400.0
72,58,5,5,0,0,400.0
72,20,10,5,0,0,400.0
70,57,10,5,0,0,400.0
70,55,15,5,0,0,400.0
70,34,20,5,0,0,400.0
69,99,15,5,0,0,400.0
69,35,20,5,0,0,400.0
69,1,25,5,0,0,400.0
67,89,10,5,0,0,400.0
67,66,5,5,0,0,400.0
67,18,15,5,0,0,400.0
66,80,0,5,0,0,400.0
66,67,20,5,0,0,400.0
66,59,10,5,0,0,400.0
66,24,15,5,0,0,400.0
66,18,25,5,0,0,400.0
65,94,0,5,0,0,400.0
65,81,5,5,0,0,400.0
64,53,0,5,0,0,400.0
61,44,0,5,0,0,400.0
61,4,5,5,0,0,400.0
61,1,10,5,0,0,400.0
60,95,0,5,0,0,400.0
60,79,5,5,0,0,400.0
59,75,0,5,0,0,400.0
59,58,15,5,0,0,400.0
59,42,5,5,0,0,400.0
58,29,0,5,0,0,400.0
57,20,0,5,0,0,400.0
53,99,10,5,0,0,400.0
53,46,15,5,0,0,400.0
53,38,20,5,0,0,400.0
53,24,25,5,0,0,400.0
53,22,30,5,0,0,400.0
52,91,20,5,0,0,400.0
52,64,5,5,0,0,400.0
51,29,5,5,0,0,400.0
49,58,10,5,0,0,400.0
49,25,5,5,0,0,400.0
48,5,0,5,0,0,400.0
47,82,10,5,0,0,400.0
47,67,25,5,0,0,400.0
46,84,10,5,0,0,400.0
43,98,10,5,0,0,400.0
43,59,20,5,0,0,400.0
42,87,10,5,0,0,400.0
42,78,15,5,0,0,400.0
42,37,0,5,0,0,400.0
40,75,5,5,0,0,400.0
40,4,10,5,0,0,400.0
39,97,20,5,0,0,400.0
38,18,0,5,0,0,400.0
37,73,15,5,0,0,400.0
37,26,20,5,0,0,400.0
36,43,0,5,0,0,400.0
36,30,5,5,0,0,400.0
36,22,10,5,0,0,400.0
35,79,15,5,0,0,400.0
35,64,10,5,0,0,400.0
33,10,5,5,0,0,400.0
32,93,5,5,0,0,400.0
32,25,0,5,0,0,400.0
32,17,10,5,0,0,400.0
31,68,0,5,0,0,400.0
31,39,5,5,0,0,400.0
30,97,25,5,0,0,400.0
30,73,20,5,0,0,400.0
30,15,30,5,0,0,400.0
29,88,20,5,0,0,400.0
29,39,10,5,0,0,400.0
29,25,15,5,0,0,400.0
27,4,0,5,0,0,400.0
26,79,25,5,0,0,400.0
26,52,0,5,0,0,400.0
26,22,5,5,0,0,400.0
25,16,10,5,0,0,400.0
23,82,20,5,0,0,400.0
23,66,30,5,0,0,400.0
23,58,25,5,0,0,400.0
23,51,0,5,0,0,400.0
21,63,10,5,0,0,400.0
21,48,15,5,0,0,400.0
19,91,25,5,0,0,400.0
19,30,0,5,0,0,400.0
18,29,30,5,0,0,400.0
17,83,15,5,0,0,400.0
17,25,20,5,0,0,400.0
17,21,25,5,0,0,400.0
17,14,5,5,0,0,400.0
16,88,25,5,0,0,400.0
16,33,15,5,0,0,400.0
15,96,15,5,0,0,400.0
15,83,10,5,0,0,400.0
13,82,25,5,0,0,400.0
12,93,10,5,0,0,400.0
12,23,5,5,0,0,400.0
11,85,5,5,0,0,400.0
11,52,10,5,0,0,400.0
11,43,15,5,0,0,400.0
10,45,0,5,0,0,400.0
10,40,15,5,0,0,400.0
10,35,25,5,0,0,400.0
9,98,15,5,0,0,400.0
9,82,30,5,0,0,400.0
9,21,20,5,0,0,400.0
9,16,0,5,0,0,400.0
7,52,15,5,0,0,400.0
6,70,25,5,0,0,400.0
6,7,5,5,0,0,400.0
5,99,20,5,0,0,400.0
4,97,30,5,0,0,400.0
4,39,15,5,0,0,400.0
3,99,25,5,0,0,400.0
3,81,15,5,0,0,400.0
2,87,5,5,0,0,400.0
2,80,20,5,0,0,400.0
2,33,10,5,0,0,400.0
2,1,0,5,0,0,400.0
1,93,15,5,0,0,400.0
1,45,20,5,0,0,400.0
0,42,20,5,0,0,400.0
0,33,25,5,0,0,400.0
99,98,30,2,0,0,50.0
99,70,32,2,0,0,50.0
99,60,34,2,0,0,50.0
99,47,36,2,0,0,50.0
99,45,38,2,0,0,50.0
99,27,40,2,0,0,50.0
99,25,42,2,0,0,50.0
98,94,20,2,0,0,50.0
98,88,32,2,0,0,50.0
98,85,22,2,0,0,50.0
98,78,24,2,0,0,50.0
98,77,26,2,0,0,50.0
98,65,28,2,0,0,50.0
98,53,35,2,0,0,50.0
98,49,37,2,0,0,50.0
98,40,39,2,0,0,50.0
98,39,41,2,0,0,50.0
98,22,43,2,0,0,50.0
98,20,45,2,0,0,50.0
98,14,47,2,0,0,50.0
98,13,49,2,0,0,50.0
98,12,51,2,0,0,50.0
97,92,35,2,0,0,50.0
97,88,37,2,0,0,50.0
97,62,39,2,0,0,50.0
97,58,41,2,0,0,50.0
97,38,43,2,0,0,50.0
97,20,47,2,0,0,50.0
97,16,45,2,0,0,50.0
97,8,49,2,0,0,50.0
97,7,51,2,0,0,50.0
96,99,44,2,0,0,50.0
96,95,20,2,0,0,50.0
96,85,24,2,0,0,50.0
96,75,22,2,0,0,50.0
96,66,35,2,0,0,50.0
96,64,26,2,0,0,50.0
96,60,28,2,0,0,50.0
96,28,30,2,0,0,50.0
96,20,32,2,0,0,50.0
96,0,37,2,0,0,50.0
95,66,37,2,0,0,50.0
95,60,10,2,0,0,50.0
95,59,25,2,0,0,50.0
95,27,15,2,0,0,50.0
95,1,5,2,0,0,50.0
94,97,53,2,0,0,50.0
94,96,39,2,0,0,50.0
94,89,15,2,0,0,50.0
94,71,10,2,0,0,50.0
94,70,30,2,0,0,50.0
94,64,17,2,0,0,50.0
94,42,25,2,0,0,50.0
94,38,12,2,0,0,50.0
94,37,27,2,0,0,50.0
94,29,35,2,0,0,50.0
94,28,22,2,0,0,50.0
94,21,32,2,0,0,50.0
94,18,37,2,0,0,50.0
94,12,41,2,0,0,50.0
94,8,43,2,0,0,50.0
94,6,45,2,0,0,50.0
94,4,47,2,0,0,50.0
93,81,20,2,0,0,50.0
93,45,25,2,0,0,50.0
93,8,22,2,0,0,50.0
93,2,27,2,0,0,50.0
93,0,30,2,0,0,50.0
92,84,15,2,0,0,50.0
92,76,17,2,0,0,50.0
92,65,19,2,0,0,50.0
92,64,21,2,0,0,50.0
92,61,23,2,0,0,50.0
92,48,25,2,0,0,50.0
92,46,27,2,0,0,50.0
92,42,29,2,0,0,50.0
92,40,31,2,0,0,50.0
92,32,33,2,0,0,50.0
92,21,37,2,0,0,50.0
92,15,39,2,0,0,50.0
92,2,41,2,0,0,50.0
92,0,43,2,0,0,50.0
91,99,46,2,0,0,50.0
91,97,55,2,0,0,50.0
91,92,48,2,0,0,50.0
91,90,30,2,0,0,50.0
91,88,34,2,0,0,50.0
91,80,32,2,0,0,50.0
91,64,36,2,0,0,50.0
91,58,38,2,0,0,50.0
91,50,40,2,0,0,50.0
91,46,42,2,0,0,50.0
91,22,50,2,0,0,50.0
91,20,52,2,0,0,50.0
91,19,44,2,0,0,50.0
91,14,57,2,0,0,50.0
91,13,59,2,0,0,50.0
90,96,41,2,0,0,50.0
90,94,49,2,0,0,50.0
90,92,45,2,0,0,50.0
90,81,10,2,0,0,50.0
90,80,25,2,0,0,50.0
90,70,34,2,0,0,50.0
90,57,15,2,0,0,50.0
90,56,12,2,0,0,50.0
90,48,20,2,0,0,50.0
90,40,22,2,0,0,50.0
90,36,17,2,0,0,50.0
90,31,27,2,0,0,50.0
90,29,37,2,0,0,50.0
90,16,32,2,0,0,50.0
90,11,39,2,0,0,50.0
90,9,43,2,0,0,50.0
90,7,47,2,0,0,50.0
89,97,57,2,0,0,50.0
89,94,51,2,0,0,50.0
89,74,17,2,0,0,50.0
89,71,19,2,0,0,50.0
89,59,27,2,0,0,50.0
89,54,21,2,0,0,50.0
89,51,23,2,0,0,50.0
89,42,31,2,0,0,50.0
89,40,25,2,0,0,50.0
89,20,29,2,0,0,50.0
89,7,33,2,0,0,50.0
89,5,35,2,0,0,50.0
88,96,46,2,0,0,50.0
88,92,50,2,0,0,50.0
88,67,30,2,0,0,50.0
88,65,39,2,0,0,50.0
88,64,41,2,0,0,50.0
88,52,43,2,0,0,50.0
88,43,48,2,0,0,50.0
88,34,52,2,0,0,50.0
88,21,54,2,0,0,50.0
88,12,56,2,0,0,50.0
88,10,58,2,0,0,50.0
88,7,60,2,0,0,50.0
88,0,62,2,0,0,50.0
87,78,20,2,0,0,50.0
87,57,17,2,0,0,50.0
87,55,22,2,0,0,50.0
87,49,15,2,0,0,50.0
87,35,30,2,0,0,50.0
87,32,24,2,0,0,50.0
87,21,34,2,0,0,50.0
87,17,32,2,0,0,50.0
86,98,53,2,0,0,50.0
86,75,15,2,0,0,50.0
86,70,36,2,0,0,50.0
86,44,17,2,0,0,50.0
86,27,19,2,0,0,50.0
86,17,30,2,0,0,50.0
85,83,20,2,0,0,50.0
85,55,10,2,0,0,50.0
85,32,15,2,0,0,50.0
85,28,12,2,0,0,50.0
85,27,17,2,0,0,50.0
85,25,26,2,0,0,50.0
85,24,30,2,0,0,50.0
84,93,32,2,0,0,50.0
84,74,19,2,0,0,50.0
84,64,23,2,0,0,50.0
84,63,17,2,0,0,50.0
84,52,25,2,0,0,50.0
84,42,27,2,0,0,50.0
84,39,29,2,0,0,50.0
84,28,34,2,0,0,50.0
84,4,21,2,0,0,50.0
84,2,36,2,0,0,50.0
83,99,48,2,0,0,50.0
83,93,34,2,0,0,50.0
83,92,52,2,0,0,50.0
83,89,37,2,0,0,50.0
83,82,39,2,0,0,50.0
83,65,22,2,0,0,50.0
83,60,24,2,0,0,50.0
83,56,26,2,0,0,50.0
83,39,31,2,0,0,50.0
83,26,41,2,0,0,50.0
82,98,55,2,0,0,50.0
82,94,57,2,0,0,50.0
82,84,41,2,0,0,50.0
82,78,35,2,0,0,50.0
82,65,37,2,0,0,50.0
82,63,43,2,0,0,50.0
82,58,45,2,0,0,50.0
82,44,47,2,0,0,50.0
82,42,49,2,0,0,50.0
82,26,51,2,0,0,50.0
82,22,53,2,0,0,50.0
82,15,59,2,0,0,50.0
81,99,50,2,0,0,50.0
81,86,22,2,0,0,50.0
81,84,38,2,0,0,50.0
81,83,28,2,0,0,50.0
81,72,24,2,0,0,50.0
81,68,12,2,0,0,50.0
81,66,40,2,0,0,50.0
81,58,30,2,0,0,50.0
81,49,26,2,0,0,50.0
81,45,32,2,0,0,50.0
81,39,34,2,0,0,50.0
81,38,36,2,0,0,50.0
81,32,42,2,0,0,50.0
81,26,44,2,0,0,50.0
81,24,46,2,0,0,50.0
81,16,48,2,0,0,50.0
81,3,52,2,0,0,50.0
81,1,54,2,0,0,50.0
80,98,57,2,0,0,50.0
80,96,48,2,0,0,50.0
80,77,5,2,0,0,50.0
80,60,30,2,0,0,50.0
80,58,34,2,0,0,50.0
80,48,7,2,0,0,50.0
80,42,36,2,0,0,50.0
80,36,27,2,0,0,50.0
80,35,38,2,0,0,50.0
80,24,40,2,0,0,50.0
80,17,42,2,0,0,50.0
80,15,44,2,0,0,50.0
80,13,46,2,0,0,50.0
80,12,53,2,0,0,50.0
80,8,51,2,0,0,50.0
80,3,55,2,0,0,50.0
79,95,22,2,0,0,50.0
79,89,39,2,0,0,50.0
79,87,36,2,0,0,50.0
79,84,43,2,0,0,50.0
79,83,45,2,0,0,50.0
79,74,30,2,0,0,50.0
79,60,20,2,0,0,50.0
79,55,32,2,0,0,50.0
79,51,34,2,0,0,50.0
79,49,41,2,0,0,50.0
79,43,50,2,0,0,50.0
79,40,47,2,0,0,50.0
79,38,52,2,0,0,50.0
79,30,54,2,0,0,50.0
79,28,56,2,0,0,50.0
79,20,58,2,0,0,50.0
79,7,62,2,0,0,50.0
79,5,60,2,0,0,50.0
78,98,59,2,0,0,50.0
78,95,12,2,0,0,50.0
78,91,61,2,0,0,50.0
78,90,51,2,0,0,50.0
78,88,64,2,0,0,50.0
78,80,66,2,0,0,50.0
78,79,68,2,0,0,50.0
78,60,22,2,0,0,50.0
78,52,27,2,0,0,50.0
78,51,10,2,0,0,50.0
78,50,29,2,0,0,50.0
78,45,40,2,0,0,50.0
78,44,31,2,0,0,50.0
78,42,33,2,0,0,50.0
78,33,37,2,0,0,50.0
78,32,44,2,0,0,50.0
78,27,42,2,0,0,50.0
78,23,46,2,0,0,50.0
78,19,48,2,0,0,50.0
78,17,53,2,0,0,50.0
78,15,55,2,0,0,50.0
78,0,57,2,0,0,50.0
77,75,10,2,0,0,50.0
77,50,7,2,0,0,50.0
77,33,20,2,0,0,50.0
77,17,34,2,0,0,50.0
77,11,22,2,0,0,50.0
77,8,12,2,0,0,50.0
76,81,56,2,0,0,50.0
76,68,10,2,0,0,50.0
76,65,12,2,0,0,50.0
76,64,15,2,0,0,50.0
75,79,64,2,0,0,50.0
75,59,29,2,0,0,50.0
75,45,12,2,0,0,50.0
75,39,25,2,0,0,50.0
75,34,17,2,0,0,50.0
75,23,35,2,0,0,50.0
75,14,19,2,0,0,50.0
75,13,31,2,0,0,50.0
75,10,33,2,0,0,50.0
75,2,38,2,0,0,50.0
74,99,52,2,0,0,50.0
74,91,63,2,0,0,50.0
74,86,24,2,0,0,50.0
74,71,12,2,0,0,50.0
74,68,14,2,0,0,50.0
74,57,21,2,0,0,50.0
74,53,37,2,0,0,50.0
74,42,39,2,0,0,50.0
74,38,10,2,0,0,50.0
74,30,35,2,0,0,50.0
74,18,41,2,0,0,50.0
74,12,26,2,0,0,50.0
74,9,28,2,0,0,50.0
74,8,32,2,0,0,50.0
74,7,43,2,0,0,50.0
74,5,45,2,0,0,50.0
74,3,47,2,0,0,50.0
73,84,45,2,0,0,50.0
73,81,58,2,0,0,50.0
73,70,38,2,0,0,50.0
73,69,30,2,0,0,50.0
73,64,28,2,0,0,50.0
73,62,25,2,0,0,50.0
73,55,34,2,0,0,50.0
73,54,32,2,0,0,50.0
73,44,36,2,0,0,50.0
73,43,40,2,0,0,50.0
73,28,42,2,0,0,50.0
73,26,47,2,0,0,50.0
73,24,49,2,0,0,50.0
73,22,55,2,0,0,50.0
73,21,51,2,0,0,50.0
73,15,53,2,0,0,50.0
73,13,61,2,0,0,50.0
73,8,63,2,0,0,50.0
72,99,54,2,0,0,50.0
72,95,17,2,0,0,50.0
72,94,59,2,0,0,50.0
72,86,26,2,0,0,50.0
72,60,15,2,0,0,50.0
72,57,19,2,0,0,50.0
72,53,39,2,0,0,50.0
72,48,22,2,0,0,50.0
72,47,30,2,0,0,50.0
72,42,41,2,0,0,50.0
72,34,28,2,0,0,50.0
72,31,32,2,0,0,50.0
72,27,34,2,0,0,50.0
72,18,43,2,0,0,50.0
72,17,36,2,0,0,50.0
72,9,45,2,0,0,50.0
72,4,49,2,0,0,50.0
71,96,50,2,0,0,50.0
71,90,53,2,0,0,50.0
71,73,65,2,0,0,50.0
71,65,14,2,0,0,50.0
71,51,16,2,0,0,50.0
71,48,5,2,0,0,50.0
71,46,0,2,0,0,50.0
71,35,2,2,0,0,50.0
71,18,7,2,0,0,50.0
71,13,21,2,0,0,50.0
70,99,56,2,0,0,50.0
70,98,61,2,0,0,50.0
70,81,63,2,0,0,50.0
70,54,40,2,0,0,50.0
70,50,42,2,0,0,50.0
70,35,44,2,0,0,50.0
70,18,46,2,0,0,50.0
70,2,48,2,0,0,50.0
69,97,59,2,0,0,50.0
69,96,52,2,0,0,50.0
69,93,36,2,0,0,50.0
69,78,70,2,0,0,50.0
69,61,32,2,0,0,50.0
69,52,34,2,0,0,50.0
69,48,38,2,0,0,50.0
69,30,40,2,0,0,50.0
69,28,44,2,0,0,50.0
69,14,42,2,0,0,50.0
69,11,46,2,0,0,50.0
68,95,27,2,0,0,50.0
68,93,38,2,0,0,50.0
68,87,40,2,0,0,50.0
68,84,47,2,0,0,50.0
68,83,43,2,0,0,50.0
68,82,61,2,0,0,50.0
68,80,59,2,0,0,50.0
68,79,66,2,0,0,50.0
68,77,16,2,0,0,50.0
68,71,23,2,0,0,50.0
68,63,19,2,0,0,50.0
68,61,21,2,0,0,50.0
68,55,25,2,0,0,50.0
68,47,32,2,0,0,50.0
68,45,29,2,0,0,50.0
68,34,34,2,0,0,50.0
68,27,36,2,0,0,50.0
68,26,49,2,0,0,50.0
68,25,45,2,0,0,50.0
68,24,51,2,0,0,50.0
68,22,57,2,0,0,50.0
68,9,53,2,0,0,50.0
68,6,55,2,0,0,50.0
67,99,58,2,0,0,50.0
67,98,63,2,0,0,50.0
67,97,61,2,0,0,50.0
67,96,54,2,0,0,50.0
67,95,32,2,0,0,50.0
67,91,65,2,0,0,50.0
67,77,36,2,0,0,50.0
67,76,34,2,0,0,50.0
67,70,50,2,0,0,50.0
67,63,38,2,0,0,50.0
67,56,40,2,0,0,50.0
67,51,42,2,0,0,50.0
67,46,44,2,0,0,50.0
67,44,52,2,0,0,50.0
67,41,46,2,0,0,50.0
67,7,56,2,0,0,50.0
67,1,48,2,0,0,50.0
66,91,67,2,0,0,50.0
66,81,60,2,0,0,50.0
66,76,42,2,0,0,50.0
66,74,49,2,0,0,50.0
66,58,47,2,0,0,50.0
66,56,44,2,0,0,50.0
66,33,51,2,0,0,50.0
66,28,53,2,0,0,50.0
66,1,56,2,0,0,50.0
65,85,32,2,0,0,50.0
65,79,70,2,0,0,50.0
65,74,54,2,0,0,50.0
65,73,67,2,0,0,50.0
65,63,24,2,0,0,50.0
65,54,10,2,0,0,50.0
65,26,16,2,0,0,50.0
65,25,30,2,0,0,50.0
65,16,34,2,0,0,50.0
65,5,26,2,0,0,50.0
64,77,30,2,0,0,50.0
64,63,32,2,0,0,50.0
64,46,34,2,0,0,50.0
64,30,38,2,0,0,50.0
64,22,19,2,0,0,50.0
64,12,43,2,0,0,50.0
64,6,47,2,0,0,50.0
64,3,45,2,0,0,50.0
64,2,50,2,0,0,50.0
63,88,66,2,0,0,50.0
63,79,72,2,0,0,50.0
63,67,68,2,0,0,50.0
63,43,5,2,0,0,50.0
63,39,0,2,0,0,50.0
63,36,15,2,0,0,50.0
63,32,21,2,0,0,50.0
63,29,26,2,0,0,50.0
63,28,2,2,0,0,50.0
63,18,35,2,0,0,50.0
63,16,30,2,0,0,50.0
63,12,28,2,0,0,50.0
63,11,41,2,0,0,50.0
63,5,7,2,0,0,50.0
63,0,45,2,0,0,50.0
62,98,65,2,0,0,50.0
62,45,10,2,0,0,50.0
62,44,12,2,0,0,50.0
62,34,0,2,0,0,50.0
62,25,28,2,0,0,50.0
62,4,23,2,0,0,50.0
61,92,54,2,0,0,50.0
61,87,26,2,0,0,50.0
61,59,34,2,0,0,50.0
61,57,28,2,0,0,50.0
61,54,15,2,0,0,50.0
61,38,17,2,0,0,50.0
61,27,30,2,0,0,50.0
61,26,36,2,0,0,50.0
61,15,41,2,0,0,50.0
60,82,63,2,0,0,50.0
60,80,61,2,0,0,50.0
60,78,72,2,0,0,50.0
60,73,69,2,0,0,50.0
60,69,48,2,0,0,50.0
60,63,50,2,0,0,50.0
60,55,12,2,0,0,50.0
60,43,26,2,0,0,50.0
60,41,17,2,0,0,50.0
60,35,32,2,0,0,50.0
60,32,36,2,0,0,50.0
60,21,39,2,0,0,50.0
60,17,44,2,0,0,50.0
60,11,52,2,0,0,50.0
59,99,60,2,0,0,50.0
59,94,55,2,0,0,50.0
59,92,57,2,0,0,50.0
59,90,62,2,0,0,50.0
59,76,31,2,0,0,50.0
59,72,47,2,0,0,50.0
59,55,36,2,0,0,50.0
59,51,38,2,0,0,50.0
59,50,44,2,0,0,50.0
59,38,40,2,0,0,50.0
59,21,42,2,0,0,50.0
59,12,49,2,0,0,50.0
59,4,51,2,0,0,50.0
59,3,64,2,0,0,50.0
58,96,56,2,0,0,50.0
58,65,43,2,0,0,50.0
58,64,52,2,0,0,50.0
58,47,20,2,0,0,50.0
58,33,22,2,0,0,50.0
58,31,36,2,0,0,50.0
58,30,49,2,0,0,50.0
58,27,32,2,0,0,50.0
58,4,54,2,0,0,50.0
57,87,38,2,0,0,50.0
57,86,32,2,0,0,50.0
57,80,63,2,0,0,50.0
57,75,40,2,0,0,50.0
57,53,42,2,0,0,50.0
57,34,5,2,0,0,50.0
57,24,7,2,0,0,50.0
57,8,24,2,0,0,50.0
57,3,30,2,0,0,50.0
56,86,28,2,0,0,50.0
56,73,71,2,0,0,50.0
56,13,0,2,0,0,50.0
56,10,10,2,0,0,50.0
55,69,50,2,0,0,50.0
55,64,54,2,0,0,50.0
55,63,47,2,0,0,50.0
55,57,44,2,0,0,50.0
55,3,0,2,0,0,50.0
54,66,58,2,0,0,50.0
54,37,12,2,0,0,50.0
54,29,28,2,0,0,50.0
54,26,18,2,0,0,50.0
54,13,2,2,0,0,50.0
54,9,5,2,0,0,50.0
54,7,23,2,0,0,50.0
53,98,67,2,0,0,50.0
53,95,44,2,0,0,50.0
53,87,46,2,0,0,50.0
53,68,63,2,0,0,50.0
53,66,65,2,0,0,50.0
53,65,48,2,0,0,50.0
53,56,50,2,0,0,50.0
53,40,52,2,0,0,50.0
53,33,54,2,0,0,50.0
53,27,56,2,0,0,50.0
53,26,58,2,0,0,50.0
53,0,60,2,0,0,50.0
52,99,62,2,0,0,50.0
52,97,64,2,0,0,50.0
52,96,58,2,0,0,50.0
52,83,50,2,0,0,50.0
52,71,29,2,0,0,50.0
52,70,52,2,0,0,50.0
52,69,54,2,0,0,50.0
52,62,31,2,0,0,50.0
52,59,66,2,0,0,50.0
52,47,38,2,0,0,50.0
52,44,40,2,0,0,50.0
52,36,36,2,0,0,50.0
52,35,46,2,0,0,50.0
52,34,48,2,0,0,50.0
52,26,56,2,0,0,50.0
52,22,60,2,0,0,50.0
52,13,68,2,0,0,50.0
52,0,70,2,0,0,50.0
51,94,61,2,0,0,50.0
51,91,69,2,0,0,50.0
51,73,73,2,0,0,50.0
51,63,52,2,0,0,50.0
51,57,26,2,0,0,50.0
51,54,30,2,0,0,50.0
51,37,32,2,0,0,50.0
51,23,12,2,0,0,50.0
50,76,5,2,0,0,50.0
50,63,54,2,0,0,50.0
50,59,68,2,0,0,50.0
50,55,2,2,0,0,50.0
50,52,72,2,0,0,50.0
50,51,14,2,0,0,50.0
50,41,0,2,0,0,50.0
50,38,25,2,0,0,50.0
50,30,46,2,0,0,50.0
50,23,10,2,0,0,50.0
50,12,16,2,0,0,50.0
50,9,12,2,0,0,50.0
50,2,18,2,0,0,50.0
50,0,32,2,0,0,50.0
49,96,60,2,0,0,50.0
49,93,43,2,0,0,50.0
49,91,71,2,0,0,50.0
49,89,45,2,0,0,50.0
49,79,74,2,0,0,50.0
49,70,54,2,0,0,50.0
49,59,76,2,0,0,50.0
49,57,34,2,0,0,50.0
49,55,20,2,0,0,50.0
49,51,18,2,0,0,50.0
49,41,22,2,0,0,50.0
49,39,39,2,0,0,50.0
49,33,30,2,0,0,50.0
49,30,51,2,0,0,50.0
49,27,24,2,0,0,50.0
49,20,49,2,0,0,50.0
49,19,32,2,0,0,50.0
49,15,28,2,0,0,50.0
49,8,47,2,0,0,50.0
48,89,41,2,0,0,50.0
48,87,28,2,0,0,50.0
48,84,49,2,0,0,50.0
48,75,43,2,0,0,50.0
48,70,58,2,0,0,50.0
48,63,56,2,0,0,50.0
48,56,30,2,0,0,50.0
48,52,74,2,0,0,50.0
48,49,62,2,0,0,50.0
48,35,34,2,0,0,50.0
48,34,9,2,0,0,50.0
48,28,32,2,0,0,50.0
48,24,11,2,0,0,50.0
48,22,36,2,0,0,50.0
48,18,13,2,0,0,50.0
48,12,45,2,0,0,50.0
48,0,47,2,0,0,50.0
47,86,34,2,0,0,50.0
47,83,54,2,0,0,50.0
47,76,7,2,0,0,50.0
47,48,51,2,0,0,50.0
47,43,42,2,0,0,50.0
47,35,0,2,0,0,50.0
47,34,2,2,0,0,50.0
47,13,4,2,0,0,50.0
47,8,40,2,0,0,50.0
47,1,44,2,0,0,50.0
47,0,15,2,0,0,50.0
46,99,64,2,0,0,50.0
46,97,66,2,0,0,50.0
46,85,36,2,0,0,50.0
46,82,68,2,0,0,50.0
46,80,70,2,0,0,50.0
46,79,76,2,0,0,50.0
46,77,24,2,0,0,50.0
46,75,46,2,0,0,50.0
46,71,31,2,0,0,50.0
46,62,2,2,0,0,50.0
46,59,53,2,0,0,50.0
46,58,58,2,0,0,50.0
46,48,60,2,0,0,50.0
46,40,20,2,0,0,50.0
46,27,22,2,0,0,50.0
46,25,38,2,0,0,50.0
46,18,48,2,0,0,50.0
46,12,62,2,0,0,50.0
46,10,40,2,0,0,50.0
45,83,56,2,0,0,50.0
45,82,65,2,0,0,50.0
45,72,51,2,0,0,50.0
45,60,42,2,0,0,50.0
45,55,27,2,0,0,50.0
45,43,34,2,0,0,50.0
45,38,14,2,0,0,50.0
45,19,16,2,0,0,50.0
45,13,18,2,0,0,50.0
44,87,42,2,0,0,50.0
44,76,19,2,0,0,50.0
44,71,25,2,0,0,50.0
44,70,65,2,0,0,50.0
44,64,56,2,0,0,50.0
44,36,21,2,0,0,50.0
44,18,5,2,0,0,50.0
44,9,7,2,0,0,50.0
44,2,15,2,0,0,50.0
43,95,7,2,0,0,50.0
43,87,44,2,0,0,50.0
43,85,28,2,0,0,50.0
43,80,68,2,0,0,50.0
43,75,52,2,0,0,50.0
43,68,70,2,0,0,50.0
43,65,46,2,0,0,50.0
43,54,36,2,0,0,50.0
43,53,72,2,0,0,50.0
43,50,38,2,0,0,50.0
43,44,54,2,0,0,50.0
43,42,56,2,0,0,50.0
43,33,32,2,0,0,50.0
43,27,58,2,0,0,50.0
43,25,60,2,0,0,50.0
43,15,62,2,0,0,50.0
43,2,30,2,0,0,50.0
42,95,46,2,0,0,50.0
42,91,73,2,0,0,50.0
42,89,43,2,0,0,50.0
42,62,51,2,0,0,50.0
42,61,58,2,0,0,50.0
42,59,70,2,0,0,50.0
42,28,60,2,0,0,50.0
42,27,53,2,0,0,50.0
42,24,62,2,0,0,50.0
42,23,64,2,0,0,50.0
42,19,66,2,0,0,50.0
41,63,58,2,0,0,50.0
41,56,2,2,0,0,50.0
41,30,42,2,0,0,50.0
41,28,4,2,0,0,50.0
41,17,38,2,0,0,50.0
40,87,49,2,0,0,50.0
40,85,34,2,0,0,50.0
40,81,65,2,0,0,50.0
40,61,43,2,0,0,50.0
40,28,27,2,0,0,50.0
40,7,29,2,0,0,50.0
40,3,36,2,0,0,50.0
39,91,75,2,0,0,50.0
39,89,47,2,0,0,50.0
39,86,43,2,0,0,50.0
39,85,45,2,0,0,50.0
39,71,27,2,0,0,50.0
39,65,50,2,0,0,50.0
39,54,52,2,0,0,50.0
39,48,54,2,0,0,50.0
39,47,56,2,0,0,50.0
39,42,68,2,0,0,50.0
39,34,36,2,0,0,50.0
39,31,58,2,0,0,50.0
39,26,60,2,0,0,50.0
39,25,62,2,0,0,50.0
39,24,2,2,0,0,50.0
39,20,64,2,0,0,50.0
39,12,66,2,0,0,50.0
39,7,70,2,0,0,50.0
39,5,72,2,0,0,50.0
38,78,74,2,0,0,50.0
38,58,60,2,0,0,50.0
38,45,45,2,0,0,50.0
38,30,56,2,0,0,50.0
38,14,27,2,0,0,50.0
38,7,31,2,0,0,50.0
37,97,68,2,0,0,50.0
37,94,63,2,0,0,50.0
37,93,40,2,0,0,50.0
37,83,58,2,0,0,50.0
37,65,52,2,0,0,50.0
37,64,60,2,0,0,50.0
37,59,72,2,0,0,50.0
37,55,29,2,0,0,50.0
37,54,25,2,0,0,50.0
37,52,76,2,0,0,50.0
37,48,65,2,0,0,50.0
37,43,74,2,0,0,50.0
37,42,78,2,0,0,50.0
37,40,45,2,0,0,50.0
37,38,34,2,0,0,50.0
37,33,42,2,0,0,50.0
37,21,47,2,0,0,50.0
37,20,36,2,0,0,50.0
37,19,10,2,0,0,50.0
37,12,38,2,0,0,50.0
36,97,70,2,0,0,50.0
36,95,29,2,0,0,50.0
36,94,65,2,0,0,50.0
36,92,59,2,0,0,50.0
36,87,51,2,0,0,50.0
36,83,61,2,0,0,50.0
36,72,56,2,0,0,50.0
36,65,41,2,0,0,50.0
36,64,63,2,0,0,50.0
36,58,67,2,0,0,50.0
36,57,46,2,0,0,50.0
36,56,19,2,0,0,50.0
36,50,23,2,0,0,50.0
36,48,72,2,0,0,50.0
36,33,34,2,0,0,50.0
36,26,31,2,0,0,50.0
36,0,39,2,0,0,50.0
35,96,62,2,0,0,50.0
35,88,68,2,0,0,50.0
35,76,36,2,0,0,50.0
35,70,70,2,0,0,50.0
35,69,56,2,0,0,50.0
35,63,60,2,0,0,50.0
35,60,54,2,0,0,50.0
35,56,4,2,0,0,50.0
35,53,74,2,0,0,50.0
35,52,78,2,0,0,50.0
35,41,6,2,0,0,50.0
35,40,41,2,0,0,50.0
35,37,49,2,0,0,50.0
35,36,76,2,0,0,50.0
35,26,64,2,0,0,50.0
35,24,58,2,0,0,50.0
35,16,51,2,0,0,50.0
35,11,66,2,0,0,50.0
35,4,72,2,0,0,50.0
34,96,64,2,0,0,50.0
34,94,67,2,0,0,50.0
34,93,45,2,0,0,50.0
34,92,61,2,0,0,50.0
34,88,70,2,0,0,50.0
34,86,38,2,0,0,50.0
34,84,54,2,0,0,50.0
34,81,72,2,0,0,50.0
34,72,74,2,0,0,50.0
34,66,76,2,0,0,50.0
34,54,7,2,0,0,50.0
34,51,40,2,0,0,50.0
34,43,78,2,0,0,50.0
34,40,56,2,0,0,50.0
34,36,25,2,0,0,50.0
34,31,11,2,0,0,50.0
34,27,50,2,0,0,50.0
34,21,30,2,0,0,50.0
34,18,58,2,0,0,50.0
34,4,42,2,0,0,50.0
34,0,13,2,0,0,50.0
33,96,66,2,0,0,50.0
33,87,56,2,0,0,50.0
33,79,78,2,0,0,50.0
33,75,48,2,0,0,50.0
33,69,61,2,0,0,50.0
33,61,39,2,0,0,50.0
33,57,58,2,0,0,50.0
33,55,63,2,0,0,50.0
33,26,68,2,0,0,50.0
33,20,70,2,0,0,50.0
33,17,46,2,0,0,50.0
33,1,72,2,0,0,50.0
32,99,66,2,0,0,50.0
32,97,72,2,0,0,50.0
32,95,39,2,0,0,50.0
32,86,46,2,0,0,50.0
32,81,68,2,0,0,50.0
32,70,74,2,0,0,50.0
32,67,70,2,0,0,50.0
32,66,62,2,0,0,50.0
32,64,58,2,0,0,50.0
32,60,56,2,0,0,50.0
32,59,78,2,0,0,50.0
32,58,64,2,0,0,50.0
32,51,28,2,0,0,50.0
32,40,54,2,0,0,50.0
32,33,76,2,0,0,50.0
32,31,17,2,0,0,50.0
32,14,30,2,0,0,50.0
32,13,51,2,0,0,50.0
32,8,26,2,0,0,50.0
32,5,48,2,0,0,50.0
32,1,60,2,0,0,50.0
31,96,68,2,0,0,50.0
31,88,72,2,0,0,50.0
31,80,74,2,0,0,50.0
31,78,76,2,0,0,50.0
31,72,61,2,0,0,50.0
31,67,78,2,0,0,50.0
31,66,70,2,0,0,50.0
31,37,54,2,0,0,50.0
30,95,58,2,0,0,50.0
30,83,63,2,0,0,50.0
30,76,44,2,0,0,50.0
30,62,60,2,0,0,50.0
30,55,65,2,0,0,50.0
30,22,67,2,0,0,50.0
30,18,69,2,0,0,50.0
30,14,71,2,0,0,50.0
30,9,73,2,0,0,50.0
30,5,75,2,0,0,50.0
30,0,77,2,0,0,50.0
29,98,69,2,0,0,50.0
29,93,47,2,0,0,50.0
29,81,74,2,0,0,50.0
29,76,39,2,0,0,50.0
29,71,41,2,0,0,50.0
29,70,67,2,0,0,50.0
29,64,65,2,0,0,50.0
29,62,43,2,0,0,50.0
29,56,52,2,0,0,50.0
29,55,56,2,0,0,50.0
29,53,76,2,0,0,50.0
29,49,58,2,0,0,50.0
29,47,49,2,0,0,50.0
29,12,60,2,0,0,50.0
29,9,62,2,0,0,50.0
29,5,54,2,0,0,50.0
28,97,74,2,0,0,50.0
28,82,70,2,0,0,50.0
28,74,58,2,0,0,50.0
28,51,20,2,0,0,50.0
28,48,67,2,0,0,50.0
28,19,6,2,0,0,50.0
28,5,9,2,0,0,50.0
28,2,25,2,0,0,50.0
27,91,77,2,0,0,50.0
27,82,72,2,0,0,50.0
27,66,74,2,0,0,50.0
27,47,46,2,0,0,50.0
27,36,44,2,0,0,50.0
27,19,38,2,0,0,50.0
27,12,64,2,0,0,50.0
27,11,26,2,0,0,50.0
27,7,66,2,0,0,50.0
27,3,60,2,0,0,50.0
27,1,62,2,0,0,50.0
27,0,68,2,0,0,50.0
26,88,74,2,0,0,50.0
26,85,38,2,0,0,50.0
26,81,70,2,0,0,50.0
26,78,78,2,0,0,50.0
26,71,33,2,0,0,50.0
26,46,72,2,0,0,50.0
26,31,66,2,0,0,50.0
25,89,49,2,0,0,50.0
25,86,40,2,0,0,50.0
25,75,54,2,0,0,50.0
25,71,35,2,0,0,50.0
25,67,72,2,0,0,50.0
25,57,51,2,0,0,50.0
25,51,47,2,0,0,50.0
25,46,56,2,0,0,50.0
25,19,58,2,0,0,50.0
25,15,64,2,0,0,50.0
25,13,33,2,0,0,50.0
25,1,66,2,0,0,50.0
24,88,76,2,0,0,50.0
24,87,53,2,0,0,50.0
24,75,56,2,0,0,50.0
24,45,36,2,0,0,50.0
24,27,70,2,0,0,50.0
24,23,38,2,0,0,50.0
23,98,71,2,0,0,50.0
23,94,69,2,0,0,50.0
23,89,53,2,0,0,50.0
23,76,48,2,0,0,50.0
23,67,74,2,0,0,50.0
23,65,56,2,0,0,50.0
23,55,40,2,0,0,50.0
23,54,42,2,0,0,50.0
23,48,76,2,0,0,50.0
23,31,14,2,0,0,50.0
23,29,78,2,0,0,50.0
23,26,62,2,0,0,50.0
23,21,44,2,0,0,50.0
23,18,50,2,0,0,50.0
23,13,16,2,0,0,50.0
23,12,18,2,0,0,50.0
23,7,58,2,0,0,50.0
22,64,69,2,0,0,50.0
22,63,62,2,0,0,50.0
22,27,28,2,0,0,50.0
22,10,21,2,0,0,50.0
22,8,0,2,0,0,50.0
21,96,70,2,0,0,50.0
21,84,56,2,0,0,50.0
21,75,58,2,0,0,50.0
21,70,72,2,0,0,50.0
21,55,60,2,0,0,50.0
21,40,62,2,0,0,50.0
21,10,49,2,0,0,50.0
21,9,64,2,0,0,50.0
21,3,66,2,0,0,50.0
21,0,74,2,0,0,50.0
20,90,55,2,0,0,50.0
20,77,38,2,0,0,50.0
20,72,66,2,0,0,50.0
20,65,60,2,0,0,50.0
20,29,72,2,0,0,50.0
19,89,55,2,0,0,50.0
19,84,51,2,0,0,50.0
19,71,46,2,0,0,50.0
19,68,68,2,0,0,50.0
19,61,19,2,0,0,50.0
19,60,74,2,0,0,50.0
19,46,78,2,0,0,50.0
19,38,8,2,0,0,50.0
19,36,53,2,0,0,50.0
19,25,70,2,0,0,50.0
19,22,23,2,0,0,50.0
19,17,40,2,0,0,50.0
19,15,21,2,0,0,50.0
19,9,35,2,0,0,50.0
19,8,30,2,0,0,50.0
19,4,60,2,0,0,50.0
18,89,60,2,0,0,50.0
18,62,20,2,0,0,50.0
18,51,54,2,0,0,50.0
18,37,56,2,0,0,50.0
18,10,23,2,0,0,50.0
18,8,9,2,0,0,50.0
18,2,52,2,0,0,50.0
17,93,49,2,0,0,50.0
17,89,62,2,0,0,50.0
17,85,51,2,0,0,50.0
17,76,58,2,0,0,50.0
17,70,76,2,0,0,50.0
17,63,64,2,0,0,50.0
17,62,55,2,0,0,50.0
17,44,60,2,0,0,50.0
17,43,66,2,0,0,50.0
17,40,68,2,0,0,50.0
17,15,70,2,0,0,50.0
17,11,0,2,0,0,50.0
17,6,2,2,0,0,50.0
17,3,72,2,0,0,50.0
16,73,75,2,0,0,50.0
16,54,38,2,0,0,50.0
16,39,77,2,0,0,50.0
16,18,62,2,0,0,50.0
16,2,43,2,0,0,50.0
15,97,76,2,0,0,50.0
15,86,48,2,0,0,50.0
15,84,66,2,0,0,50.0
15,76,23,2,0,0,50.0
15,75,50,2,0,0,50.0
15,71,37,2,0,0,50.0
15,69,68,2,0,0,50.0
15,68,72,2,0,0,50.0
15,55,5,2,0,0,50.0
15,21,78,2,0,0,50.0
15,20,7,2,0,0,50.0
14,98,73,2,0,0,50.0
14,93,51,2,0,0,50.0
14,69,63,2,0,0,50.0
14,65,65,2,0,0,50.0
14,50,21,2,0,0,50.0
14,40,59,2,0,0,50.0
14,36,49,2,0,0,50.0
14,34,15,2,0,0,50.0
14,9,10,2,0,0,50.0
14,2,32,2,0,0,50.0
14,0,17,2,0,0,50.0
13,92,63,2,0,0,50.0
13,74,56,2,0,0,50.0
13,53,70,2,0,0,50.0
13,42,75,2,0,0,50.0
13,38,6,2,0,0,50.0
13,36,78,2,0,0,50.0
13,35,8,2,0,0,50.0
13,33,44,2,0,0,50.0
13,26,53,2,0,0,50.0
13,19,12,2,0,0,50.0
13,11,35,2,0,0,50.0
13,3,23,2,0,0,50.0
12,94,71,2,0,0,50.0
12,89,68,2,0,0,50.0
12,88,78,2,0,0,50.0
12,87,58,2,0,0,50.0
12,56,21,2,0,0,50.0
12,54,0,2,0,0,50.0
12,36,74,2,0,0,50.0
12,31,23,2,0,0,50.0
12,21,76,2,0,0,50.0
12,11,2,2,0,0,50.0
11,99,68,2,0,0,50.0
11,93,54,2,0,0,50.0
11,92,70,2,0,0,50.0
11,73,77,2,0,0,50.0
11,68,74,2,0,0,50.0
11,64,72,2,0,0,50.0
11,58,62,2,0,0,50.0
11,50,48,2,0,0,50.0
11,45,58,2,0,0,50.0
11,44,28,2,0,0,50.0
11,31,20,2,0,0,50.0
11,24,32,2,0,0,50.0
11,16,56,2,0,0,50.0
11,8,37,2,0,0,50.0
11,5,30,2,0,0,50.0
10,98,75,2,0,0,50.0
10,96,72,2,0,0,50.0
10,75,60,2,0,0,50.0
10,68,77,2,0,0,50.0
10,64,67,2,0,0,50.0
10,31,30,2,0,0,50.0
10,28,36,2,0,0,50.0
10,16,53,2,0,0,50.0
10,1,38,2,0,0,50.0
9,99,70,2,0,0,50.0
9,94,75,2,0,0,50.0
9,93,56,2,0,0,50.0
9,74,60,2,0,0,50.0
9,64,77,2,0,0,50.0
9,47,58,2,0,0,50.0
9,46,50,2,0,0,50.0
9,31,25,2,0,0,50.0
8,86,55,2,0,0,50.0
8,85,53,2,0,0,50.0
8,82,74,2,0,0,50.0
8,74,65,2,0,0,50.0
8,71,57,2,0,0,50.0
8,61,45,2,0,0,50.0
8,57,60,2,0,0,50.0
8,56,6,2,0,0,50.0
8,53,78,2,0,0,50.0
8,45,67,2,0,0,50.0
8,15,35,2,0,0,50.0
8,2,69,2,0,0,50.0
7,77,40,2,0,0,50.0
7,67,76,2,0,0,50.0
7,54,45,2,0,0,50.0
7,8,20,2,0,0,50.0
6,92,65,2,0,0,50.0
6,89,70,2,0,0,50.0
6,83,67,2,0,0,50.0
6,66,72,2,0,0,50.0
6,64,74,2,0,0,50.0
6,56,14,2,0,0,50.0
6,50,34,2,0,0,50.0
6,40,76,2,0,0,50.0
5,89,64,2,0,0,50.0
5,82,77,2,0,0,50.0
5,38,38,2,0,0,50.0
5,28,14,2,0,0,50.0
4,87,62,2,0,0,50.0
4,80,76,2,0,0,50.0
4,75,27,2,0,0,50.0
4,54,56,2,0,0,50.0
4,50,36,2,0,0,50.0
4,49,64,2,0,0,50.0
4,14,25,2,0,0,50.0
4,11,44,2,0,0,50.0
4,3,38,2,0,0,50.0
3,97,78,2,0,0,50.0
3,96,74,2,0,0,50.0
3,89,76,2,0,0,50.0
3,87,68,2,0,0,50.0
3,58,70,2,0,0,50.0
3,54,34,2,0,0,50.0
3,38,49,2,0,0,50.0
3,24,4,2,0,0,50.0
3,20,20,2,0,0,50.0
3,14,40,2,0,0,50.0
2,99,72,2,0,0,50.0
2,77,45,2,0,0,50.0
2,71,55,2,0,0,50.0
2,70,78,2,0,0,50.0
2,65,58,2,0,0,50.0
2,56,34,2,0,0,50.0
2,54,60,2,0,0,50.0
2,44,62,2,0,0,50.0
2,43,64,2,0,0,50.0
2,25,74,2,0,0,50.0
2,8,76,2,0,0,50.0
1,96,76,2,0,0,50.0
1,87,64,2,0,0,50.0
1,77,32,2,0,0,50.0
1,76,46,2,0,0,50.0
1,61,50,2,0,0,50.0
1,51,36,2,0,0,50.0
1,48,69,2,0,0,50.0
1,44,34,2,0,0,50.0
1,41,8,2,0,0,50.0
1,14,78,2,0,0,50.0
1,7,74,2,0,0,50.0
1,3,42,2,0,0,50.0
1,0,52,2,0,0,50.0
0,84,64,2,0,0,50.0
0,65,72,2,0,0,50.0
0,55,7,2,0,0,50.0
0,54,49,2,0,0,50.0
0,44,9,2,0,0,50.0
0,41,11,2,0,0,50.0
0,23,66,2,0,0,50.0
0,22,2,2,0,0,50.0
0,7,35,2,0,0,50.0
