0.0,0.0,0.0,0.0,0.0,0.0,84.0,0.0,0.0,0.0,414.0,0.0,0.0,0.0,447.0,0.0,0.0,0.0,98.4,0.0,0.0,69.6,0.0,72.0,0.0,68.4,0.0,87.6,88.8,0.0,0.0,64.8,63.6,432.0,0.0,66.0,0.0,0.0,0.0,0.0,0.0,0.0,0.0,0.0,466.0,0.0,0.0,0.0,0.0,0.0,61.2,0.0,75.6,0.0,0.0,72.0,0.0,98.4,0.0,61.2,111.6,0.0,0.0,0.0,0.0,68.4,67.2,72.0,0.0,0.0,436.0,0.0,0.0,100.8,0.0,72.0,0.0,0.0,87.6,0.0,0.0,0.0,0.0,0.0,0.0,0.0,88.8,0.0,68.4,0.0,111.6,0.0,0.0,111.6,96.0,0.0,0.0,0.0,86.4,0.0
0.0,0.0,0.0,0.0,0.0,0.0,0.0,67.2,0.0,0.0,0.0,0.0,0.0,0.0,64.8,0.0,0.0,0.0,0.0,0.0,0.0,0.0,0.0,0.0,442.0,0.0,0.0,0.0,112.8,0.0,0.0,0.0,0.0,0.0,0.0,0.0,0.0,0.0,0.0,62.4,0.0,0.0,0.0,81.6,0.0,0.0,0.0,0.0,0.0,0.0,0.0,434.0,0.0,0.0,0.0,103.2,0.0,61.2,0.0,97.2,0.0,0.0,74.4,0.0,91.2,0.0,0.0,0.0,0.0,0.0,96.0,410.0,0.0,0.0,0.0,120.0,0.0,0.0,0.0,0.0,0.0,0.0,67.2,62.4,92.4,0.0,0.0,0.0,406.0,0.0,90.0,0.0,0.0,0.0,0.0,0.0,0.0,0.0,0.0,0.0
0.0,0.0,0.0,98.4,0.0,0.0,0.0,0.0,85.2,0.0,0.0,0.0,0.0,0.0,0.0,0.0,0.0,0.0,0.0,0.0,0.0,0.0,0.0,0.0,0.0,0.0,66.0,446.0,0.0,0.0,0.0,0.0,0.0,0.0,0.0,0.0,0.0,0.0,97.2,0.0,0.0,76.8,0.0,0.0,0.0,0.0,110.4,0.0,0.0,406.0,82.8,0.0,0.0,0.0,0.0,0.0,0.0,0.0,0.0,0.0,0.0,0.0,0.0,0.0,64.8,0.0,66.0,0.0,0.0,64.8,0.0,0.0,0.0,0.0,0.0,0.0,0.0,0.0,0.0,0.0,0.0,0.0,0.0,79.2,0.0,0.0,0.0,93.6,0.0,0.0,0.0,78.0,0.0,0.0,0.0,0.0,85.2,0.0,0.0,0.0
0.0,0.0,0.0,0.0,0.0,0.0,0.0,0.0,0.0,420.0,0.0,0.0,0.0,0.0,0.0,0.0,0.0,0.0,0.0,0.0,0.0,97.2,0.0,0.0,0.0,0.0,94.8,74.4,0.0,0.0,0.0,0.0,64.8,0.0,0.0,0.0,0.0,0.0,0.0,66.0,0.0,0.0,0.0,0.0,0.0,0.0,0.0,0.0,0.0,0.0,0.0,0.0,0.0,0.0,0.0,0.0,0.0,0.0,0.0,0.0,0.0,0.0,0.0,106.8,0.0,0.0,0.0,0.0,109.2,0.0,0.0,0.0,0.0,0.0,0.0,0.0,0.0,0.0,0.0,0.0,0.0,0.0,0.0,0.0,78.0,0.0,0.0,60.0,0.0,0.0,80.4,0.0,74.4,0.0,0.0,0.0,480.0,0.0,0.0,0.0
0.0,0.0,63.6,0.0,0.0,0.0,0.0,0.0,0.0,64.8,0.0,0.0,415.0,86.4,61.2,63.6,79.2,0.0,0.0,427.0,70.8,80.4,0.0,0.0,0.0,0.0,0.0,0.0,82.8,0.0,0.0,0.0,0.0,0.0,85.2,0.0,0.0,69.6,0.0,0.0,0.0,117.6,409.0,72.0,0.0,0.0,0.0,0.0,84.0,124.8,0.0,0.0,0.0,0.0,105.6,0.0,0.0,0.0,0.0,0.0,0.0,61.2,0.0,62.4,0.0,0.0,0.0,0.0,0.0,0.0,0.0,62.4,0.0,86.4,96.0,76.8,88.8,0.0,0.0,120.0,0.0,0.0,0.0,79.2,73.2,0.0,408.0,0.0,0.0,0.0,63.6,64.8,106.8,87.6,0.0,0.0,0.0,88.8,0.0,0.0
62.4,0.0,0.0,0.0,76.8,0.0,0.0,0.0,0.0,0.0,112.8,98.4,0.0,0.0,401.0,0.0,0.0,0.0,0.0,0.0,0.0,0.0,0.0,0.0,0.0,116.4,0.0,78.0,427.0,0.0,0.0,0.0,72.0,72.0,0.0,0.0,70.8,0.0,99.6,0.0,0.0,63.6,0.0,0.0,73.2,0.0,0.0,0.0,76.8,85.2,66.0,0.0,0.0,0.0,0.0,0.0,61.2,114.0,78.0,60.0,91.2,0.0,0.0,0.0,0.0,0.0,0.0,0.0,0.0,0.0,0.0,98.4,0.0,0.0,0.0,67.2,0.0,114.0,0.0,98.4,78.0,0.0,85.2,75.6,84.0,0.0,0.0,0.0,93.6,0.0,0.0,0.0,0.0,0.0,82.8,0.0,92.4,0.0,0.0,0.0
0.0,68.4,87.6,0.0,0.0,0.0,0.0,73.2,0.0,74.4,0.0,0.0,0.0,0.0,0.0,0.0,120.0,81.6,0.0,0.0,0.0,62.4,0.0,0.0,0.0,0.0,79.2,0.0,0.0,0.0,0.0,0.0,92.4,0.0,0.0,0.0,0.0,0.0,0.0,0.0,93.6,0.0,78.0,91.2,0.0,0.0,0.0,0.0,0.0,0.0,0.0,0.0,0.0,0.0,92.4,0.0,0.0,0.0,0.0,0.0,0.0,0.0,0.0,0.0,0.0,0.0,60.0,0.0,0.0,0.0,0.0,0.0,66.0,78.0,0.0,0.0,422.0,0.0,0.0,0.0,0.0,0.0,0.0,78.0,0.0,0.0,67.2,439.0,455.0,0.0,0.0,0.0,73.2,0.0,0.0,0.0,0.0,0.0,0.0,0.0
0.0,422.0,0.0,0.0,0.0,63.6,0.0,0.0,0.0,0.0,0.0,0.0,0.0,0.0,0.0,0.0,0.0,0.0,0.0,0.0,0.0,0.0,0.0,62.4,0.0,0.0,0.0,0.0,70.8,0.0,62.4,0.0,0.0,0.0,86.4,0.0,0.0,0.0,0.0,0.0,0.0,0.0,0.0,0.0,0.0,0.0,0.0,0.0,0.0,0.0,0.0,0.0,0.0,0.0,0.0,0.0,96.0,0.0,0.0,0.0,0.0,0.0,0.0,0.0,0.0,100.8,0.0,115.2,62.4,0.0,114.0,0.0,0.0,0.0,0.0,0.0,0.0,0.0,0.0,0.0,0.0,97.2,0.0,0.0,0.0,0.0,0.0,0.0,0.0,0.0,73.2,87.6,0.0,99.6,92.4,0.0,100.8,0.0,0.0,0.0
0.0,0.0,0.0,0.0,438.0,0.0,62.4,76.8,0.0,68.4,0.0,0.0,60.0,88.8,67.2,0.0,0.0,0.0,73.2,0.0,96.0,0.0,0.0,0.0,78.0,0.0,78.0,0.0,0.0,0.0,0.0,0.0,0.0,0.0,87.6,0.0,0.0,81.6,92.4,0.0,74.4,102.0,0.0,73.2,60.0,87.6,0.0,0.0,85.2,0.0,0.0,0.0,0.0,0.0,0.0,0.0,82.8,0.0,70.8,0.0,103.2,74.4,0.0,0.0,0.0,0.0,0.0,0.0,0.0,67.2,82.8,0.0,66.0,0.0,0.0,0.0,60.0,426.0,0.0,0.0,0.0,0.0,0.0,0.0,0.0,84.0,61.2,0.0,0.0,105.6,0.0,0.0,0.0,0.0,0.0,68.4,0.0,84.0,0.0,0.0
0.0,0.0,413.0,0.0,0.0,0.0,0.0,0.0,0.0,0.0,0.0,0.0,0.0,0.0,0.0,0.0,0.0,0.0,0.0,0.0,0.0,0.0,0.0,0.0,80.4,0.0,68.4,0.0,0.0,78.0,0.0,0.0,0.0,67.2,0.0,76.8,81.6,0.0,0.0,0.0,98.4,0.0,0.0,81.6,0.0,0.0,0.0,0.0,0.0,0.0,85.2,0.0,0.0,0.0,0.0,0.0,0.0,0.0,0.0,0.0,0.0,0.0,0.0,0.0,0.0,69.6,115.2,0.0,0.0,0.0,76.8,0.0,0.0,0.0,0.0,0.0,0.0,0.0,0.0,104.4,0.0,0.0,0.0,0.0,0.0,0.0,0.0,79.2,0.0,0.0,0.0,85.2,0.0,0.0,0.0,0.0,0.0,72.0,0.0,0.0
100.8,0.0,85.2,0.0,0.0,0.0,0.0,0.0,0.0,0.0,0.0,86.4,0.0,118.8,92.4,0.0,0.0,0.0,68.4,0.0,94.8,88.8,75.6,0.0,0.0,401.0,0.0,0.0,0.0,0.0,103.2,0.0,0.0,69.6,0.0,0.0,0.0,0.0,0.0,0.0,68.4,411.0,68.4,0.0,0.0,0.0,0.0,0.0,0.0,66.0,60.0,0.0,0.0,0.0,0.0,82.8,0.0,0.0,62.4,0.0,0.0,0.0,0.0,0.0,88.8,67.2,61.2,0.0,80.4,66.0,0.0,0.0,0.0,0.0,115.2,0.0,78.0,0.0,60.0,427.0,110.4,0.0,0.0,72.0,0.0,0.0,0.0,0.0,0.0,0.0,0.0,0.0,109.2,0.0,0.0,73.2,0.0,0.0,76.8,80.4
0.0,0.0,0.0,0.0,0.0,74.4,105.6,114.0,0.0,0.0,60.0,0.0,0.0,0.0,0.0,109.2,0.0,0.0,0.0,0.0,0.0,0.0,102.0,0.0,0.0,0.0,90.0,0.0,0.0,0.0,0.0,0.0,0.0,0.0,0.0,0.0,0.0,0.0,0.0,0.0,0.0,0.0,0.0,69.6,0.0,0.0,98.4,0.0,0.0,0.0,0.0,0.0,0.0,0.0,0.0,0.0,84.0,0.0,0.0,0.0,0.0,0.0,0.0,0.0,78.0,0.0,0.0,0.0,0.0,0.0,0.0,0.0,0.0,0.0,0.0,80.4,0.0,0.0,0.0,0.0,0.0,0.0,0.0,0.0,109.2,0.0,0.0,434.0,0.0,0.0,0.0,0.0,0.0,0.0,0.0,0.0,0.0,0.0,0.0,0.0
0.0,0.0,0.0,0.0,0.0,104.4,0.0,0.0,0.0,0.0,0.0,0.0,0.0,0.0,0.0,0.0,0.0,0.0,0.0,0.0,0.0,0.0,0.0,0.0,0.0,0.0,0.0,0.0,0.0,0.0,114.0,0.0,0.0,0.0,0.0,0.0,0.0,0.0,0.0,0.0,0.0,66.0,0.0,0.0,0.0,63.6,0.0,0.0,0.0,0.0,0.0,0.0,0.0,0.0,0.0,0.0,80.4,0.0,0.0,0.0,0.0,0.0,0.0,0.0,0.0,0.0,0.0,0.0,0.0,0.0,0.0,0.0,0.0,0.0,0.0,0.0,0.0,0.0,68.4,0.0,0.0,0.0,0.0,0.0,0.0,0.0,0.0,0.0,0.0,0.0,0.0,0.0,0.0,0.0,0.0,0.0,0.0,0.0,0.0,0.0
60.0,0.0,0.0,67.2,0.0,0.0,0.0,0.0,0.0,0.0,0.0,0.0,0.0,0.0,74.4,0.0,429.0,79.2,69.6,93.6,0.0,63.6,0.0,88.8,75.6,0.0,0.0,0.0,80.4,0.0,0.0,0.0,0.0,0.0,80.4,0.0,0.0,0.0,93.6,106.8,72.0,0.0,0.0,111.6,0.0,0.0,0.0,0.0,0.0,0.0,105.6,66.0,0.0,0.0,0.0,0.0,0.0,0.0,447.0,61.2,0.0,0.0,0.0,96.0,0.0,444.0,85.2,91.2,0.0,63.6,0.0,81.6,0.0,0.0,62.4,0.0,0.0,0.0,0.0,0.0,0.0,0.0,0.0,0.0,68.4,0.0,0.0,0.0,427.0,62.4,0.0,70.8,0.0,99.6,0.0,85.2,60.0,0.0,0.0,79.2
76.8,0.0,0.0,91.2,0.0,0.0,0.0,0.0,0.0,64.8,0.0,82.8,0.0,0.0,0.0,0.0,88.8,0.0,0.0,448.0,0.0,0.0,0.0,0.0,90.0,0.0,97.2,0.0,0.0,112.8,0.0,0.0,0.0,0.0,69.6,90.0,0.0,61.2,0.0,0.0,0.0,0.0,0.0,0.0,0.0,0.0,0.0,81.6,0.0,0.0,0.0,0.0,429.0,0.0,432.0,0.0,0.0,0.0,0.0,0.0,0.0,66.0,0.0,0.0,0.0,0.0,99.6,0.0,0.0,0.0,0.0,0.0,78.0,0.0,0.0,0.0,0.0,0.0,0.0,0.0,74.4,69.6,0.0,0.0,0.0,0.0,63.6,0.0,0.0,0.0,61.2,0.0,0.0,0.0,0.0,0.0,0.0,0.0,70.8,0.0
0.0,81.6,109.2,0.0,0.0,62.4,93.6,0.0,0.0,75.6,0.0,0.0,0.0,0.0,0.0,0.0,0.0,0.0,0.0,69.6,86.4,0.0,445.0,0.0,88.8,0.0,0.0,0.0,0.0,0.0,0.0,0.0,0.0,0.0,0.0,70.8,0.0,73.2,0.0,100.8,0.0,0.0,431.0,0.0,0.0,64.8,0.0,0.0,76.8,74.4,0.0,69.6,111.6,0.0,0.0,0.0,0.0,0.0,0.0,0.0,85.2,76.8,60.0,0.0,0.0,0.0,74.4,456.0,0.0,0.0,104.4,0.0,0.0,0.0,0.0,0.0,0.0,0.0,0.0,63.6,68.4,434.0,0.0,0.0,0.0,417.0,64.8,0.0,84.0,76.8,0.0,73.2,0.0,87.6,0.0,68.4,0.0,68.4,0.0,0.0
0.0,0.0,0.0,0.0,0.0,0.0,0.0,0.0,0.0,60.0,0.0,0.0,0.0,0.0,0.0,67.2,0.0,84.0,0.0,0.0,0.0,0.0,420.0,0.0,0.0,0.0,0.0,0.0,0.0,0.0,86.4,0.0,0.0,70.8,430.0,84.0,0.0,66.0,0.0,97.2,81.6,0.0,96.0,0.0,98.4,0.0,117.6,0.0,0.0,69.6,0.0,63.6,0.0,0.0,0.0,66.0,80.4,0.0,63.6,0.0,0.0,0.0,0.0,0.0,0.0,0.0,0.0,99.6,62.4,0.0,0.0,0.0,0.0,104.4,66.0,0.0,72.0,0.0,0.0,0.0,108.0,106.8,0.0,0.0,0.0,0.0,0.0,0.0,73.2,73.2,93.6,0.0,74.4,0.0,0.0,97.2,82.8,0.0,0.0,96.0
0.0,413.0,0.0,0.0,62.4,0.0,0.0,0.0,69.6,0.0,0.0,445.0,0.0,0.0,0.0,61.2,0.0,0.0,0.0,0.0,0.0,0.0,0.0,0.0,442.0,0.0,0.0,0.0,0.0,0.0,0.0,0.0,0.0,0.0,0.0,0.0,0.0,67.2,0.0,0.0,0.0,0.0,0.0,0.0,0.0,0.0,0.0,84.0,0.0,0.0,0.0,0.0,0.0,0.0,0.0,0.0,0.0,0.0,0.0,0.0,0.0,0.0,0.0,0.0,111.6,0.0,0.0,102.0,0.0,0.0,0.0,401.0,76.8,81.6,0.0,0.0,0.0,0.0,408.0,0.0,0.0,0.0,0.0,73.2,0.0,0.0,0.0,0.0,0.0,81.6,0.0,0.0,0.0,69.6,0.0,0.0,0.0,0.0,0.0,112.8
74.4,62.4,0.0,0.0,0.0,0.0,90.0,73.2,0.0,103.2,0.0,74.4,0.0,94.8,0.0,64.8,0.0,0.0,0.0,0.0,0.0,0.0,78.0,0.0,96.0,0.0,100.8,0.0,0.0,0.0,0.0,417.0,0.0,0.0,0.0,82.8,0.0,0.0,0.0,64.8,0.0,64.8,0.0,61.2,0.0,69.6,0.0,85.2,0.0,0.0,0.0,0.0,0.0,78.0,0.0,0.0,0.0,0.0,82.8,0.0,93.6,86.4,0.0,0.0,0.0,0.0,80.4,0.0,0.0,0.0,91.2,96.0,0.0,0.0,0.0,0.0,82.8,0.0,98.4,118.8,0.0,98.4,61.2,0.0,110.4,108.0,0.0,0.0,87.6,100.8,0.0,0.0,0.0,0.0,0.0,0.0,0.0,0.0,0.0,0.0
0.0,0.0,67.2,0.0,0.0,0.0,0.0,0.0,0.0,0.0,0.0,0.0,0.0,457.0,0.0,0.0,0.0,0.0,61.2,0.0,88.8,0.0,0.0,87.6,0.0,0.0,74.4,84.0,0.0,80.4,0.0,0.0,0.0,66.0,0.0,0.0,0.0,0.0,0.0,0.0,64.8,0.0,0.0,0.0,404.0,0.0,80.4,443.0,0.0,0.0,0.0,0.0,0.0,0.0,64.8,0.0,0.0,0.0,0.0,0.0,0.0,67.2,0.0,82.8,68.4,0.0,0.0,0.0,0.0,0.0,0.0,405.0,0.0,0.0,0.0,0.0,0.0,0.0,0.0,0.0,0.0,0.0,0.0,0.0,0.0,73.2,0.0,0.0,0.0,0.0,0.0,0.0,0.0,0.0,0.0,0.0,0.0,0.0,0.0,0.0
0.0,0.0,0.0,0.0,0.0,0.0,104.4,0.0,0.0,0.0,0.0,0.0,0.0,0.0,0.0,0.0,0.0,0.0,0.0,0.0,0.0,0.0,0.0,0.0,0.0,0.0,0.0,0.0,0.0,0.0,0.0,0.0,60.0,0.0,0.0,0.0,0.0,0.0,0.0,0.0,0.0,0.0,0.0,0.0,0.0,0.0,0.0,0.0,0.0,60.0,0.0,0.0,0.0,0.0,0.0,0.0,0.0,0.0,0.0,0.0,0.0,0.0,79.2,0.0,0.0,0.0,0.0,0.0,0.0,0.0,0.0,0.0,0.0,0.0,0.0,0.0,0.0,0.0,67.2,0.0,0.0,0.0,0.0,64.8,0.0,0.0,0.0,0.0,66.0,0.0,0.0,70.8,0.0,0.0,0.0,0.0,0.0,0.0,0.0,0.0
0.0,0.0,0.0,0.0,0.0,0.0,72.0,0.0,123.6,0.0,0.0,0.0,81.6,0.0,0.0,0.0,0.0,0.0,0.0,0.0,0.0,0.0,0.0,0.0,0.0,0.0,0.0,0.0,86.4,0.0,0.0,60.0,0.0,0.0,0.0,0.0,84.0,0.0,0.0,0.0,0.0,0.0,0.0,78.0,0.0,0.0,0.0,0.0,66.0,0.0,0.0,0.0,457.0,0.0,0.0,79.2,421.0,0.0,63.6,0.0,0.0,99.6,0.0,0.0,85.2,64.8,0.0,0.0,76.8,0.0,69.6,0.0,0.0,0.0,0.0,0.0,0.0,0.0,82.8,90.0,0.0,0.0,0.0,0.0,0.0,0.0,0.0,0.0,0.0,0.0,421.0,0.0,108.0,0.0,0.0,90.0,0.0,79.2,61.2,411.0
0.0,0.0,0.0,0.0,0.0,0.0,0.0,0.0,0.0,0.0,0.0,0.0,0.0,0.0,0.0,87.6,0.0,0.0,421.0,124.8,78.0,0.0,0.0,69.6,406.0,0.0,0.0,0.0,0.0,79.2,0.0,82.8,78.0,0.0,0.0,0.0,0.0,72.0,0.0,81.6,78.0,0.0,0.0,0.0,0.0,0.0,0.0,62.4,87.6,0.0,61.2,90.0,0.0,0.0,0.0,0.0,0.0,0.0,62.4,0.0,0.0,69.6,0.0,0.0,0.0,431.0,105.6,67.2,0.0,0.0,0.0,0.0,0.0,81.6,0.0,0.0,0.0,63.6,0.0,0.0,76.8,97.2,0.0,0.0,0.0,84.0,67.2,0.0,0.0,0.0,60.0,81.6,0.0,0.0,0.0,0.0,0.0,72.0,75.6,0.0
0.0,0.0,0.0,63.6,0.0,66.0,0.0,0.0,0.0,0.0,0.0,0.0,0.0,0.0,0.0,0.0,0.0,0.0,0.0,0.0,0.0,0.0,0.0,0.0,64.8,0.0,0.0,108.0,86.4,0.0,80.4,73.2,0.0,0.0,0.0,0.0,0.0,0.0,0.0,0.0,0.0,0.0,0.0,0.0,0.0,0.0,0.0,0.0,0.0,0.0,0.0,0.0,0.0,0.0,0.0,0.0,0.0,0.0,471.0,0.0,0.0,0.0,0.0,0.0,0.0,0.0,0.0,0.0,0.0,0.0,0.0,0.0,0.0,0.0,0.0,0.0,0.0,0.0,0.0,0.0,0.0,0.0,0.0,75.6,0.0,0.0,0.0,0.0,0.0,0.0,104.4,0.0,0.0,0.0,0.0,0.0,0.0,0.0,0.0,0.0
0.0,0.0,0.0,0.0,0.0,0.0,0.0,0.0,0.0,0.0,0.0,0.0,0.0,0.0,0.0,0.0,419.0,0.0,0.0,0.0,0.0,0.0,82.8,0.0,0.0,0.0,0.0,0.0,0.0,0.0,0.0,0.0,0.0,0.0,0.0,0.0,0.0,0.0,0.0,0.0,0.0,0.0,0.0,0.0,0.0,0.0,74.4,0.0,0.0,0.0,0.0,0.0,0.0,0.0,0.0,0.0,0.0,0.0,0.0,0.0,0.0,0.0,0.0,0.0,0.0,78.0,0.0,0.0,0.0,0.0,0.0,0.0,0.0,76.8,111.6,0.0,0.0,0.0,0.0,84.0,0.0,0.0,0.0,0.0,0.0,0.0,0.0,0.0,79.2,0.0,0.0,0.0,0.0,0.0,0.0,0.0,0.0,0.0,0.0,76.8
69.6,0.0,0.0,0.0,0.0,104.4,0.0,0.0,0.0,63.6,0.0,64.8,0.0,96.0,92.4,0.0,72.0,0.0,115.2,0.0,0.0,85.2,0.0,0.0,0.0,0.0,61.2,0.0,0.0,0.0,0.0,0.0,60.0,0.0,64.8,0.0,98.4,0.0,0.0,0.0,0.0,86.4,0.0,0.0,425.0,0.0,0.0,0.0,112.8,0.0,96.0,97.2,0.0,0.0,423.0,0.0,0.0,0.0,0.0,0.0,81.6,100.8,72.0,70.8,0.0,68.4,0.0,0.0,0.0,62.4,0.0,100.8,0.0,0.0,88.8,100.8,105.6,104.4,0.0,0.0,0.0,109.2,0.0,0.0,0.0,0.0,0.0,92.4,0.0,0.0,0.0,0.0,0.0,80.4,0.0,87.6,0.0,0.0,0.0,0.0
0.0,0.0,106.8,0.0,0.0,0.0,456.0,0.0,0.0,0.0,0.0,419.0,70.8,74.4,75.6,0.0,0.0,0.0,0.0,0.0,62.4,0.0,0.0,94.8,88.8,91.2,0.0,0.0,0.0,98.4,0.0,0.0,0.0,0.0,61.2,0.0,0.0,0.0,0.0,0.0,60.0,0.0,0.0,0.0,461.0,62.4,78.0,0.0,0.0,422.0,0.0,73.2,103.2,0.0,439.0,0.0,0.0,122.4,0.0,0.0,0.0,0.0,0.0,0.0,0.0,103.2,0.0,426.0,66.0,0.0,0.0,0.0,0.0,79.2,0.0,87.6,0.0,0.0,0.0,60.0,0.0,70.8,0.0,80.4,0.0,0.0,0.0,0.0,0.0,104.4,110.4,0.0,0.0,67.2,0.0,0.0,0.0,0.0,93.6,0.0
0.0,0.0,0.0,0.0,0.0,0.0,0.0,0.0,0.0,0.0,0.0,0.0,0.0,0.0,0.0,0.0,0.0,0.0,0.0,0.0,0.0,0.0,0.0,0.0,439.0,69.6,0.0,0.0,0.0,0.0,0.0,0.0,80.4,92.4,0.0,0.0,0.0,0.0,0.0,0.0,0.0,0.0,0.0,0.0,0.0,0.0,84.0,0.0,0.0,0.0,0.0,84.0,0.0,0.0,0.0,0.0,0.0,0.0,0.0,0.0,0.0,0.0,0.0,0.0,0.0,0.0,0.0,0.0,0.0,0.0,401.0,0.0,70.8,0.0,0.0,0.0,0.0,0.0,109.2,0.0,76.8,0.0,124.8,0.0,0.0,0.0,0.0,0.0,0.0,0.0,0.0,0.0,0.0,75.6,0.0,0.0,72.0,0.0,0.0,0.0
0.0,0.0,102.0,0.0,0.0,70.8,0.0,0.0,0.0,0.0,0.0,0.0,68.4,0.0,0.0,0.0,0.0,0.0,0.0,88.8,0.0,0.0,0.0,0.0,0.0,0.0,90.0,90.0,0.0,0.0,0.0,0.0,0.0,0.0,0.0,0.0,0.0,84.0,0.0,0.0,0.0,401.0,0.0,0.0,483.0,0.0,60.0,0.0,0.0,0.0,0.0,0.0,0.0,0.0,0.0,0.0,0.0,0.0,0.0,0.0,0.0,0.0,69.6,0.0,0.0,0.0,0.0,0.0,68.4,0.0,0.0,0.0,0.0,106.8,0.0,0.0,62.4,0.0,0.0,447.0,0.0,109.2,102.0,0.0,105.6,110.4,61.2,0.0,0.0,0.0,0.0,72.0,0.0,0.0,0.0,0.0,0.0,0.0,0.0,0.0
0.0,0.0,0.0,0.0,0.0,104.4,0.0,0.0,0.0,0.0,0.0,0.0,61.2,423.0,0.0,0.0,0.0,0.0,0.0,0.0,0.0,67.2,0.0,0.0,0.0,99.6,66.0,0.0,0.0,0.0,0.0,70.8,0.0,0.0,0.0,0.0,0.0,0.0,0.0,0.0,0.0,70.8,0.0,0.0,0.0,0.0,0.0,0.0,0.0,0.0,0.0,0.0,0.0,0.0,0.0,0.0,0.0,0.0,0.0,0.0,0.0,0.0,68.4,0.0,0.0,0.0,0.0,0.0,0.0,0.0,109.2,0.0,0.0,0.0,0.0,0.0,0.0,0.0,0.0,122.4,0.0,0.0,0.0,72.0,0.0,0.0,0.0,0.0,0.0,0.0,0.0,0.0,0.0,0.0,428.0,0.0,0.0,0.0,0.0,0.0
0.0,76.8,0.0,0.0,0.0,0.0,0.0,0.0,73.2,0.0,60.0,0.0,66.0,0.0,0.0,0.0,0.0,0.0,0.0,0.0,0.0,0.0,62.4,0.0,0.0,66.0,0.0,0.0,0.0,447.0,0.0,61.2,63.6,70.8,88.8,85.2,409.0,0.0,0.0,0.0,0.0,0.0,0.0,0.0,0.0,0.0,0.0,0.0,0.0,0.0,80.4,0.0,0.0,0.0,75.6,0.0,90.0,0.0,81.6,0.0,0.0,75.6,0.0,0.0,0.0,0.0,0.0,0.0,94.8,0.0,0.0,420.0,0.0,72.0,0.0,0.0,0.0,0.0,85.2,88.8,70.8,68.4,402.0,0.0,86.4,97.2,0.0,0.0,0.0,0.0,0.0,69.6,0.0,0.0,0.0,0.0,408.0,0.0,100.8,0.0
79.2,0.0,0.0,91.2,0.0,78.0,69.6,0.0,0.0,74.4,72.0,88.8,0.0,60.0,0.0,0.0,0.0,100.8,0.0,0.0,0.0,0.0,0.0,431.0,0.0,0.0,0.0,0.0,70.8,88.8,0.0,0.0,437.0,90.0,110.4,0.0,0.0,0.0,0.0,61.2,0.0,0.0,0.0,0.0,92.4,0.0,0.0,0.0,60.0,0.0,0.0,92.4,85.2,0.0,63.6,0.0,0.0,73.2,0.0,108.0,0.0,0.0,0.0,0.0,0.0,0.0,0.0,423.0,0.0,0.0,0.0,0.0,0.0,0.0,0.0,0.0,0.0,0.0,0.0,0.0,0.0,0.0,0.0,0.0,0.0,0.0,0.0,0.0,0.0,0.0,0.0,0.0,0.0,0.0,87.6,0.0,0.0,0.0,0.0,0.0
0.0,0.0,0.0,0.0,0.0,0.0,0.0,0.0,0.0,0.0,97.2,0.0,75.6,0.0,420.0,0.0,0.0,0.0,0.0,0.0,0.0,76.8,0.0,0.0,0.0,0.0,0.0,0.0,0.0,0.0,0.0,0.0,0.0,0.0,0.0,0.0,0.0,0.0,0.0,0.0,0.0,0.0,0.0,0.0,0.0,0.0,0.0,0.0,0.0,0.0,0.0,0.0,0.0,0.0,70.8,0.0,0.0,0.0,0.0,0.0,0.0,90.0,0.0,0.0,0.0,0.0,0.0,74.4,0.0,96.0,0.0,0.0,0.0,0.0,0.0,100.8,0.0,0.0,0.0,80.4,0.0,0.0,0.0,73.2,0.0,114.0,0.0,0.0,0.0,0.0,0.0,0.0,0.0,73.2,0.0,0.0,0.0,0.0,99.6,0.0
0.0,73.2,0.0,0.0,64.8,0.0,0.0,0.0,0.0,0.0,0.0,75.6,0.0,0.0,0.0,0.0,0.0,0.0,0.0,0.0,85.2,0.0,0.0,75.6,0.0,0.0,0.0,68.4,0.0,0.0,0.0,0.0,0.0,0.0,82.8,0.0,0.0,0.0,96.0,0.0,0.0,0.0,0.0,0.0,0.0,0.0,427.0,0.0,0.0,0.0,80.4,0.0,0.0,94.8,0.0,72.0,87.6,0.0,0.0,0.0,109.2,86.4,0.0,0.0,0.0,0.0,0.0,403.0,0.0,0.0,0.0,78.0,86.4,0.0,0.0,68.4,90.0,81.6,93.6,68.4,0.0,0.0,0.0,0.0,111.6,82.8,75.6,70.8,0.0,429.0,0.0,0.0,0.0,0.0,0.0,66.0,0.0,99.6,0.0,0.0
61.2,0.0,0.0,0.0,79.2,0.0,0.0,0.0,0.0,0.0,0.0,0.0,0.0,0.0,0.0,70.8,0.0,0.0,0.0,0.0,112.8,69.6,0.0,63.6,0.0,75.6,0.0,0.0,0.0,0.0,0.0,0.0,0.0,60.0,0.0,0.0,84.0,0.0,63.6,0.0,84.0,421.0,100.8,0.0,0.0,0.0,88.8,0.0,0.0,0.0,0.0,81.6,0.0,0.0,0.0,0.0,0.0,0.0,0.0,112.8,0.0,0.0,0.0,0.0,0.0,0.0,0.0,0.0,0.0,0.0,100.8,0.0,0.0,0.0,0.0,0.0,0.0,0.0,0.0,0.0,0.0,0.0,0.0,0.0,60.0,0.0,0.0,0.0,0.0,0.0,0.0,0.0,0.0,63.6,0.0,0.0,0.0,0.0,0.0,63.6
0.0,0.0,0.0,73.2,72.0,0.0,0.0,0.0,88.8,0.0,0.0,439.0,0.0,61.2,0.0,0.0,0.0,87.6,0.0,0.0,0.0,94.8,0.0,0.0,0.0,0.0,0.0,64.8,62.4,93.6,0.0,0.0,63.6,0.0,0.0,0.0,84.0,0.0,90.0,0.0,0.0,62.4,0.0,72.0,73.2,0.0,0.0,0.0,0.0,0.0,0.0,0.0,0.0,0.0,0.0,73.2,0.0,455.0,76.8,0.0,428.0,76.8,80.4,75.6,0.0,0.0,0.0,0.0,116.4,0.0,99.6,109.2,0.0,0.0,103.2,103.2,81.6,0.0,0.0,72.0,0.0,424.0,0.0,0.0,0.0,0.0,67.2,0.0,0.0,0.0,0.0,0.0,435.0,0.0,87.6,62.4,0.0,0.0,0.0,0.0
0.0,0.0,0.0,0.0,0.0,0.0,0.0,0.0,0.0,0.0,0.0,0.0,0.0,0.0,0.0,0.0,0.0,0.0,0.0,405.0,0.0,81.6,0.0,0.0,0.0,0.0,0.0,0.0,0.0,0.0,0.0,0.0,0.0,0.0,0.0,0.0,0.0,0.0,0.0,0.0,0.0,0.0,0.0,0.0,0.0,0.0,0.0,0.0,0.0,0.0,72.0,0.0,0.0,0.0,0.0,0.0,0.0,90.0,0.0,0.0,0.0,0.0,0.0,0.0,0.0,0.0,0.0,0.0,0.0,0.0,0.0,0.0,0.0,0.0,0.0,0.0,0.0,0.0,0.0,61.2,0.0,0.0,0.0,0.0,0.0,67.2,0.0,0.0,0.0,0.0,0.0,0.0,0.0,0.0,0.0,0.0,0.0,0.0,0.0,70.8
0.0,0.0,0.0,0.0,0.0,0.0,0.0,0.0,0.0,0.0,75.6,86.4,0.0,0.0,0.0,0.0,0.0,0.0,0.0,0.0,0.0,79.2,0.0,0.0,0.0,76.8,0.0,0.0,0.0,0.0,0.0,0.0,0.0,0.0,0.0,75.6,0.0,0.0,0.0,0.0,0.0,0.0,74.4,0.0,0.0,0.0,62.4,0.0,0.0,0.0,73.2,0.0,0.0,0.0,0.0,0.0,0.0,0.0,0.0,0.0,0.0,0.0,62.4,452.0,0.0,0.0,0.0,0.0,0.0,0.0,0.0,0.0,0.0,0.0,0.0,0.0,0.0,0.0,0.0,0.0,0.0,0.0,0.0,0.0,0.0,0.0,0.0,0.0,0.0,0.0,0.0,0.0,0.0,0.0,0.0,0.0,0.0,0.0,0.0,0.0
0.0,0.0,0.0,0.0,0.0,0.0,72.0,86.4,0.0,0.0,0.0,0.0,0.0,70.8,0.0,0.0,0.0,0.0,94.8,0.0,0.0,67.2,0.0,72.0,423.0,0.0,72.0,0.0,62.4,0.0,0.0,64.8,74.4,0.0,0.0,0.0,455.0,87.6,0.0,0.0,0.0,0.0,0.0,94.8,0.0,0.0,0.0,92.4,0.0,0.0,0.0,0.0,0.0,0.0,0.0,0.0,0.0,0.0,0.0,80.4,0.0,0.0,0.0,0.0,0.0,85.2,0.0,0.0,0.0,96.0,0.0,124.8,84.0,0.0,0.0,0.0,93.6,0.0,0.0,0.0,0.0,0.0,0.0,87.6,67.2,0.0,0.0,0.0,0.0,0.0,0.0,0.0,0.0,0.0,73.2,0.0,84.0,0.0,0.0,0.0
0.0,0.0,0.0,0.0,0.0,78.0,0.0,78.0,67.2,72.0,109.2,85.2,73.2,0.0,75.6,0.0,0.0,96.0,435.0,69.6,0.0,82.8,423.0,0.0,87.6,0.0,100.8,0.0,0.0,0.0,0.0,0.0,93.6,0.0,0.0,74.4,0.0,70.8,0.0,0.0,0.0,0.0,66.0,0.0,0.0,90.0,0.0,450.0,0.0,0.0,0.0,0.0,0.0,64.8,106.8,62.4,78.0,0.0,0.0,0.0,0.0,0.0,0.0,0.0,0.0,0.0,0.0,62.4,0.0,0.0,0.0,0.0,0.0,0.0,433.0,0.0,0.0,0.0,91.2,0.0,97.2,0.0,0.0,81.6,88.8,0.0,0.0,0.0,0.0,0.0,0.0,0.0,80.4,0.0,0.0,81.6,90.0,0.0,0.0,0.0
0.0,0.0,0.0,0.0,81.6,79.2,0.0,0.0,0.0,0.0,84.0,0.0,0.0,0.0,0.0,0.0,0.0,0.0,0.0,0.0,0.0,0.0,0.0,0.0,0.0,0.0,0.0,0.0,79.2,0.0,0.0,0.0,0.0,0.0,0.0,0.0,90.0,0.0,99.6,0.0,0.0,0.0,0.0,0.0,0.0,0.0,0.0,0.0,0.0,0.0,0.0,0.0,0.0,0.0,0.0,0.0,0.0,0.0,0.0,0.0,0.0,0.0,0.0,0.0,0.0,0.0,0.0,0.0,0.0,0.0,0.0,0.0,0.0,0.0,0.0,87.6,79.2,0.0,70.8,0.0,0.0,0.0,0.0,0.0,0.0,0.0,0.0,0.0,0.0,64.8,0.0,0.0,62.4,0.0,0.0,0.0,0.0,0.0,0.0,70.8
0.0,0.0,0.0,0.0,0.0,0.0,0.0,0.0,0.0,106.8,72.0,0.0,0.0,0.0,0.0,0.0,0.0,0.0,0.0,0.0,0.0,0.0,0.0,0.0,0.0,0.0,0.0,0.0,0.0,88.8,0.0,0.0,0.0,0.0,0.0,0.0,80.4,0.0,0.0,0.0,430.0,0.0,0.0,76.8,0.0,72.0,0.0,97.2,0.0,0.0,0.0,0.0,0.0,0.0,0.0,0.0,0.0,0.0,0.0,75.6,0.0,0.0,0.0,0.0,0.0,0.0,0.0,0.0,0.0,0.0,0.0,0.0,0.0,0.0,76.8,0.0,0.0,0.0,0.0,0.0,0.0,91.2,63.6,0.0,0.0,0.0,0.0,0.0,0.0,0.0,72.0,0.0,0.0,79.2,0.0,78.0,0.0,0.0,0.0,0.0
0.0,0.0,0.0,0.0,0.0,87.6,0.0,0.0,0.0,0.0,0.0,0.0,0.0,0.0,0.0,0.0,0.0,0.0,0.0,0.0,0.0,0.0,0.0,110.4,0.0,80.4,0.0,87.6,64.8,0.0,0.0,0.0,0.0,0.0,0.0,0.0,0.0,0.0,0.0,0.0,0.0,0.0,0.0,0.0,0.0,0.0,0.0,0.0,0.0,0.0,0.0,0.0,0.0,0.0,0.0,0.0,80.4,0.0,0.0,0.0,0.0,0.0,0.0,0.0,0.0,0.0,0.0,0.0,0.0,0.0,0.0,0.0,0.0,90.0,0.0,0.0,0.0,0.0,0.0,0.0,0.0,0.0,0.0,0.0,0.0,0.0,0.0,0.0,0.0,0.0,0.0,0.0,79.2,0.0,0.0,0.0,0.0,0.0,0.0,0.0
0.0,0.0,0.0,0.0,110.4,0.0,0.0,0.0,0.0,92.4,0.0,82.8,0.0,0.0,0.0,0.0,75.6,0.0,0.0,0.0,66.0,0.0,0.0,0.0,0.0,0.0,0.0,0.0,0.0,0.0,0.0,0.0,0.0,0.0,0.0,63.6,0.0,0.0,0.0,0.0,0.0,0.0,0.0,0.0,0.0,0.0,0.0,0.0,0.0,0.0,0.0,0.0,0.0,0.0,0.0,0.0,0.0,0.0,0.0,0.0,0.0,0.0,0.0,0.0,0.0,0.0,0.0,0.0,0.0,0.0,0.0,0.0,0.0,0.0,0.0,93.6,0.0,0.0,0.0,69.6,0.0,0.0,0.0,0.0,0.0,0.0,0.0,0.0,0.0,0.0,0.0,93.6,0.0,78.0,0.0,0.0,0.0,0.0,0.0,0.0
0.0,0.0,0.0,61.2,0.0,0.0,0.0,0.0,0.0,0.0,0.0,0.0,0.0,0.0,0.0,0.0,0.0,0.0,0.0,0.0,0.0,0.0,0.0,0.0,0.0,0.0,0.0,100.8,0.0,0.0,0.0,0.0,0.0,0.0,85.2,0.0,0.0,0.0,0.0,0.0,0.0,0.0,68.4,0.0,0.0,0.0,0.0,0.0,0.0,0.0,0.0,0.0,94.8,0.0,0.0,0.0,0.0,0.0,76.8,0.0,0.0,0.0,0.0,74.4,0.0,0.0,0.0,90.0,0.0,0.0,0.0,0.0,0.0,0.0,0.0,0.0,61.2,0.0,0.0,0.0,0.0,0.0,0.0,0.0,0.0,0.0,81.6,0.0,0.0,0.0,0.0,0.0,0.0,0.0,0.0,0.0,0.0,0.0,0.0,0.0
0.0,0.0,0.0,0.0,0.0,0.0,0.0,0.0,0.0,0.0,0.0,0.0,0.0,0.0,0.0,0.0,0.0,0.0,0.0,0.0,0.0,0.0,0.0,0.0,0.0,0.0,0.0,0.0,0.0,0.0,0.0,0.0,0.0,0.0,0.0,0.0,70.8,0.0,0.0,70.8,0.0,0.0,0.0,0.0,0.0,0.0,0.0,0.0,0.0,0.0,105.6,0.0,0.0,0.0,0.0,0.0,0.0,0.0,0.0,0.0,0.0,0.0,0.0,0.0,0.0,0.0,0.0,0.0,79.2,0.0,0.0,0.0,0.0,0.0,456.0,0.0,0.0,0.0,0.0,0.0,0.0,0.0,0.0,0.0,0.0,0.0,0.0,0.0,0.0,0.0,0.0,0.0,0.0,0.0,0.0,0.0,0.0,0.0,0.0,90.0
0.0,0.0,0.0,0.0,0.0,0.0,0.0,0.0,0.0,0.0,0.0,0.0,0.0,0.0,0.0,0.0,0.0,0.0,0.0,76.8,0.0,90.0,0.0,112.8,0.0,0.0,0.0,0.0,0.0,0.0,0.0,0.0,70.8,79.2,0.0,0.0,0.0,0.0,0.0,0.0,426.0,0.0,73.2,0.0,0.0,0.0,0.0,0.0,0.0,0.0,0.0,0.0,0.0,0.0,99.6,0.0,0.0,85.2,0.0,0.0,0.0,93.6,0.0,0.0,0.0,0.0,93.6,0.0,0.0,0.0,67.2,0.0,0.0,0.0,0.0,0.0,0.0,0.0,0.0,0.0,0.0,0.0,0.0,0.0,0.0,0.0,81.6,0.0,0.0,0.0,0.0,0.0,0.0,0.0,0.0,0.0,0.0,0.0,0.0,0.0
79.2,0.0,0.0,0.0,0.0,0.0,0.0,0.0,0.0,0.0,0.0,70.8,0.0,0.0,0.0,0.0,0.0,0.0,0.0,61.2,0.0,88.8,0.0,0.0,0.0,0.0,0.0,0.0,0.0,0.0,0.0,0.0,0.0,0.0,0.0,0.0,0.0,0.0,0.0,0.0,0.0,466.0,0.0,0.0,0.0,68.4,0.0,0.0,0.0,0.0,0.0,97.2,0.0,0.0,0.0,0.0,79.2,76.8,0.0,0.0,418.0,0.0,0.0,0.0,72.0,0.0,0.0,0.0,0.0,0.0,0.0,0.0,0.0,0.0,0.0,0.0,0.0,0.0,0.0,76.8,0.0,0.0,0.0,75.6,0.0,86.4,0.0,0.0,0.0,0.0,0.0,0.0,0.0,0.0,0.0,0.0,0.0,0.0,0.0,99.6
0.0,0.0,0.0,0.0,0.0,0.0,67.2,0.0,0.0,0.0,0.0,0.0,0.0,0.0,0.0,0.0,0.0,0.0,76.8,0.0,0.0,0.0,0.0,0.0,0.0,0.0,0.0,0.0,0.0,0.0,0.0,0.0,0.0,0.0,0.0,0.0,0.0,72.0,0.0,0.0,0.0,0.0,0.0,0.0,0.0,103.2,0.0,0.0,0.0,0.0,0.0,96.0,0.0,0.0,0.0,0.0,0.0,0.0,0.0,0.0,68.4,0.0,0.0,0.0,0.0,0.0,0.0,0.0,0.0,0.0,0.0,0.0,0.0,0.0,0.0,0.0,0.0,0.0,0.0,0.0,0.0,0.0,110.4,0.0,0.0,0.0,0.0,0.0,0.0,0.0,0.0,0.0,0.0,0.0,0.0,0.0,0.0,0.0,0.0,0.0
0.0,0.0,0.0,0.0,81.6,0.0,0.0,0.0,0.0,0.0,0.0,0.0,75.6,0.0,0.0,0.0,0.0,0.0,0.0,0.0,0.0,0.0,60.0,0.0,0.0,99.6,0.0,0.0,0.0,0.0,61.2,0.0,0.0,0.0,0.0,0.0,0.0,0.0,75.6,0.0,81.6,0.0,0.0,0.0,0.0,0.0,0.0,0.0,0.0,0.0,0.0,0.0,0.0,423.0,0.0,0.0,0.0,0.0,0.0,0.0,0.0,0.0,0.0,0.0,0.0,106.8,0.0,0.0,0.0,0.0,0.0,75.6,0.0,0.0,0.0,0.0,0.0,0.0,0.0,0.0,0.0,0.0,0.0,0.0,0.0,0.0,110.4,0.0,78.0,0.0,0.0,0.0,0.0,0.0,66.0,0.0,0.0,0.0,0.0,0.0
0.0,0.0,80.4,0.0,409.0,0.0,0.0,74.4,96.0,79.2,0.0,0.0,87.6,441.0,0.0,0.0,0.0,422.0,0.0,0.0,90.0,0.0,92.4,0.0,0.0,0.0,0.0,447.0,0.0,0.0,0.0,0.0,0.0,0.0,63.6,68.4,99.6,66.0,0.0,0.0,0.0,66.0,91.2,0.0,63.6,0.0,80.4,0.0,0.0,99.6,0.0,81.6,0.0,0.0,417.0,0.0,104.4,0.0,0.0,0.0,0.0,0.0,0.0,0.0,0.0,0.0,69.6,0.0,81.6,0.0,0.0,0.0,0.0,84.0,0.0,97.2,0.0,67.2,0.0,0.0,0.0,0.0,0.0,0.0,0.0,0.0,67.2,0.0,84.0,0.0,0.0,82.8,0.0,0.0,116.4,82.8,0.0,81.6,0.0,0.0
0.0,88.8,0.0,0.0,0.0,0.0,0.0,0.0,0.0,0.0,0.0,0.0,80.4,0.0,0.0,0.0,0.0,75.6,0.0,0.0,0.0,0.0,0.0,0.0,0.0,0.0,0.0,0.0,0.0,0.0,0.0,0.0,0.0,0.0,0.0,0.0,0.0,0.0,0.0,0.0,0.0,0.0,0.0,0.0,0.0,0.0,0.0,66.0,0.0,0.0,84.0,0.0,0.0,0.0,0.0,0.0,0.0,0.0,0.0,0.0,0.0,0.0,0.0,0.0,0.0,0.0,0.0,404.0,0.0,0.0,0.0,0.0,0.0,0.0,69.6,0.0,0.0,0.0,0.0,76.8,0.0,0.0,0.0,0.0,0.0,0.0,0.0,0.0,0.0,0.0,0.0,0.0,0.0,0.0,0.0,0.0,0.0,0.0,0.0,0.0
0.0,0.0,0.0,74.4,92.4,0.0,0.0,0.0,0.0,111.6,0.0,78.0,0.0,86.4,401.0,0.0,0.0,96.0,0.0,0.0,0.0,0.0,0.0,0.0,0.0,0.0,0.0,0.0,0.0,61.2,0.0,0.0,0.0,0.0,0.0,0.0,0.0,0.0,114.0,93.6,0.0,69.6,80.4,0.0,93.6,88.8,0.0,0.0,0.0,0.0,0.0,0.0,0.0,0.0,72.0,0.0,109.2,0.0,0.0,63.6,0.0,0.0,0.0,0.0,0.0,0.0,0.0,0.0,0.0,0.0,74.4,0.0,0.0,114.0,70.8,0.0,0.0,0.0,0.0,0.0,0.0,0.0,0.0,0.0,0.0,0.0,96.0,0.0,68.4,0.0,0.0,0.0,0.0,0.0,0.0,0.0,75.6,0.0,0.0,0.0
0.0,0.0,0.0,0.0,0.0,0.0,0.0,116.4,0.0,0.0,0.0,0.0,70.8,0.0,0.0,0.0,0.0,0.0,0.0,0.0,0.0,0.0,0.0,0.0,0.0,0.0,0.0,92.4,0.0,0.0,0.0,0.0,0.0,0.0,0.0,0.0,0.0,0.0,0.0,0.0,0.0,0.0,0.0,0.0,0.0,87.6,0.0,0.0,0.0,0.0,0.0,0.0,0.0,0.0,100.8,0.0,0.0,0.0,0.0,0.0,0.0,0.0,0.0,0.0,0.0,0.0,87.6,0.0,73.2,0.0,0.0,0.0,0.0,0.0,0.0,0.0,0.0,0.0,0.0,0.0,0.0,0.0,0.0,0.0,79.2,0.0,0.0,0.0,0.0,0.0,0.0,0.0,0.0,0.0,86.4,0.0,0.0,0.0,0.0,0.0
111.6,0.0,0.0,0.0,62.4,0.0,0.0,0.0,0.0,0.0,0.0,0.0,0.0,0.0,0.0,0.0,0.0,426.0,0.0,0.0,0.0,75.6,0.0,0.0,0.0,0.0,0.0,0.0,0.0,0.0,70.8,76.8,0.0,0.0,0.0,66.0,0.0,425.0,0.0,0.0,60.0,0.0,0.0,0.0,0.0,103.2,0.0,0.0,0.0,0.0,0.0,0.0,0.0,0.0,0.0,0.0,0.0,0.0,0.0,0.0,66.0,0.0,0.0,0.0,0.0,0.0,97.2,0.0,0.0,0.0,0.0,0.0,64.8,70.8,90.0,0.0,0.0,0.0,0.0,0.0,0.0,0.0,114.0,104.4,0.0,0.0,0.0,0.0,0.0,0.0,0.0,0.0,0.0,0.0,0.0,110.4,0.0,0.0,0.0,0.0
0.0,68.4,0.0,0.0,0.0,0.0,0.0,0.0,73.2,0.0,0.0,0.0,0.0,0.0,0.0,0.0,0.0,0.0,0.0,0.0,0.0,0.0,0.0,0.0,0.0,0.0,0.0,0.0,0.0,0.0,123.6,79.2,0.0,0.0,0.0,0.0,0.0,0.0,0.0,0.0,0.0,0.0,0.0,0.0,0.0,0.0,0.0,0.0,0.0,0.0,0.0,0.0,0.0,0.0,92.4,0.0,87.6,0.0,0.0,0.0,0.0,0.0,0.0,0.0,62.4,0.0,0.0,0.0,0.0,0.0,0.0,0.0,0.0,0.0,0.0,0.0,0.0,90.0,0.0,0.0,0.0,0.0,0.0,0.0,0.0,0.0,0.0,0.0,0.0,0.0,0.0,0.0,0.0,0.0,0.0,0.0,0.0,0.0,0.0,62.4
0.0,0.0,0.0,0.0,0.0,0.0,0.0,0.0,0.0,0.0,0.0,0.0,0.0,0.0,0.0,88.8,0.0,0.0,0.0,0.0,0.0,0.0,62.4,0.0,108.0,0.0,0.0,0.0,100.8,0.0,0.0,0.0,0.0,0.0,0.0,0.0,72.0,0.0,0.0,0.0,0.0,0.0,0.0,0.0,0.0,0.0,0.0,0.0,0.0,0.0,0.0,0.0,0.0,0.0,0.0,0.0,0.0,0.0,79.2,0.0,0.0,0.0,0.0,0.0,0.0,0.0,0.0,0.0,0.0,0.0,0.0,0.0,0.0,96.0,0.0,0.0,0.0,0.0,0.0,0.0,0.0,0.0,0.0,0.0,0.0,0.0,0.0,0.0,0.0,0.0,0.0,0.0,0.0,0.0,0.0,0.0,0.0,0.0,0.0,0.0
0.0,0.0,0.0,0.0,0.0,0.0,0.0,0.0,63.6,76.8,0.0,0.0,0.0,63.6,0.0,0.0,0.0,0.0,78.0,0.0,0.0,76.8,0.0,441.0,0.0,109.2,0.0,66.0,0.0,0.0,0.0,0.0,0.0,0.0,0.0,0.0,0.0,0.0,0.0,86.4,403.0,0.0,0.0,0.0,0.0,0.0,92.4,0.0,61.2,0.0,421.0,82.8,0.0,0.0,0.0,0.0,0.0,0.0,117.6,0.0,0.0,0.0,0.0,0.0,0.0,87.6,0.0,408.0,0.0,70.8,0.0,0.0,0.0,0.0,431.0,0.0,0.0,0.0,0.0,0.0,0.0,0.0,0.0,0.0,0.0,0.0,0.0,0.0,66.0,0.0,85.2,0.0,0.0,0.0,0.0,0.0,0.0,0.0,96.0,0.0
0.0,86.4,0.0,0.0,0.0,0.0,0.0,0.0,0.0,0.0,0.0,0.0,0.0,0.0,0.0,70.8,0.0,0.0,0.0,0.0,0.0,0.0,0.0,0.0,0.0,0.0,0.0,0.0,0.0,0.0,66.0,0.0,0.0,0.0,0.0,0.0,0.0,0.0,407.0,0.0,0.0,0.0,0.0,0.0,0.0,0.0,411.0,0.0,0.0,0.0,75.6,0.0,0.0,0.0,0.0,0.0,0.0,72.0,0.0,0.0,88.8,0.0,0.0,0.0,0.0,0.0,98.4,0.0,0.0,0.0,0.0,0.0,0.0,0.0,0.0,0.0,0.0,84.0,0.0,0.0,0.0,0.0,76.8,0.0,0.0,79.2,0.0,0.0,0.0,0.0,0.0,0.0,0.0,67.2,0.0,0.0,0.0,0.0,0.0,0.0
0.0,0.0,0.0,0.0,63.6,0.0,69.6,0.0,0.0,0.0,0.0,72.0,0.0,0.0,68.4,0.0,0.0,0.0,0.0,0.0,0.0,0.0,0.0,0.0,84.0,452.0,93.6,0.0,0.0,0.0,0.0,81.6,0.0,0.0,0.0,0.0,0.0,0.0,0.0,70.8,106.8,0.0,67.2,61.2,0.0,0.0,0.0,0.0,84.0,0.0,81.6,0.0,68.4,0.0,72.0,64.8,0.0,0.0,0.0,0.0,0.0,0.0,0.0,0.0,0.0,0.0,0.0,0.0,0.0,0.0,0.0,0.0,68.4,0.0,0.0,0.0,62.4,80.4,0.0,0.0,0.0,0.0,0.0,0.0,0.0,96.0,0.0,0.0,0.0,0.0,104.4,0.0,0.0,0.0,73.2,0.0,0.0,75.6,0.0,0.0
0.0,0.0,0.0,0.0,0.0,412.0,0.0,0.0,0.0,0.0,0.0,0.0,0.0,0.0,0.0,0.0,0.0,0.0,0.0,0.0,0.0,0.0,60.0,0.0,0.0,0.0,0.0,0.0,0.0,0.0,0.0,0.0,118.8,0.0,62.4,0.0,0.0,0.0,90.0,0.0,0.0,0.0,64.8,91.2,0.0,87.6,0.0,0.0,0.0,0.0,0.0,0.0,112.8,0.0,0.0,0.0,0.0,0.0,0.0,0.0,0.0,0.0,0.0,0.0,0.0,0.0,420.0,94.8,0.0,0.0,0.0,0.0,0.0,0.0,0.0,67.2,0.0,0.0,0.0,0.0,0.0,0.0,0.0,0.0,94.8,63.6,0.0,0.0,0.0,0.0,0.0,435.0,0.0,0.0,0.0,75.6,0.0,75.6,0.0,0.0
0.0,0.0,0.0,0.0,93.6,0.0,0.0,0.0,0.0,0.0,63.6,0.0,0.0,0.0,0.0,0.0,80.4,0.0,0.0,0.0,0.0,0.0,0.0,0.0,0.0,0.0,0.0,0.0,0.0,0.0,76.8,92.4,0.0,0.0,0.0,0.0,0.0,0.0,0.0,0.0,0.0,0.0,0.0,0.0,0.0,0.0,0.0,0.0,0.0,0.0,0.0,0.0,0.0,0.0,0.0,0.0,0.0,0.0,0.0,0.0,0.0,0.0,0.0,73.2,0.0,0.0,0.0,0.0,0.0,0.0,0.0,430.0,0.0,0.0,0.0,0.0,0.0,0.0,0.0,0.0,0.0,0.0,0.0,0.0,0.0,0.0,0.0,0.0,0.0,0.0,0.0,0.0,0.0,0.0,0.0,0.0,0.0,0.0,0.0,0.0
0.0,0.0,0.0,0.0,63.6,0.0,0.0,0.0,0.0,0.0,0.0,67.2,0.0,64.8,0.0,78.0,86.4,0.0,0.0,79.2,0.0,0.0,62.4,0.0,0.0,66.0,0.0,0.0,0.0,0.0,0.0,0.0,110.4,100.8,437.0,92.4,62.4,0.0,79.2,0.0,0.0,432.0,90.0,85.2,0.0,0.0,0.0,108.0,0.0,0.0,0.0,0.0,0.0,0.0,124.8,0.0,87.6,0.0,0.0,103.2,84.0,0.0,0.0,66.0,0.0,66.0,0.0,91.2,60.0,0.0,0.0,96.0,75.6,0.0,0.0,435.0,0.0,0.0,0.0,0.0,0.0,0.0,0.0,0.0,0.0,0.0,0.0,92.4,0.0,0.0,61.2,81.6,87.6,0.0,0.0,115.2,424.0,0.0,0.0,0.0
0.0,0.0,79.2,0.0,0.0,0.0,111.6,0.0,0.0,0.0,0.0,0.0,112.8,63.6,98.4,0.0,0.0,0.0,0.0,0.0,418.0,0.0,67.2,63.6,0.0,0.0,453.0,74.4,61.2,0.0,0.0,0.0,94.8,0.0,106.8,70.8,0.0,0.0,0.0,0.0,436.0,473.0,0.0,0.0,0.0,76.8,62.4,0.0,0.0,0.0,0.0,0.0,0.0,0.0,0.0,82.8,0.0,67.2,97.2,0.0,0.0,0.0,63.6,0.0,0.0,0.0,460.0,90.0,0.0,68.4,0.0,69.6,0.0,64.8,0.0,0.0,0.0,0.0,0.0,0.0,0.0,105.6,73.2,85.2,0.0,0.0,72.0,79.2,0.0,0.0,0.0,0.0,0.0,0.0,0.0,63.6,0.0,435.0,0.0,75.6
66.0,0.0,0.0,0.0,68.4,0.0,0.0,0.0,0.0,91.2,0.0,0.0,0.0,0.0,0.0,0.0,0.0,61.2,0.0,0.0,0.0,0.0,0.0,64.8,64.8,0.0,64.8,0.0,67.2,66.0,67.2,0.0,0.0,437.0,0.0,85.2,0.0,0.0,0.0,0.0,0.0,0.0,0.0,0.0,0.0,0.0,0.0,0.0,0.0,0.0,0.0,0.0,0.0,0.0,0.0,0.0,0.0,0.0,0.0,0.0,0.0,0.0,0.0,0.0,0.0,0.0,0.0,0.0,116.4,0.0,0.0,0.0,79.2,64.8,0.0,0.0,0.0,0.0,63.6,0.0,0.0,0.0,0.0,0.0,0.0,0.0,66.0,0.0,0.0,86.4,0.0,436.0,0.0,0.0,0.0,0.0,0.0,0.0,87.6,90.0
0.0,73.2,0.0,0.0,0.0,0.0,92.4,0.0,0.0,0.0,0.0,0.0,0.0,0.0,0.0,0.0,0.0,0.0,0.0,0.0,0.0,0.0,0.0,85.2,0.0,0.0,0.0,67.2,0.0,0.0,0.0,0.0,0.0,0.0,0.0,0.0,0.0,0.0,0.0,0.0,0.0,0.0,0.0,0.0,0.0,0.0,0.0,0.0,0.0,0.0,0.0,0.0,0.0,114.0,0.0,0.0,0.0,86.4,74.4,0.0,0.0,0.0,0.0,0.0,0.0,0.0,0.0,0.0,0.0,0.0,0.0,0.0,0.0,0.0,68.4,0.0,0.0,0.0,0.0,73.2,0.0,0.0,0.0,0.0,0.0,0.0,0.0,0.0,0.0,0.0,0.0,0.0,0.0,0.0,0.0,0.0,100.8,69.6,121.2,0.0
438.0,69.6,0.0,70.8,62.4,86.4,0.0,109.2,431.0,0.0,0.0,0.0,0.0,0.0,0.0,0.0,0.0,80.4,0.0,96.0,0.0,98.4,0.0,0.0,70.8,0.0,0.0,0.0,0.0,0.0,0.0,88.8,81.6,64.8,426.0,97.2,0.0,0.0,63.6,0.0,0.0,0.0,70.8,0.0,80.4,121.2,0.0,0.0,0.0,0.0,0.0,0.0,0.0,425.0,0.0,86.4,0.0,0.0,0.0,0.0,84.0,0.0,0.0,76.8,0.0,0.0,0.0,0.0,70.8,0.0,0.0,0.0,0.0,103.2,0.0,0.0,82.8,0.0,0.0,0.0,0.0,63.6,62.4,0.0,72.0,0.0,0.0,0.0,0.0,87.6,0.0,0.0,0.0,99.6,0.0,85.2,0.0,66.0,0.0,73.2
0.0,84.0,93.6,82.8,88.8,64.8,0.0,73.2,0.0,0.0,0.0,0.0,74.4,0.0,93.6,0.0,0.0,0.0,0.0,0.0,0.0,0.0,72.0,0.0,74.4,0.0,0.0,0.0,73.2,0.0,0.0,0.0,79.2,0.0,0.0,0.0,64.8,0.0,60.0,0.0,0.0,0.0,90.0,0.0,60.0,0.0,0.0,0.0,0.0,79.2,0.0,0.0,114.0,0.0,0.0,0.0,0.0,85.2,0.0,0.0,0.0,86.4,0.0,0.0,0.0,0.0,94.8,0.0,0.0,0.0,0.0,470.0,0.0,94.8,0.0,0.0,63.6,0.0,0.0,0.0,72.0,0.0,0.0,0.0,0.0,0.0,0.0,0.0,0.0,0.0,67.2,87.6,0.0,0.0,67.2,0.0,0.0,81.6,0.0,0.0
81.6,0.0,0.0,0.0,0.0,81.6,0.0,0.0,0.0,0.0,0.0,0.0,0.0,78.0,86.4,0.0,73.2,0.0,0.0,0.0,118.8,0.0,0.0,0.0,0.0,0.0,0.0,80.4,0.0,0.0,402.0,0.0,0.0,0.0,75.6,0.0,0.0,0.0,0.0,0.0,0.0,0.0,0.0,0.0,0.0,0.0,0.0,0.0,0.0,0.0,0.0,0.0,0.0,0.0,0.0,0.0,0.0,0.0,0.0,108.0,0.0,0.0,0.0,0.0,0.0,108.0,0.0,0.0,0.0,0.0,0.0,0.0,0.0,0.0,0.0,0.0,0.0,0.0,0.0,78.0,0.0,0.0,0.0,0.0,0.0,0.0,0.0,0.0,0.0,0.0,0.0,74.4,0.0,0.0,403.0,0.0,60.0,72.0,0.0,0.0
0.0,0.0,0.0,0.0,0.0,0.0,91.2,0.0,0.0,413.0,0.0,0.0,0.0,92.4,0.0,0.0,0.0,0.0,0.0,0.0,0.0,66.0,0.0,78.0,0.0,64.8,0.0,0.0,0.0,60.0,0.0,0.0,446.0,0.0,0.0,0.0,0.0,72.0,0.0,0.0,0.0,62.4,0.0,0.0,0.0,0.0,0.0,0.0,0.0,0.0,0.0,84.0,0.0,0.0,0.0,0.0,0.0,0.0,0.0,0.0,0.0,0.0,0.0,0.0,98.4,0.0,0.0,0.0,0.0,0.0,0.0,0.0,0.0,78.0,72.0,0.0,0.0,0.0,0.0,0.0,0.0,0.0,0.0,0.0,0.0,0.0,0.0,0.0,0.0,0.0,0.0,0.0,0.0,0.0,0.0,0.0,0.0,0.0,0.0,0.0
0.0,0.0,0.0,0.0,0.0,0.0,0.0,0.0,0.0,64.8,0.0,0.0,0.0,62.4,0.0,0.0,0.0,0.0,0.0,0.0,0.0,0.0,0.0,0.0,0.0,0.0,0.0,0.0,0.0,0.0,0.0,0.0,0.0,0.0,0.0,0.0,0.0,0.0,80.4,0.0,0.0,0.0,0.0,0.0,0.0,0.0,0.0,0.0,0.0,0.0,0.0,69.6,0.0,0.0,0.0,0.0,0.0,0.0,0.0,0.0,0.0,0.0,0.0,0.0,0.0,0.0,0.0,0.0,0.0,70.8,0.0,0.0,0.0,0.0,0.0,0.0,70.8,0.0,69.6,0.0,79.2,0.0,0.0,0.0,0.0,0.0,0.0,0.0,0.0,0.0,0.0,0.0,0.0,0.0,0.0,0.0,0.0,0.0,0.0,0.0
0.0,111.6,0.0,0.0,0.0,0.0,93.6,0.0,0.0,0.0,0.0,0.0,0.0,109.2,0.0,0.0,66.0,66.0,0.0,0.0,0.0,0.0,100.8,0.0,0.0,0.0,72.0,0.0,76.8,0.0,0.0,121.2,0.0,0.0,0.0,69.6,0.0,0.0,0.0,78.0,0.0,0.0,64.8,0.0,0.0,81.6,0.0,0.0,0.0,0.0,0.0,0.0,0.0,0.0,0.0,82.8,0.0,0.0,88.8,0.0,0.0,0.0,0.0,0.0,0.0,97.2,62.4,76.8,73.2,87.6,104.4,0.0,0.0,0.0,0.0,0.0,0.0,0.0,0.0,0.0,0.0,67.2,0.0,0.0,0.0,0.0,0.0,64.8,0.0,68.4,0.0,0.0,0.0,0.0,0.0,0.0,0.0,61.2,76.8,66.0
0.0,0.0,0.0,0.0,0.0,0.0,0.0,0.0,0.0,0.0,406.0,96.0,0.0,73.2,0.0,0.0,0.0,61.2,0.0,0.0,0.0,0.0,0.0,0.0,0.0,0.0,0.0,0.0,0.0,0.0,104.4,0.0,0.0,0.0,0.0,0.0,0.0,110.4,0.0,0.0,0.0,0.0,0.0,0.0,76.8,70.8,0.0,0.0,0.0,0.0,66.0,0.0,0.0,0.0,79.2,121.2,0.0,0.0,82.8,0.0,0.0,0.0,0.0,0.0,0.0,0.0,0.0,0.0,0.0,72.0,0.0,0.0,0.0,114.0,0.0,0.0,0.0,0.0,103.2,0.0,0.0,0.0,0.0,0.0,409.0,0.0,90.0,0.0,0.0,0.0,0.0,0.0,0.0,0.0,0.0,0.0,69.6,0.0,0.0,0.0
0.0,0.0,68.4,0.0,0.0,0.0,68.4,0.0,0.0,0.0,0.0,0.0,74.4,0.0,0.0,0.0,0.0,0.0,0.0,0.0,0.0,0.0,0.0,0.0,63.6,0.0,0.0,102.0,0.0,0.0,0.0,0.0,0.0,0.0,0.0,0.0,0.0,74.4,0.0,0.0,0.0,0.0,0.0,0.0,0.0,91.2,0.0,0.0,0.0,0.0,0.0,73.2,0.0,0.0,0.0,0.0,0.0,0.0,115.2,0.0,0.0,0.0,0.0,0.0,0.0,0.0,0.0,0.0,0.0,0.0,0.0,0.0,0.0,0.0,0.0,72.0,0.0,0.0,94.8,0.0,0.0,0.0,0.0,0.0,0.0,0.0,0.0,0.0,0.0,0.0,0.0,0.0,80.4,0.0,0.0,0.0,0.0,0.0,0.0,0.0
0.0,67.2,0.0,0.0,0.0,0.0,68.4,0.0,0.0,0.0,0.0,0.0,0.0,0.0,0.0,0.0,84.0,0.0,80.4,0.0,0.0,0.0,0.0,81.6,0.0,0.0,0.0,0.0,0.0,0.0,0.0,0.0,0.0,0.0,0.0,106.8,0.0,0.0,0.0,0.0,0.0,0.0,0.0,0.0,0.0,74.4,0.0,85.2,0.0,0.0,0.0,0.0,66.0,0.0,0.0,0.0,0.0,0.0,0.0,0.0,110.4,0.0,0.0,0.0,0.0,0.0,94.8,0.0,79.2,82.8,0.0,0.0,0.0,0.0,0.0,0.0,0.0,67.2,0.0,0.0,0.0,0.0,0.0,0.0,0.0,0.0,0.0,0.0,0.0,78.0,0.0,0.0,0.0,0.0,0.0,0.0,0.0,108.0,0.0,0.0
0.0,0.0,407.0,0.0,0.0,0.0,418.0,0.0,0.0,0.0,0.0,0.0,64.8,0.0,0.0,66.0,0.0,78.0,0.0,0.0,75.6,0.0,0.0,416.0,0.0,0.0,102.0,0.0,0.0,0.0,0.0,63.6,0.0,0.0,69.6,0.0,0.0,0.0,0.0,0.0,0.0,0.0,98.4,441.0,0.0,0.0,0.0,0.0,0.0,0.0,0.0,0.0,0.0,0.0,0.0,0.0,82.8,0.0,84.0,75.6,98.4,0.0,0.0,0.0,0.0,0.0,408.0,0.0,0.0,85.2,81.6,76.8,121.2,0.0,0.0,0.0,0.0,0.0,123.6,0.0,0.0,0.0,0.0,0.0,0.0,121.2,78.0,406.0,76.8,0.0,0.0,0.0,108.0,0.0,0.0,98.4,111.6,0.0,0.0,78.0
0.0,74.4,0.0,0.0,0.0,0.0,415.0,0.0,0.0,0.0,0.0,94.8,0.0,0.0,0.0,0.0,0.0,0.0,0.0,0.0,0.0,0.0,0.0,0.0,80.4,0.0,0.0,0.0,0.0,0.0,0.0,0.0,0.0,0.0,0.0,0.0,0.0,0.0,0.0,0.0,0.0,0.0,0.0,0.0,0.0,0.0,0.0,0.0,106.8,0.0,60.0,0.0,0.0,0.0,90.0,0.0,0.0,0.0,0.0,0.0,0.0,0.0,85.2,0.0,0.0,0.0,0.0,0.0,0.0,0.0,0.0,0.0,0.0,0.0,0.0,0.0,0.0,0.0,0.0,0.0,0.0,0.0,0.0,0.0,108.0,0.0,0.0,0.0,0.0,0.0,0.0,0.0,0.0,0.0,0.0,0.0,0.0,0.0,88.8,0.0
0.0,0.0,0.0,0.0,0.0,0.0,0.0,0.0,78.0,0.0,0.0,104.4,0.0,0.0,0.0,0.0,0.0,0.0,0.0,0.0,0.0,0.0,0.0,0.0,406.0,0.0,0.0,0.0,0.0,0.0,0.0,0.0,0.0,0.0,0.0,0.0,400.0,0.0,62.4,0.0,104.4,0.0,0.0,0.0,0.0,0.0,0.0,0.0,0.0,0.0,96.0,0.0,0.0,0.0,0.0,0.0,0.0,0.0,0.0,0.0,91.2,0.0,0.0,0.0,0.0,0.0,99.6,0.0,0.0,91.2,0.0,0.0,0.0,0.0,0.0,0.0,0.0,0.0,0.0,91.2,0.0,0.0,0.0,0.0,0.0,0.0,0.0,118.8,0.0,0.0,0.0,0.0,0.0,0.0,76.8,81.6,0.0,0.0,0.0,0.0
0.0,0.0,0.0,0.0,0.0,0.0,0.0,0.0,0.0,0.0,0.0,0.0,0.0,0.0,0.0,0.0,0.0,0.0,100.8,0.0,0.0,0.0,0.0,63.6,0.0,0.0,0.0,0.0,88.8,0.0,0.0,66.0,0.0,0.0,0.0,0.0,0.0,0.0,0.0,0.0,0.0,84.0,0.0,0.0,453.0,0.0,0.0,0.0,0.0,70.8,0.0,0.0,0.0,0.0,0.0,0.0,0.0,0.0,0.0,0.0,0.0,0.0,74.4,0.0,63.6,0.0,0.0,0.0,0.0,0.0,0.0,0.0,0.0,0.0,0.0,0.0,0.0,0.0,0.0,0.0,0.0,0.0,0.0,0.0,0.0,92.4,63.6,0.0,0.0,82.8,0.0,0.0,69.6,0.0,0.0,0.0,0.0,0.0,0.0,0.0
0.0,103.2,0.0,0.0,0.0,0.0,0.0,84.0,0.0,0.0,0.0,0.0,400.0,450.0,0.0,0.0,0.0,0.0,0.0,0.0,0.0,0.0,0.0,0.0,97.2,0.0,0.0,0.0,0.0,0.0,82.8,66.0,85.2,116.4,0.0,61.2,0.0,0.0,0.0,0.0,61.2,117.6,86.4,0.0,0.0,0.0,0.0,0.0,0.0,0.0,0.0,0.0,90.0,0.0,91.2,0.0,0.0,0.0,0.0,0.0,0.0,0.0,0.0,0.0,0.0,97.2,0.0,0.0,0.0,0.0,0.0,0.0,0.0,0.0,0.0,82.8,0.0,0.0,86.4,0.0,0.0,0.0,96.0,0.0,66.0,0.0,0.0,0.0,416.0,0.0,0.0,0.0,0.0,0.0,0.0,0.0,0.0,0.0,0.0,80.4
0.0,0.0,97.2,96.0,0.0,0.0,413.0,96.0,0.0,90.0,0.0,0.0,0.0,0.0,0.0,0.0,0.0,0.0,0.0,0.0,75.6,0.0,72.0,0.0,90.0,0.0,68.4,0.0,0.0,66.0,87.6,0.0,0.0,116.4,0.0,73.2,62.4,74.4,0.0,76.8,64.8,0.0,72.0,0.0,0.0,0.0,0.0,0.0,0.0,0.0,111.6,86.4,0.0,60.0,0.0,0.0,0.0,0.0,0.0,0.0,68.4,78.0,0.0,0.0,67.2,91.2,0.0,0.0,0.0,0.0,0.0,115.2,436.0,0.0,0.0,0.0,0.0,0.0,0.0,0.0,0.0,109.2,0.0,0.0,0.0,102.0,0.0,0.0,0.0,0.0,0.0,0.0,106.8,78.0,85.2,0.0,92.4,0.0,88.8,0.0
0.0,0.0,0.0,0.0,0.0,0.0,0.0,0.0,0.0,0.0,0.0,85.2,417.0,0.0,0.0,431.0,0.0,0.0,78.0,0.0,67.2,0.0,73.2,0.0,79.2,86.4,0.0,0.0,0.0,0.0,78.0,0.0,0.0,0.0,0.0,0.0,0.0,85.2,0.0,0.0,0.0,0.0,0.0,0.0,76.8,0.0,79.2,0.0,0.0,0.0,106.8,0.0,0.0,0.0,0.0,0.0,0.0,0.0,0.0,0.0,0.0,0.0,0.0,0.0,0.0,0.0,85.2,0.0,0.0,0.0,0.0,0.0,75.6,0.0,0.0,75.6,0.0,0.0,0.0,0.0,72.0,0.0,0.0,0.0,0.0,0.0,78.0,0.0,0.0,0.0,0.0,0.0,0.0,0.0,0.0,0.0,0.0,0.0,0.0,0.0
0.0,0.0,68.4,0.0,0.0,75.6,0.0,0.0,0.0,0.0,66.0,0.0,0.0,0.0,110.4,87.6,0.0,0.0,0.0,0.0,0.0,0.0,116.4,0.0,67.2,0.0,0.0,85.2,106.8,67.2,84.0,0.0,0.0,0.0,0.0,0.0,98.4,418.0,0.0,0.0,0.0,69.6,0.0,425.0,0.0,0.0,0.0,0.0,78.0,0.0,88.8,98.4,76.8,0.0,61.2,0.0,0.0,0.0,87.6,0.0,62.4,79.2,0.0,0.0,92.4,0.0,0.0,0.0,100.8,124.8,90.0,0.0,0.0,73.2,66.0,0.0,0.0,0.0,62.4,0.0,0.0,94.8,0.0,0.0,0.0,0.0,0.0,100.8,0.0,0.0,0.0,73.2,0.0,0.0,0.0,0.0,0.0,0.0,0.0,0.0
0.0,0.0,0.0,0.0,0.0,0.0,0.0,0.0,0.0,0.0,0.0,0.0,0.0,0.0,0.0,0.0,0.0,0.0,0.0,0.0,0.0,0.0,0.0,0.0,0.0,0.0,0.0,0.0,0.0,0.0,0.0,80.4,0.0,0.0,0.0,0.0,0.0,0.0,0.0,67.2,0.0,0.0,0.0,0.0,0.0,0.0,0.0,0.0,0.0,0.0,0.0,0.0,90.0,0.0,0.0,0.0,0.0,0.0,0.0,0.0,0.0,0.0,0.0,0.0,0.0,0.0,85.2,0.0,0.0,0.0,0.0,0.0,0.0,0.0,0.0,0.0,0.0,0.0,0.0,0.0,0.0,0.0,0.0,0.0,0.0,0.0,0.0,0.0,0.0,0.0,0.0,0.0,69.6,0.0,0.0,0.0,0.0,0.0,0.0,0.0
69.6,0.0,0.0,0.0,0.0,0.0,0.0,0.0,0.0,123.6,98.4,0.0,0.0,86.4,0.0,0.0,0.0,100.8,0.0,64.8,0.0,0.0,0.0,0.0,0.0,0.0,85.2,0.0,0.0,0.0,0.0,0.0,0.0,0.0,0.0,0.0,0.0,0.0,0.0,0.0,0.0,0.0,0.0,0.0,0.0,414.0,0.0,79.2,0.0,0.0,79.2,84.0,0.0,0.0,0.0,0.0,0.0,73.2,0.0,0.0,0.0,0.0,0.0,0.0,0.0,0.0,0.0,93.6,0.0,0.0,0.0,437.0,0.0,0.0,100.8,0.0,0.0,0.0,0.0,0.0,0.0,0.0,0.0,123.6,0.0,0.0,0.0,0.0,402.0,0.0,81.6,0.0,0.0,86.4,0.0,0.0,97.2,0.0,0.0,0.0
0.0,0.0,88.8,97.2,61.2,0.0,87.6,0.0,0.0,0.0,0.0,0.0,0.0,0.0,0.0,0.0,0.0,0.0,67.2,0.0,0.0,88.8,0.0,0.0,76.8,0.0,0.0,0.0,97.2,72.0,0.0,90.0,0.0,0.0,117.6,0.0,0.0,109.2,0.0,121.2,0.0,0.0,0.0,111.6,73.2,64.8,0.0,67.2,0.0,0.0,93.6,67.2,90.0,0.0,0.0,0.0,93.6,0.0,0.0,0.0,100.8,438.0,0.0,75.6,0.0,118.8,0.0,404.0,72.0,0.0,0.0,0.0,0.0,0.0,78.0,76.8,0.0,403.0,0.0,0.0,0.0,0.0,88.8,0.0,66.0,0.0,0.0,0.0,0.0,0.0,0.0,81.6,0.0,0.0,0.0,0.0,0.0,0.0,0.0,0.0
0.0,0.0,0.0,0.0,0.0,80.4,0.0,0.0,104.4,0.0,0.0,0.0,0.0,0.0,0.0,0.0,0.0,0.0,0.0,0.0,0.0,0.0,0.0,0.0,0.0,0.0,0.0,0.0,0.0,0.0,0.0,0.0,81.6,0.0,0.0,0.0,0.0,106.8,0.0,0.0,80.4,0.0,0.0,0.0,0.0,0.0,0.0,114.0,0.0,0.0,0.0,0.0,0.0,0.0,0.0,0.0,0.0,0.0,0.0,0.0,82.8,0.0,0.0,0.0,0.0,0.0,0.0,70.8,0.0,0.0,0.0,0.0,60.0,0.0,0.0,0.0,0.0,0.0,0.0,0.0,0.0,97.2,0.0,0.0,0.0,0.0,0.0,0.0,404.0,0.0,0.0,0.0,0.0,0.0,0.0,0.0,0.0,0.0,0.0,0.0
0.0,0.0,64.8,411.0,0.0,0.0,0.0,103.2,68.4,0.0,90.0,99.6,0.0,0.0,81.6,0.0,0.0,0.0,0.0,0.0,0.0,94.8,63.6,0.0,63.6,0.0,0.0,0.0,0.0,0.0,0.0,0.0,82.8,0.0,86.4,82.8,0.0,0.0,0.0,0.0,0.0,0.0,74.4,108.0,0.0,78.0,0.0,0.0,433.0,0.0,117.6,0.0,0.0,0.0,0.0,0.0,0.0,0.0,0.0,0.0,0.0,0.0,0.0,0.0,0.0,75.6,69.6,69.6,82.8,439.0,0.0,0.0,0.0,121.2,117.6,76.8,0.0,0.0,0.0,0.0,0.0,0.0,103.2,66.0,0.0,86.4,110.4,0.0,0.0,0.0,0.0,0.0,0.0,82.8,73.2,0.0,415.0,0.0,0.0,93.6
0.0,0.0,0.0,0.0,0.0,0.0,0.0,0.0,0.0,0.0,0.0,0.0,0.0,0.0,94.8,0.0,0.0,0.0,0.0,0.0,0.0,0.0,0.0,0.0,0.0,0.0,0.0,0.0,0.0,0.0,0.0,0.0,0.0,0.0,0.0,0.0,0.0,0.0,0.0,0.0,0.0,400.0,97.2,0.0,0.0,0.0,88.8,0.0,0.0,0.0,0.0,0.0,93.6,0.0,0.0,0.0,0.0,0.0,0.0,0.0,0.0,0.0,115.2,0.0,0.0,0.0,80.4,70.8,61.2,0.0,0.0,0.0,0.0,0.0,105.6,0.0,0.0,0.0,0.0,0.0,0.0,0.0,0.0,0.0,0.0,0.0,0.0,0.0,0.0,0.0,0.0,67.2,0.0,0.0,0.0,63.6,0.0,0.0,0.0,0.0
0.0,0.0,0.0,0.0,86.4,0.0,0.0,0.0,0.0,0.0,0.0,0.0,0.0,0.0,0.0,68.4,0.0,0.0,88.8,0.0,0.0,0.0,123.6,0.0,69.6,0.0,90.0,102.0,0.0,91.2,0.0,0.0,0.0,88.8,0.0,0.0,105.6,75.6,0.0,0.0,99.6,0.0,85.2,87.6,0.0,0.0,70.8,0.0,109.2,0.0,0.0,0.0,0.0,0.0,0.0,0.0,0.0,0.0,0.0,0.0,0.0,0.0,0.0,0.0,0.0,0.0,111.6,0.0,0.0,0.0,0.0,81.6,0.0,104.4,0.0,0.0,0.0,0.0,0.0,0.0,0.0,0.0,0.0,0.0,0.0,0.0,0.0,0.0,0.0,0.0,0.0,415.0,70.8,61.2,0.0,92.4,0.0,0.0,0.0,0.0
81.6,90.0,0.0,0.0,0.0,0.0,0.0,114.0,0.0,0.0,92.4,0.0,0.0,0.0,0.0,0.0,0.0,88.8,0.0,80.4,0.0,84.0,0.0,438.0,0.0,87.6,68.4,0.0,0.0,420.0,0.0,0.0,0.0,70.8,0.0,0.0,0.0,0.0,0.0,0.0,0.0,0.0,0.0,0.0,0.0,97.2,0.0,0.0,0.0,0.0,0.0,109.2,60.0,0.0,0.0,103.2,461.0,0.0,0.0,420.0,0.0,0.0,98.4,0.0,0.0,88.8,448.0,0.0,0.0,0.0,0.0,0.0,0.0,91.2,0.0,0.0,431.0,104.4,0.0,0.0,429.0,0.0,62.4,75.6,80.4,0.0,0.0,0.0,0.0,75.6,0.0,0.0,0.0,0.0,0.0,0.0,0.0,0.0,0.0,0.0
67.2,0.0,78.0,0.0,0.0,87.6,0.0,0.0,0.0,0.0,434.0,106.8,0.0,0.0,0.0,0.0,0.0,67.2,0.0,64.8,79.2,0.0,64.8,91.2,0.0,0.0,0.0,0.0,0.0,80.4,0.0,0.0,0.0,0.0,427.0,0.0,0.0,70.8,81.6,0.0,0.0,0.0,90.0,0.0,0.0,73.2,85.2,114.0,0.0,79.2,0.0,0.0,429.0,0.0,0.0,0.0,0.0,0.0,0.0,0.0,0.0,0.0,0.0,0.0,0.0,0.0,0.0,0.0,0.0,87.6,70.8,0.0,66.0,0.0,0.0,419.0,0.0,63.6,0.0,0.0,0.0,0.0,0.0,0.0,0.0,0.0,0.0,0.0,401.0,0.0,0.0,0.0,86.4,0.0,0.0,0.0,0.0,0.0,0.0,0.0
0.0,0.0,0.0,0.0,0.0,0.0,0.0,68.4,0.0,0.0,0.0,0.0,100.8,0.0,64.8,84.0,0.0,0.0,66.0,0.0,0.0,0.0,0.0,108.0,73.2,76.8,0.0,0.0,0.0,0.0,0.0,0.0,0.0,0.0,91.2,61.2,0.0,0.0,0.0,0.0,67.2,0.0,92.4,88.8,0.0,98.4,0.0,0.0,0.0,0.0,0.0,0.0,0.0,0.0,0.0,66.0,0.0,88.8,0.0,0.0,0.0,0.0,0.0,0.0,74.4,0.0,0.0,74.4,72.0,0.0,0.0,0.0,0.0,0.0,112.8,66.0,0.0,0.0,96.0,82.8,0.0,0.0,0.0,0.0,416.0,0.0,66.0,0.0,0.0,0.0,90.0,0.0,0.0,0.0,0.0,0.0,0.0,0.0,61.2,0.0
0.0,62.4,0.0,0.0,0.0,0.0,0.0,0.0,0.0,0.0,68.4,0.0,0.0,0.0,0.0,0.0,0.0,0.0,0.0,0.0,0.0,0.0,0.0,0.0,0.0,0.0,0.0,0.0,0.0,0.0,0.0,0.0,79.2,0.0,412.0,0.0,0.0,0.0,0.0,0.0,0.0,0.0,0.0,0.0,0.0,0.0,0.0,0.0,0.0,0.0,0.0,0.0,0.0,0.0,0.0,0.0,0.0,0.0,0.0,0.0,0.0,0.0,0.0,0.0,0.0,0.0,0.0,0.0,0.0,0.0,0.0,0.0,0.0,0.0,0.0,0.0,0.0,0.0,0.0,0.0,0.0,0.0,0.0,0.0,0.0,0.0,0.0,0.0,0.0,0.0,0.0,0.0,0.0,0.0,0.0,0.0,69.6,0.0,0.0,0.0
0.0,0.0,0.0,0.0,0.0,0.0,0.0,0.0,0.0,0.0,0.0,80.4,0.0,0.0,0.0,0.0,0.0,0.0,0.0,0.0,0.0,0.0,0.0,0.0,0.0,0.0,0.0,0.0,463.0,0.0,0.0,0.0,0.0,0.0,0.0,0.0,0.0,0.0,0.0,87.6,0.0,0.0,0.0,0.0,0.0,0.0,0.0,0.0,0.0,0.0,0.0,0.0,0.0,0.0,0.0,0.0,0.0,0.0,0.0,62.4,0.0,0.0,0.0,0.0,0.0,0.0,0.0,0.0,0.0,0.0,0.0,0.0,0.0,96.0,0.0,0.0,0.0,0.0,0.0,82.8,0.0,0.0,0.0,0.0,0.0,0.0,0.0,0.0,60.0,0.0,0.0,0.0,0.0,0.0,0.0,0.0,0.0,0.0,0.0,0.0
0.0,0.0,408.0,0.0,0.0,0.0,0.0,0.0,0.0,85.2,0.0,0.0,0.0,0.0,0.0,0.0,0.0,0.0,0.0,0.0,0.0,0.0,0.0,0.0,66.0,104.4,0.0,0.0,0.0,0.0,0.0,0.0,0.0,0.0,0.0,0.0,0.0,0.0,0.0,80.4,0.0,0.0,0.0,93.6,0.0,0.0,98.4,0.0,84.0,0.0,0.0,0.0,108.0,93.6,0.0,403.0,82.8,0.0,0.0,457.0,434.0,0.0,0.0,64.8,0.0,78.0,0.0,0.0,0.0,0.0,80.4,0.0,96.0,0.0,412.0,0.0,0.0,103.2,0.0,105.6,0.0,0.0,0.0,0.0,0.0,102.0,78.0,73.2,431.0,0.0,0.0,99.6,0.0,70.8,0.0,0.0,429.0,0.0,94.8,90.0
68.4,74.4,0.0,0.0,0.0,0.0,0.0,90.0,84.0,84.0,0.0,0.0,0.0,0.0,0.0,0.0,67.2,0.0,0.0,91.2,0.0,0.0,69.6,0.0,0.0,0.0,81.6,0.0,0.0,0.0,0.0,0.0,0.0,0.0,0.0,0.0,0.0,0.0,0.0,92.4,61.2,0.0,0.0,0.0,0.0,0.0,0.0,0.0,0.0,0.0,92.4,110.4,0.0,102.0,88.8,63.6,66.0,0.0,0.0,0.0,0.0,0.0,0.0,0.0,0.0,0.0,0.0,0.0,0.0,0.0,75.6,91.2,0.0,69.6,0.0,0.0,80.4,0.0,0.0,0.0,87.6,0.0,87.6,0.0,0.0,0.0,434.0,0.0,0.0,0.0,0.0,0.0,102.0,0.0,0.0,0.0,0.0,0.0,0.0,0.0
0.0,0.0,0.0,0.0,0.0,0.0,0.0,84.0,0.0,91.2,0.0,0.0,0.0,76.8,60.0,100.8,78.0,0.0,0.0,0.0,0.0,0.0,0.0,0.0,0.0,0.0,0.0,0.0,61.2,0.0,62.4,0.0,0.0,91.2,0.0,63.6,0.0,0.0,0.0,0.0,78.0,122.4,109.2,0.0,0.0,0.0,0.0,0.0,0.0,0.0,0.0,0.0,0.0,93.6,68.4,0.0,0.0,0.0,0.0,0.0,68.4,61.2,72.0,103.2,0.0,0.0,0.0,80.4,0.0,0.0,0.0,0.0,0.0,0.0,0.0,84.0,0.0,0.0,0.0,0.0,422.0,0.0,73.2,0.0,0.0,0.0,0.0,64.8,85.2,0.0,88.8,0.0,0.0,85.2,90.0,0.0,124.8,0.0,0.0,0.0
0.0,0.0,0.0,0.0,0.0,0.0,0.0,0.0,0.0,0.0,0.0,0.0,0.0,0.0,0.0,0.0,0.0,0.0,0.0,0.0,0.0,0.0,0.0,0.0,0.0,0.0,0.0,0.0,78.0,0.0,0.0,103.2,0.0,0.0,0.0,0.0,0.0,74.4,0.0,0.0,0.0,0.0,0.0,0.0,0.0,0.0,0.0,0.0,0.0,0.0,0.0,0.0,0.0,0.0,0.0,0.0,0.0,0.0,0.0,0.0,0.0,0.0,0.0,0.0,0.0,0.0,0.0,0.0,68.4,0.0,0.0,0.0,0.0,0.0,0.0,0.0,0.0,0.0,0.0,0.0,0.0,0.0,0.0,0.0,0.0,0.0,79.2,0.0,0.0,0.0,0.0,0.0,0.0,0.0,0.0,0.0,75.6,0.0,0.0,0.0
0.0,93.6,0.0,0.0,0.0,0.0,0.0,0.0,0.0,0.0,0.0,0.0,0.0,0.0,0.0,0.0,0.0,0.0,0.0,0.0,0.0,0.0,0.0,0.0,0.0,0.0,0.0,0.0,0.0,0.0,0.0,0.0,0.0,0.0,0.0,0.0,0.0,0.0,64.8,0.0,0.0,0.0,0.0,0.0,85.2,0.0,0.0,0.0,82.8,0.0,86.4,0.0,0.0,0.0,0.0,0.0,0.0,0.0,0.0,70.8,0.0,0.0,0.0,0.0,0.0,78.0,0.0,0.0,80.4,0.0,0.0,0.0,0.0,0.0,0.0,76.8,0.0,0.0,0.0,0.0,0.0,0.0,0.0,0.0,0.0,0.0,0.0,0.0,0.0,0.0,0.0,0.0,0.0,0.0,0.0,0.0,0.0,0.0,0.0,0.0
