0.0,64.75,119.75,0.0,0.0,0.0,0.0,416.0,0.0,0.0,44.75,0.0,0.0,92.25,51.0,62.25,0.0,0.0,82.25,0.0,0.0,0.0,86.0,91.0,0.0,0.0,404.0,0.0,72.25,0.0,0.0,77.25,67.25,59.75,0.0,0.0,86.0,64.75,43.5,108.5,62.25,446.0,420.0,0.0,0.0,66.0,0.0,0.0,46.0,0.0,68.5,63.5,0.0,0.0,28.5,0.0,0.0,68.5,96.0,74.75,57.25,0.0,0.0,452.0,73.5,0.0,0.0,74.75,67.25,63.5,89.75,48.5,0.0,67.25,0.0,0.0,81.0,0.0,82.25,83.5,0.0,0.0,39.75,0.0,439.0,96.0,58.5,0.0,74.75,0.0,0.0,112.25,0.0,431.0,69.75,0.0,49.75,53.5,0.0,52.25
0.0,0.0,0.0,0.0,0.0,0.0,0.0,97.25,0.0,0.0,0.0,0.0,29.75,0.0,0.0,118.5,0.0,0.0,86.0,0.0,0.0,0.0,0.0,0.0,0.0,0.0,0.0,0.0,0.0,0.0,0.0,0.0,0.0,0.0,0.0,0.0,0.0,0.0,0.0,0.0,0.0,0.0,0.0,73.5,0.0,84.75,49.75,0.0,0.0,84.75,0.0,0.0,0.0,0.0,63.5,0.0,0.0,0.0,0.0,0.0,0.0,0.0,57.25,0.0,0.0,0.0,0.0,0.0,0.0,0.0,84.75,0.0,109.75,0.0,0.0,0.0,0.0,0.0,0.0,0.0,0.0,442.0,66.0,0.0,0.0,72.25,0.0,0.0,0.0,0.0,0.0,0.0,0.0,0.0,0.0,0.0,0.0,0.0,0.0,0.0
76.0,47.25,0.0,71.0,109.75,0.0,74.75,47.25,93.5,111.0,79.75,124.75,86.0,42.25,41.0,106.0,84.75,44.75,58.5,91.0,89.75,81.0,48.5,72.25,84.75,0.0,84.75,411.0,71.0,102.25,62.25,0.0,106.0,81.0,84.75,0.0,395.0,99.75,0.0,31.0,91.0,88.5,92.25,0.0,81.0,73.5,91.0,440.0,57.25,84.75,102.25,82.25,49.75,88.5,38.5,68.5,62.25,104.75,49.75,86.0,69.75,39.75,51.0,0.0,86.0,72.25,63.5,88.5,69.75,97.25,94.75,84.75,38.5,427.0,0.0,29.75,28.5,39.75,117.25,78.5,427.0,0.0,44.75,78.5,27.25,0.0,48.5,41.0,0.0,59.75,82.25,26.0,37.25,27.25,74.75,0.0,0.0,113.5,419.0,0.0
43.5,78.5,0.0,0.0,43.5,61.0,54.75,99.75,57.25,396.0,53.5,406.0,52.25,0.0,106.0,0.0,121.0,53.5,76.0,73.5,71.0,28.5,422.0,46.0,81.0,74.75,0.0,97.25,0.0,47.25,404.0,96.0,41.0,97.25,69.75,68.5,377.0,79.75,0.0,77.25,47.25,96.0,0.0,71.0,0.0,0.0,104.75,62.25,61.0,0.0,51.0,48.5,51.0,72.25,29.75,0.0,96.0,93.5,98.5,117.25,0.0,64.75,460.0,52.25,63.5,87.25,86.0,99.75,102.25,402.0,82.25,436.0,57.25,88.5,0.0,0.0,81.0,69.75,0.0,54.75,0.0,86.0,107.25,0.0,106.0,42.25,77.25,106.0,64.75,52.25,93.5,88.5,53.5,0.0,28.5,43.5,83.5,102.25,410.0,77.25
0.0,0.0,113.5,83.5,0.0,0.0,0.0,71.0,77.25,0.0,84.75,0.0,0.0,69.75,0.0,0.0,64.75,0.0,68.5,74.75,0.0,0.0,0.0,0.0,0.0,87.25,0.0,0.0,0.0,69.75,0.0,0.0,0.0,0.0,0.0,406.0,0.0,0.0,71.0,0.0,57.25,442.0,0.0,0.0,68.5,0.0,0.0,0.0,112.25,0.0,87.25,0.0,0.0,73.5,0.0,0.0,64.75,52.25,68.5,387.0,88.5,99.75,0.0,0.0,43.5,49.75,0.0,0.0,84.75,111.0,0.0,88.5,79.75,0.0,67.25,0.0,46.0,0.0,0.0,109.75,0.0,0.0,112.25,0.0,0.0,81.0,0.0,0.0,0.0,0.0,81.0,82.25,66.0,0.0,0.0,0.0,0.0,0.0,0.0,0.0
0.0,53.5,410.0,0.0,89.75,0.0,94.75,99.75,0.0,0.0,98.5,0.0,0.0,0.0,74.75,116.0,121.0,108.5,63.5,442.0,0.0,118.5,0.0,0.0,0.0,0.0,88.5,64.75,0.0,62.25,77.25,457.0,81.0,0.0,57.25,71.0,0.0,0.0,86.0,38.5,0.0,0.0,53.5,0.0,99.75,0.0,54.75,0.0,46.0,0.0,69.75,64.75,0.0,0.0,0.0,436.0,114.75,0.0,0.0,0.0,0.0,111.0,111.0,108.5,0.0,87.25,109.75,88.5,78.5,83.5,0.0,0.0,0.0,89.75,0.0,93.5,59.75,0.0,77.25,0.0,0.0,76.0,0.0,39.75,0.0,0.0,0.0,0.0,0.0,0.0,0.0,73.5,53.5,470.0,118.5,66.0,0.0,86.0,58.5,0.0
0.0,76.0,0.0,0.0,66.0,0.0,0.0,0.0,0.0,0.0,0.0,0.0,48.5,0.0,0.0,98.5,0.0,0.0,0.0,0.0,0.0,88.5,0.0,0.0,0.0,66.0,0.0,0.0,0.0,87.25,0.0,0.0,33.5,0.0,0.0,0.0,0.0,0.0,0.0,0.0,0.0,0.0,0.0,0.0,0.0,0.0,0.0,0.0,59.75,0.0,0.0,0.0,0.0,84.75,0.0,0.0,54.75,0.0,0.0,0.0,0.0,0.0,0.0,66.0,0.0,0.0,440.0,0.0,0.0,0.0,0.0,62.25,0.0,0.0,0.0,0.0,0.0,0.0,0.0,0.0,0.0,0.0,0.0,0.0,66.0,44.75,0.0,0.0,0.0,0.0,0.0,0.0,0.0,0.0,0.0,388.0,0.0,0.0,0.0,0.0
416.0,0.0,58.5,52.25,49.75,415.0,427.0,0.0,67.25,0.0,0.0,42.25,49.75,0.0,53.5,0.0,0.0,0.0,0.0,411.0,0.0,63.5,0.0,0.0,451.0,0.0,78.5,107.25,72.25,116.0,69.75,52.25,0.0,52.25,0.0,68.5,69.75,73.5,67.25,0.0,0.0,0.0,0.0,59.75,0.0,71.0,0.0,101.0,0.0,82.25,0.0,0.0,0.0,94.75,0.0,0.0,97.25,0.0,0.0,0.0,103.5,0.0,94.75,54.75,0.0,0.0,0.0,0.0,97.25,96.0,409.0,0.0,116.0,0.0,109.75,404.0,59.75,0.0,84.75,109.75,57.25,73.5,0.0,76.0,63.5,0.0,67.25,56.0,0.0,396.0,47.25,57.25,61.0,27.25,0.0,73.5,106.0,0.0,73.5,76.0
102.25,69.75,28.5,108.5,0.0,71.0,62.25,34.75,0.0,43.5,26.0,81.0,44.75,37.25,42.25,51.0,41.0,0.0,38.5,101.0,96.0,113.5,416.0,89.75,76.0,57.25,0.0,107.25,99.75,62.25,0.0,0.0,0.0,67.25,82.25,92.25,48.5,122.25,0.0,74.75,97.25,0.0,59.75,88.5,64.75,123.5,386.0,56.0,0.0,72.25,0.0,107.25,89.75,101.0,53.5,0.0,96.0,58.5,400.0,57.25,417.0,114.75,428.0,87.25,92.25,113.5,76.0,440.0,27.25,106.0,49.75,71.0,113.5,38.5,64.75,109.75,67.25,54.75,36.0,458.0,0.0,94.75,57.25,0.0,0.0,0.0,96.0,52.25,67.25,88.5,44.75,0.0,82.25,91.0,41.0,79.75,72.25,59.75,52.25,83.5
74.75,56.0,84.75,67.25,32.25,392.0,74.75,58.5,69.75,0.0,0.0,106.0,64.75,0.0,0.0,0.0,114.75,52.25,0.0,0.0,97.25,78.5,457.0,0.0,56.0,88.5,0.0,0.0,0.0,81.0,34.75,83.5,0.0,433.0,79.75,0.0,76.0,77.25,403.0,101.0,0.0,0.0,0.0,54.75,421.0,104.75,63.5,89.75,99.75,113.5,67.25,49.75,0.0,43.5,0.0,84.75,68.5,61.0,96.0,0.0,0.0,77.25,81.0,61.0,0.0,0.0,44.75,0.0,0.0,38.5,0.0,67.25,76.0,74.75,42.25,33.5,0.0,0.0,83.5,51.0,41.0,72.25,0.0,0.0,0.0,0.0,89.75,82.25,64.75,79.75,0.0,56.0,0.0,64.75,0.0,44.75,88.5,86.0,57.25,57.25
106.0,106.0,38.5,0.0,66.0,49.75,0.0,0.0,92.25,84.75,0.0,377.0,39.75,0.0,77.25,0.0,76.0,0.0,0.0,62.25,54.75,89.75,69.75,0.0,84.75,94.75,67.25,0.0,89.75,0.0,0.0,407.0,54.75,0.0,98.5,42.25,432.0,72.25,0.0,63.5,88.5,67.25,103.5,0.0,102.25,0.0,77.25,54.75,0.0,46.0,64.75,109.75,62.25,0.0,72.25,0.0,405.0,0.0,118.5,96.0,0.0,0.0,77.25,0.0,0.0,0.0,64.75,0.0,67.25,81.0,91.0,69.75,0.0,59.75,78.5,77.25,78.5,67.25,0.0,44.75,53.5,449.0,64.75,0.0,0.0,59.75,0.0,98.5,0.0,64.75,0.0,106.0,0.0,36.0,0.0,37.25,420.0,0.0,0.0,0.0
57.25,56.0,68.5,54.75,76.0,0.0,0.0,421.0,84.75,51.0,91.0,0.0,38.5,51.0,402.0,395.0,82.25,101.0,87.25,58.5,0.0,62.25,71.0,388.0,63.5,87.25,430.0,114.75,74.75,82.25,84.75,0.0,0.0,72.25,83.5,49.75,429.0,101.0,108.5,74.75,82.25,77.25,455.0,79.75,68.5,104.75,0.0,71.0,62.25,91.0,104.75,77.25,0.0,63.5,0.0,447.0,52.25,68.5,0.0,84.75,71.0,89.75,64.75,79.75,57.25,64.75,390.0,89.75,0.0,0.0,468.0,0.0,68.5,380.0,83.5,52.25,434.0,99.75,0.0,123.5,0.0,415.0,53.5,73.5,0.0,86.0,0.0,0.0,51.0,441.0,0.0,0.0,99.75,0.0,72.25,0.0,78.5,0.0,67.25,42.25
101.0,0.0,0.0,94.75,92.25,63.5,92.25,0.0,0.0,0.0,0.0,91.0,0.0,52.25,81.0,116.0,47.25,0.0,98.5,58.5,0.0,38.5,51.0,0.0,0.0,0.0,0.0,0.0,441.0,0.0,79.75,62.25,84.75,0.0,56.0,79.75,0.0,0.0,0.0,0.0,0.0,0.0,0.0,0.0,41.0,0.0,99.75,79.75,0.0,98.5,0.0,103.5,0.0,0.0,0.0,34.75,0.0,0.0,118.5,440.0,0.0,0.0,0.0,0.0,81.0,26.0,0.0,0.0,0.0,0.0,98.5,0.0,0.0,0.0,73.5,42.25,59.75,68.5,101.0,38.5,0.0,0.0,113.5,0.0,0.0,0.0,0.0,37.25,0.0,0.0,109.75,73.5,0.0,0.0,106.0,0.0,0.0,83.5,0.0,47.25
33.5,36.0,73.5,79.75,0.0,405.0,0.0,0.0,0.0,58.5,103.5,0.0,56.0,0.0,0.0,56.0,0.0,0.0,47.25,56.0,0.0,0.0,72.25,104.75,86.0,82.25,0.0,69.75,58.5,66.0,0.0,0.0,113.5,74.75,81.0,0.0,83.5,56.0,79.75,81.0,0.0,92.25,79.75,43.5,49.75,0.0,58.5,0.0,76.0,0.0,124.75,0.0,0.0,87.25,78.5,69.75,102.25,97.25,0.0,56.0,74.75,446.0,0.0,0.0,0.0,71.0,0.0,0.0,84.75,63.5,0.0,97.25,52.25,0.0,69.75,0.0,61.0,57.25,79.75,69.75,63.5,76.0,89.75,0.0,464.0,0.0,71.0,0.0,0.0,99.75,97.25,0.0,403.0,94.75,66.0,78.5,0.0,77.25,52.25,56.0
93.5,0.0,0.0,0.0,0.0,46.0,67.25,51.0,0.0,0.0,66.0,124.75,61.0,434.0,0.0,0.0,0.0,82.25,67.25,0.0,79.75,0.0,84.75,0.0,414.0,77.25,0.0,0.0,89.75,72.25,88.5,0.0,79.75,77.25,68.5,61.0,71.0,96.0,63.5,78.5,108.5,92.25,74.75,96.0,78.5,0.0,88.5,0.0,0.0,81.0,89.75,0.0,111.0,0.0,98.5,118.5,0.0,0.0,0.0,104.75,0.0,66.0,66.0,401.0,34.75,76.0,391.0,0.0,74.75,47.25,406.0,0.0,52.25,0.0,0.0,0.0,0.0,0.0,124.75,0.0,0.0,71.0,62.25,107.25,0.0,94.75,76.0,0.0,0.0,81.0,0.0,376.0,78.5,86.0,391.0,76.0,0.0,0.0,48.5,103.5
87.25,0.0,53.5,94.75,0.0,74.75,439.0,89.75,64.75,104.75,440.0,57.25,0.0,98.5,84.75,0.0,28.5,91.0,109.75,63.5,37.25,93.5,0.0,51.0,49.75,99.75,37.25,444.0,86.0,0.0,88.5,56.0,91.0,68.5,62.25,77.25,74.75,57.25,0.0,0.0,71.0,78.5,64.75,392.0,41.0,0.0,71.0,0.0,0.0,53.5,88.5,69.75,94.75,0.0,64.75,74.75,443.0,87.25,61.0,41.0,0.0,415.0,74.75,59.75,104.75,78.5,64.75,82.25,76.0,94.75,66.0,34.75,423.0,106.0,58.5,62.25,84.75,68.5,54.75,27.25,58.5,69.75,0.0,44.75,0.0,72.25,57.25,121.0,98.5,31.0,111.0,0.0,29.75,69.75,91.0,59.75,77.25,77.25,71.0,93.5
0.0,0.0,0.0,54.75,0.0,401.0,0.0,0.0,97.25,97.25,0.0,98.5,71.0,108.5,0.0,0.0,0.0,0.0,0.0,66.0,0.0,0.0,0.0,0.0,67.25,0.0,0.0,0.0,0.0,88.5,0.0,0.0,0.0,0.0,0.0,0.0,0.0,0.0,69.75,0.0,77.25,61.0,0.0,111.0,0.0,67.25,114.75,0.0,0.0,0.0,0.0,0.0,48.5,0.0,74.75,0.0,0.0,0.0,72.25,107.25,0.0,0.0,0.0,97.25,0.0,0.0,0.0,0.0,0.0,0.0,0.0,66.0,0.0,0.0,96.0,424.0,0.0,54.75,0.0,0.0,78.5,0.0,0.0,0.0,87.25,72.25,0.0,0.0,0.0,0.0,86.0,0.0,0.0,0.0,0.0,0.0,0.0,0.0,0.0,0.0
62.25,0.0,0.0,0.0,0.0,0.0,0.0,0.0,0.0,0.0,0.0,0.0,74.75,0.0,0.0,0.0,0.0,0.0,0.0,0.0,0.0,0.0,0.0,0.0,0.0,0.0,0.0,0.0,0.0,58.5,0.0,83.5,0.0,0.0,0.0,0.0,0.0,0.0,0.0,0.0,76.0,0.0,63.5,0.0,0.0,0.0,0.0,0.0,0.0,0.0,0.0,0.0,0.0,0.0,0.0,0.0,0.0,0.0,0.0,0.0,0.0,0.0,0.0,0.0,69.75,0.0,0.0,0.0,0.0,0.0,87.25,0.0,51.0,0.0,0.0,0.0,0.0,0.0,86.0,0.0,69.75,0.0,0.0,0.0,79.75,0.0,0.0,0.0,0.0,0.0,0.0,0.0,0.0,0.0,0.0,86.0,0.0,0.0,0.0,0.0
0.0,0.0,0.0,0.0,67.25,0.0,0.0,99.75,0.0,0.0,0.0,0.0,0.0,0.0,0.0,0.0,0.0,0.0,0.0,83.5,69.75,0.0,0.0,0.0,0.0,0.0,0.0,0.0,0.0,0.0,0.0,0.0,0.0,0.0,435.0,77.25,0.0,0.0,0.0,410.0,84.75,0.0,81.0,0.0,0.0,0.0,0.0,57.25,0.0,0.0,0.0,0.0,0.0,93.5,51.0,0.0,0.0,0.0,0.0,0.0,56.0,0.0,0.0,0.0,0.0,0.0,0.0,0.0,0.0,0.0,0.0,0.0,0.0,42.25,0.0,0.0,0.0,0.0,0.0,0.0,0.0,109.75,0.0,0.0,439.0,0.0,0.0,0.0,0.0,113.5,0.0,0.0,0.0,116.0,38.5,106.0,0.0,0.0,0.0,0.0
63.5,37.25,0.0,94.75,0.0,0.0,0.0,0.0,0.0,0.0,77.25,0.0,0.0,68.5,91.0,97.25,0.0,89.75,0.0,0.0,0.0,107.25,0.0,0.0,0.0,82.25,401.0,0.0,71.0,63.5,68.5,0.0,0.0,0.0,0.0,0.0,0.0,0.0,0.0,0.0,0.0,0.0,0.0,74.75,48.5,53.5,0.0,0.0,0.0,71.0,0.0,0.0,0.0,76.0,0.0,72.25,0.0,51.0,0.0,0.0,0.0,0.0,0.0,63.5,0.0,0.0,0.0,0.0,0.0,31.0,0.0,61.0,76.0,0.0,62.25,0.0,0.0,0.0,32.25,98.5,0.0,73.5,0.0,96.0,104.75,0.0,101.0,0.0,0.0,0.0,57.25,38.5,0.0,0.0,0.0,0.0,0.0,0.0,52.25,0.0
0.0,0.0,0.0,98.5,0.0,0.0,0.0,0.0,54.75,0.0,0.0,39.75,0.0,0.0,0.0,0.0,0.0,0.0,0.0,0.0,0.0,0.0,0.0,0.0,84.75,122.25,0.0,57.25,0.0,0.0,0.0,0.0,0.0,0.0,0.0,0.0,0.0,0.0,0.0,0.0,0.0,0.0,0.0,0.0,0.0,0.0,0.0,0.0,83.5,0.0,0.0,0.0,0.0,103.5,0.0,0.0,0.0,0.0,0.0,0.0,0.0,74.75,0.0,0.0,0.0,0.0,0.0,0.0,0.0,0.0,0.0,0.0,0.0,0.0,0.0,0.0,0.0,0.0,0.0,0.0,0.0,64.75,0.0,0.0,0.0,0.0,0.0,61.0,0.0,0.0,0.0,26.0,0.0,0.0,0.0,0.0,0.0,0.0,0.0,0.0
0.0,91.0,0.0,386.0,88.5,0.0,56.0,450.0,0.0,0.0,0.0,0.0,433.0,122.25,76.0,34.75,0.0,66.0,0.0,81.0,0.0,0.0,0.0,0.0,78.5,64.75,0.0,0.0,0.0,0.0,0.0,0.0,0.0,32.25,0.0,57.25,78.5,0.0,124.75,0.0,92.25,0.0,79.75,0.0,101.0,0.0,0.0,47.25,0.0,0.0,0.0,0.0,57.25,68.5,0.0,0.0,0.0,0.0,0.0,0.0,0.0,0.0,0.0,0.0,459.0,0.0,455.0,448.0,66.0,0.0,0.0,73.5,0.0,0.0,425.0,0.0,0.0,0.0,68.5,0.0,0.0,0.0,0.0,67.25,0.0,108.5,88.5,0.0,0.0,427.0,455.0,0.0,0.0,103.5,0.0,0.0,0.0,474.0,72.25,0.0
76.0,0.0,62.25,43.5,38.5,54.75,51.0,68.5,0.0,76.0,0.0,51.0,416.0,78.5,48.5,83.5,82.25,0.0,49.75,48.5,79.75,118.5,0.0,74.75,410.0,102.25,86.0,44.75,66.0,463.0,52.25,52.25,107.25,84.75,86.0,77.25,82.25,412.0,86.0,103.5,51.0,450.0,26.0,52.25,86.0,439.0,39.75,31.0,87.25,72.25,0.0,112.25,86.0,0.0,69.75,72.25,57.25,93.5,77.25,46.0,77.25,71.0,0.0,89.75,88.5,74.75,396.0,68.5,88.5,112.25,111.0,0.0,403.0,84.75,64.75,0.0,54.75,91.0,49.75,56.0,118.5,0.0,58.5,62.25,74.75,74.75,79.75,56.0,0.0,51.0,0.0,0.0,428.0,59.75,87.25,94.75,54.75,51.0,76.0,78.5
0.0,0.0,0.0,53.5,0.0,0.0,0.0,0.0,0.0,0.0,0.0,0.0,0.0,76.0,93.5,54.75,62.25,0.0,63.5,0.0,0.0,56.0,48.5,0.0,0.0,0.0,96.0,69.75,0.0,73.5,114.75,63.5,0.0,67.25,61.0,0.0,73.5,0.0,104.75,0.0,446.0,68.5,113.5,58.5,68.5,0.0,58.5,74.75,0.0,0.0,47.25,0.0,0.0,42.25,0.0,0.0,93.5,0.0,73.5,0.0,58.5,0.0,0.0,0.0,0.0,93.5,89.75,58.5,0.0,88.5,430.0,109.75,93.5,0.0,0.0,79.75,0.0,0.0,72.25,0.0,73.5,82.25,0.0,0.0,0.0,0.0,0.0,0.0,0.0,87.25,0.0,58.5,62.25,0.0,0.0,0.0,0.0,74.75,0.0,0.0
0.0,0.0,72.25,0.0,99.75,0.0,0.0,0.0,0.0,0.0,57.25,0.0,0.0,0.0,0.0,0.0,0.0,0.0,0.0,0.0,0.0,0.0,0.0,0.0,0.0,0.0,0.0,0.0,0.0,0.0,0.0,0.0,0.0,0.0,0.0,0.0,0.0,0.0,0.0,0.0,0.0,0.0,0.0,0.0,0.0,0.0,0.0,0.0,92.25,46.0,0.0,93.5,0.0,97.25,0.0,0.0,0.0,0.0,0.0,0.0,0.0,0.0,0.0,0.0,0.0,99.75,0.0,0.0,88.5,0.0,0.0,0.0,0.0,0.0,0.0,0.0,0.0,0.0,113.5,0.0,0.0,0.0,92.25,0.0,0.0,0.0,0.0,0.0,0.0,0.0,0.0,77.25,0.0,0.0,0.0,0.0,0.0,0.0,0.0,0.0
82.25,64.75,106.0,121.0,98.5,61.0,62.25,29.75,420.0,439.0,427.0,69.75,104.75,61.0,79.75,104.75,69.75,91.0,72.25,73.5,0.0,59.75,88.5,116.0,94.75,0.0,79.75,46.0,0.0,83.5,429.0,436.0,89.75,98.5,34.75,73.5,61.0,59.75,43.5,69.75,117.25,0.0,74.75,47.25,78.5,73.5,413.0,64.75,97.25,34.75,82.25,457.0,407.0,43.5,48.5,79.75,92.25,428.0,98.5,88.5,66.0,59.75,81.0,108.5,91.0,83.5,84.75,108.5,69.75,0.0,92.25,74.75,421.0,63.5,69.75,48.5,27.25,39.75,77.25,92.25,123.5,67.25,0.0,84.75,107.25,32.25,114.75,418.0,51.0,68.5,61.0,121.0,87.25,73.5,31.0,96.0,119.75,0.0,82.25,83.5
89.75,0.0,87.25,0.0,97.25,0.0,0.0,0.0,0.0,0.0,0.0,0.0,93.5,93.5,0.0,0.0,121.0,0.0,0.0,0.0,43.5,0.0,0.0,407.0,28.5,36.0,0.0,88.5,0.0,41.0,79.75,58.5,0.0,103.5,0.0,0.0,76.0,58.5,66.0,425.0,0.0,81.0,57.25,86.0,0.0,0.0,0.0,59.75,38.5,37.25,0.0,0.0,0.0,0.0,66.0,0.0,119.75,0.0,0.0,0.0,0.0,0.0,0.0,0.0,0.0,0.0,29.75,0.0,68.5,71.0,0.0,67.25,0.0,48.5,96.0,0.0,0.0,0.0,57.25,0.0,0.0,0.0,76.0,0.0,87.25,0.0,47.25,106.0,94.75,0.0,0.0,93.5,72.25,0.0,0.0,88.5,0.0,0.0,0.0,0.0
117.25,436.0,76.0,52.25,428.0,29.75,99.75,107.25,73.5,71.0,78.5,89.75,91.0,0.0,431.0,0.0,379.0,72.25,88.5,46.0,0.0,59.75,82.25,0.0,103.5,64.75,88.5,0.0,56.0,87.25,0.0,78.5,87.25,119.75,72.25,73.5,87.25,67.25,0.0,59.75,97.25,81.0,68.5,32.25,31.0,61.0,31.0,71.0,54.75,71.0,81.0,87.25,0.0,0.0,84.75,94.75,461.0,59.75,0.0,84.75,71.0,32.25,0.0,81.0,113.5,41.0,51.0,0.0,78.5,122.25,382.0,79.75,0.0,48.5,59.75,32.25,461.0,49.75,54.75,443.0,104.75,0.0,97.25,71.0,108.5,423.0,33.5,73.5,73.5,34.75,106.0,0.0,88.5,74.75,58.5,0.0,0.0,123.5,46.0,0.0
93.5,91.0,69.75,77.25,71.0,89.75,74.75,92.25,42.25,86.0,59.75,79.75,0.0,61.0,76.0,0.0,82.25,106.0,63.5,49.75,52.25,74.75,121.0,58.5,37.25,52.25,108.5,71.0,0.0,62.25,59.75,92.25,77.25,48.5,0.0,63.5,108.5,92.25,73.5,42.25,63.5,424.0,76.0,124.75,414.0,81.0,58.5,106.0,112.25,61.0,427.0,433.0,83.5,81.0,62.25,0.0,76.0,96.0,61.0,73.5,77.25,0.0,73.5,0.0,52.25,44.75,51.0,413.0,69.75,435.0,74.75,0.0,39.75,82.25,92.25,88.5,97.25,386.0,83.5,89.75,122.25,0.0,36.0,109.75,398.0,93.5,33.5,76.0,82.25,76.0,87.25,84.75,112.25,99.75,86.0,117.25,83.5,106.0,58.5,106.0
0.0,0.0,0.0,106.0,0.0,52.25,89.75,0.0,0.0,429.0,109.75,0.0,0.0,42.25,98.5,447.0,78.5,0.0,99.75,0.0,0.0,99.75,378.0,0.0,0.0,37.25,52.25,0.0,0.0,0.0,0.0,0.0,0.0,102.25,58.5,0.0,0.0,0.0,0.0,0.0,84.75,0.0,102.25,48.5,0.0,0.0,81.0,0.0,0.0,0.0,91.0,0.0,99.75,0.0,0.0,0.0,0.0,0.0,102.25,103.5,0.0,37.25,0.0,0.0,88.5,0.0,0.0,0.0,0.0,0.0,0.0,0.0,0.0,0.0,119.75,79.75,0.0,0.0,0.0,101.0,62.25,114.75,103.5,0.0,0.0,28.5,71.0,0.0,0.0,0.0,91.0,0.0,68.5,0.0,0.0,41.0,0.0,51.0,0.0,0.0
74.75,109.75,88.5,87.25,79.75,109.75,69.75,0.0,84.75,58.5,430.0,94.75,44.75,73.5,78.5,59.75,436.0,93.5,419.0,0.0,93.5,118.5,74.75,84.75,114.75,89.75,82.25,107.25,68.5,99.75,0.0,72.25,106.0,58.5,436.0,76.0,68.5,66.0,76.0,68.5,48.5,440.0,73.5,72.25,84.75,62.25,68.5,53.5,97.25,66.0,51.0,28.5,0.0,41.0,54.75,27.25,86.0,46.0,0.0,112.25,97.25,0.0,59.75,39.75,34.75,71.0,416.0,87.25,51.0,0.0,0.0,96.0,61.0,96.0,434.0,94.75,58.5,69.75,74.75,81.0,63.5,428.0,473.0,86.0,62.25,81.0,83.5,51.0,42.25,62.25,98.5,102.25,0.0,33.5,84.75,48.5,0.0,114.75,51.0,46.0
0.0,0.0,0.0,0.0,0.0,0.0,0.0,399.0,0.0,0.0,117.25,0.0,0.0,0.0,0.0,409.0,0.0,0.0,0.0,0.0,103.5,37.25,0.0,0.0,0.0,0.0,0.0,0.0,0.0,0.0,0.0,0.0,0.0,0.0,0.0,67.25,0.0,0.0,48.5,0.0,0.0,0.0,99.75,0.0,0.0,66.0,0.0,0.0,0.0,0.0,0.0,0.0,81.0,0.0,0.0,0.0,0.0,0.0,109.75,0.0,0.0,0.0,0.0,0.0,0.0,0.0,56.0,0.0,0.0,57.25,0.0,0.0,42.25,0.0,0.0,0.0,427.0,99.75,88.5,79.75,0.0,0.0,0.0,0.0,0.0,0.0,0.0,0.0,89.75,0.0,0.0,0.0,0.0,0.0,0.0,0.0,87.25,0.0,0.0,79.75
0.0,0.0,0.0,0.0,0.0,61.0,0.0,0.0,0.0,76.0,0.0,0.0,0.0,0.0,0.0,0.0,0.0,0.0,0.0,0.0,0.0,0.0,0.0,0.0,0.0,37.25,0.0,0.0,0.0,0.0,0.0,73.5,0.0,0.0,0.0,0.0,0.0,0.0,0.0,0.0,0.0,0.0,0.0,78.5,0.0,0.0,47.25,0.0,0.0,78.5,0.0,0.0,0.0,0.0,0.0,72.25,0.0,0.0,0.0,0.0,63.5,0.0,0.0,0.0,0.0,0.0,0.0,59.75,0.0,0.0,0.0,0.0,0.0,0.0,0.0,0.0,0.0,0.0,0.0,0.0,0.0,0.0,0.0,0.0,0.0,0.0,0.0,0.0,0.0,0.0,0.0,0.0,0.0,99.75,0.0,0.0,0.0,0.0,0.0,0.0
88.5,405.0,63.5,463.0,63.5,82.25,122.25,68.5,74.75,83.5,0.0,84.75,74.75,58.5,73.5,87.25,48.5,59.75,421.0,111.0,61.0,93.5,59.75,78.5,96.0,92.25,92.25,34.75,52.25,64.75,0.0,76.0,97.25,0.0,113.5,108.5,76.0,66.0,72.25,36.0,58.5,107.25,86.0,107.25,68.5,66.0,79.75,38.5,87.25,42.25,51.0,61.0,49.75,64.75,0.0,73.5,87.25,96.0,67.25,98.5,413.0,412.0,106.0,61.0,42.25,72.25,54.75,54.75,74.75,47.25,74.75,102.25,0.0,427.0,419.0,71.0,54.75,39.75,27.25,83.5,54.75,48.5,78.5,450.0,77.25,66.0,61.0,51.0,101.0,67.25,83.5,109.75,104.75,410.0,84.75,72.25,78.5,82.25,123.5,73.5
0.0,98.5,0.0,0.0,0.0,0.0,0.0,0.0,54.75,0.0,0.0,0.0,0.0,0.0,46.0,103.5,71.0,377.0,0.0,0.0,0.0,0.0,0.0,0.0,0.0,0.0,0.0,0.0,0.0,0.0,0.0,81.0,0.0,0.0,0.0,81.0,0.0,0.0,0.0,0.0,0.0,0.0,0.0,0.0,0.0,0.0,47.25,396.0,0.0,98.5,0.0,0.0,399.0,0.0,0.0,0.0,0.0,0.0,0.0,0.0,93.5,0.0,67.25,62.25,0.0,0.0,0.0,0.0,77.25,0.0,0.0,72.25,79.75,0.0,0.0,0.0,0.0,69.75,0.0,0.0,0.0,0.0,0.0,0.0,67.25,0.0,0.0,0.0,104.75,0.0,0.0,118.5,0.0,0.0,31.0,69.75,0.0,0.0,103.5,73.5
382.0,67.25,64.75,0.0,77.25,92.25,68.5,67.25,57.25,58.5,94.75,58.5,73.5,436.0,62.25,0.0,66.0,109.75,66.0,0.0,66.0,29.75,0.0,69.75,0.0,0.0,67.25,86.0,54.75,0.0,0.0,56.0,44.75,81.0,97.25,0.0,0.0,44.75,0.0,427.0,112.25,0.0,439.0,84.75,0.0,48.5,86.0,106.0,0.0,79.75,0.0,112.25,77.25,57.25,0.0,83.5,53.5,79.75,66.0,0.0,51.0,0.0,84.75,113.5,426.0,0.0,0.0,0.0,124.75,92.25,91.0,64.75,0.0,0.0,82.25,66.0,73.5,72.25,0.0,0.0,91.0,89.75,109.75,109.75,81.0,0.0,94.75,0.0,111.0,109.75,81.0,82.25,436.0,74.75,93.5,416.0,402.0,74.75,72.25,87.25
0.0,0.0,0.0,0.0,0.0,76.0,83.5,0.0,0.0,0.0,0.0,34.75,0.0,0.0,0.0,0.0,0.0,0.0,0.0,0.0,0.0,74.75,0.0,0.0,0.0,0.0,91.0,0.0,0.0,0.0,0.0,0.0,0.0,99.75,0.0,0.0,0.0,0.0,0.0,0.0,0.0,0.0,0.0,0.0,0.0,0.0,86.0,0.0,438.0,0.0,91.0,0.0,0.0,0.0,0.0,0.0,0.0,0.0,67.25,99.75,0.0,109.75,399.0,74.75,0.0,121.0,0.0,0.0,0.0,83.5,0.0,0.0,87.25,0.0,0.0,384.0,44.75,72.25,103.5,0.0,0.0,82.25,82.25,0.0,0.0,0.0,0.0,0.0,82.25,0.0,0.0,0.0,0.0,0.0,117.25,0.0,0.0,0.0,0.0,0.0
0.0,427.0,417.0,87.25,0.0,83.5,31.0,398.0,440.0,56.0,0.0,0.0,87.25,82.25,38.5,52.25,0.0,0.0,63.5,0.0,47.25,0.0,450.0,82.25,0.0,109.75,58.5,0.0,32.25,71.0,28.5,111.0,0.0,447.0,0.0,77.25,77.25,0.0,46.0,71.0,78.5,421.0,101.0,74.75,59.75,63.5,43.5,0.0,64.75,0.0,38.5,78.5,64.75,101.0,113.5,0.0,82.25,46.0,96.0,0.0,0.0,64.75,71.0,91.0,44.75,103.5,69.75,28.5,0.0,59.75,81.0,77.25,84.75,67.25,86.0,0.0,0.0,76.0,72.25,72.25,78.5,76.0,58.5,0.0,73.5,427.0,76.0,124.75,0.0,0.0,76.0,0.0,0.0,77.25,0.0,46.0,111.0,32.25,454.0,62.25
66.0,98.5,74.75,56.0,44.75,103.5,56.0,79.75,93.5,0.0,69.75,84.75,57.25,71.0,86.0,62.25,0.0,99.75,36.0,0.0,429.0,443.0,0.0,53.5,0.0,58.5,77.25,0.0,51.0,439.0,27.25,38.5,107.25,0.0,0.0,87.25,0.0,52.25,0.0,0.0,430.0,56.0,112.25,108.5,58.5,102.25,67.25,77.25,39.75,0.0,0.0,101.0,82.25,0.0,0.0,0.0,406.0,93.5,0.0,78.5,77.25,88.5,416.0,73.5,66.0,0.0,88.5,0.0,79.75,0.0,72.25,72.25,34.75,34.75,0.0,109.75,67.25,396.0,419.0,76.0,89.75,0.0,71.0,0.0,53.5,0.0,66.0,0.0,421.0,48.5,454.0,54.75,62.25,39.75,83.5,62.25,0.0,0.0,62.25,74.75
0.0,0.0,0.0,53.5,49.75,0.0,0.0,0.0,0.0,0.0,0.0,0.0,83.5,0.0,0.0,0.0,0.0,0.0,44.75,0.0,0.0,44.75,0.0,0.0,0.0,0.0,0.0,0.0,0.0,0.0,0.0,0.0,0.0,38.5,0.0,0.0,0.0,0.0,0.0,0.0,0.0,0.0,0.0,0.0,0.0,0.0,0.0,0.0,0.0,51.0,87.25,377.0,0.0,0.0,47.25,0.0,0.0,0.0,0.0,0.0,48.5,0.0,0.0,0.0,0.0,0.0,76.0,0.0,89.75,64.75,0.0,0.0,0.0,0.0,0.0,67.25,415.0,67.25,0.0,0.0,0.0,0.0,0.0,54.75,0.0,0.0,32.25,0.0,0.0,0.0,0.0,108.5,0.0,48.5,0.0,0.0,0.0,0.0,0.0,0.0
434.0,72.25,0.0,412.0,0.0,0.0,0.0,0.0,0.0,0.0,102.25,0.0,39.75,0.0,0.0,78.5,0.0,0.0,448.0,0.0,0.0,0.0,81.0,0.0,0.0,0.0,0.0,0.0,0.0,0.0,0.0,0.0,0.0,79.75,0.0,0.0,0.0,0.0,0.0,0.0,0.0,0.0,397.0,0.0,0.0,0.0,0.0,0.0,0.0,0.0,87.25,0.0,0.0,0.0,0.0,0.0,448.0,26.0,0.0,0.0,0.0,62.25,0.0,0.0,0.0,0.0,42.25,83.5,59.75,0.0,0.0,98.5,0.0,0.0,58.5,0.0,81.0,0.0,0.0,27.25,0.0,86.0,0.0,0.0,0.0,0.0,0.0,52.25,0.0,0.0,0.0,0.0,0.0,0.0,429.0,0.0,0.0,0.0,0.0,0.0
0.0,71.0,428.0,81.0,77.25,87.25,0.0,62.25,83.5,58.5,53.5,107.25,54.75,81.0,0.0,0.0,0.0,68.5,0.0,66.0,460.0,0.0,103.5,415.0,88.5,0.0,0.0,108.5,63.5,114.75,49.75,42.25,77.25,0.0,58.5,0.0,0.0,0.0,103.5,0.0,61.0,0.0,0.0,71.0,0.0,101.0,64.75,0.0,103.5,61.0,84.75,102.25,94.75,0.0,62.25,0.0,42.25,0.0,66.0,0.0,46.0,0.0,79.75,0.0,0.0,52.25,88.5,460.0,0.0,427.0,0.0,429.0,83.5,83.5,0.0,0.0,0.0,92.25,108.5,87.25,78.5,78.5,101.0,58.5,430.0,72.25,0.0,71.0,66.0,0.0,42.25,0.0,453.0,73.5,63.5,73.5,77.25,0.0,0.0,0.0
0.0,46.0,0.0,0.0,82.25,0.0,0.0,0.0,97.25,63.5,92.25,449.0,79.75,44.75,61.0,0.0,424.0,0.0,86.0,0.0,390.0,0.0,0.0,32.25,0.0,41.0,0.0,87.25,0.0,68.5,99.75,84.75,62.25,122.25,96.0,76.0,0.0,0.0,0.0,97.25,101.0,81.0,0.0,72.25,59.75,107.25,112.25,0.0,386.0,77.25,0.0,98.5,102.25,395.0,98.5,0.0,116.0,418.0,0.0,104.75,78.5,82.25,57.25,0.0,0.0,98.5,101.0,91.0,72.25,0.0,97.25,74.75,0.0,433.0,114.75,0.0,0.0,66.0,82.25,78.5,43.5,91.0,0.0,106.0,71.0,0.0,0.0,410.0,82.25,57.25,0.0,46.0,0.0,69.75,54.75,59.75,0.0,0.0,0.0,91.0
113.5,46.0,93.5,58.5,34.75,41.0,430.0,108.5,67.25,454.0,72.25,87.25,78.5,101.0,93.5,0.0,0.0,96.0,440.0,72.25,0.0,74.75,61.0,49.75,73.5,63.5,77.25,79.75,59.75,89.75,78.5,72.25,106.0,56.0,410.0,71.0,51.0,43.5,111.0,91.0,421.0,109.75,94.75,0.0,108.5,69.75,94.75,58.5,112.25,0.0,63.5,0.0,406.0,106.0,392.0,33.5,88.5,37.25,82.25,34.75,417.0,66.0,461.0,41.0,0.0,68.5,441.0,79.75,81.0,0.0,36.0,64.75,108.5,53.5,99.75,62.25,441.0,0.0,427.0,78.5,52.25,81.0,94.75,408.0,96.0,89.75,54.75,0.0,74.75,0.0,63.5,0.0,117.25,403.0,409.0,58.5,54.75,87.25,56.0,0.0
74.75,48.5,390.0,84.75,83.5,0.0,0.0,0.0,0.0,0.0,73.5,0.0,0.0,104.75,83.5,72.25,112.25,0.0,0.0,0.0,0.0,0.0,0.0,59.75,62.25,0.0,88.5,0.0,0.0,67.25,0.0,0.0,0.0,0.0,107.25,0.0,0.0,0.0,62.25,48.5,91.0,0.0,0.0,69.75,0.0,64.75,0.0,72.25,58.5,0.0,0.0,112.25,83.5,0.0,71.0,83.5,0.0,106.0,0.0,0.0,79.75,38.5,419.0,0.0,0.0,77.25,76.0,0.0,91.0,0.0,0.0,0.0,0.0,68.5,0.0,69.75,0.0,0.0,74.75,59.75,99.75,0.0,36.0,0.0,0.0,443.0,0.0,0.0,0.0,0.0,84.75,0.0,0.0,0.0,0.0,0.0,41.0,84.75,0.0,0.0
0.0,59.75,117.25,0.0,93.5,109.75,111.0,92.25,94.75,68.5,44.75,71.0,0.0,99.75,98.5,54.75,0.0,101.0,93.5,87.25,57.25,0.0,93.5,0.0,52.25,52.25,91.0,74.75,68.5,114.75,63.5,82.25,96.0,99.75,46.0,54.75,71.0,415.0,0.0,79.75,34.75,84.75,66.0,31.0,82.25,0.0,64.75,0.0,43.5,74.75,58.5,72.25,431.0,414.0,93.5,46.0,0.0,119.75,62.25,79.75,89.75,51.0,84.75,0.0,0.0,0.0,121.0,67.25,59.75,41.0,69.75,395.0,78.5,0.0,398.0,78.5,88.5,0.0,0.0,66.0,82.25,66.0,63.5,112.25,439.0,47.25,82.25,0.0,103.5,72.25,0.0,444.0,0.0,108.5,102.25,66.0,86.0,0.0,112.25,101.0
0.0,57.25,0.0,0.0,78.5,108.5,0.0,0.0,102.25,62.25,73.5,0.0,71.0,0.0,0.0,0.0,83.5,0.0,89.75,58.5,106.0,0.0,0.0,48.5,62.25,62.25,0.0,0.0,0.0,0.0,0.0,0.0,66.0,44.75,0.0,0.0,0.0,77.25,0.0,0.0,76.0,0.0,0.0,0.0,68.5,0.0,0.0,93.5,62.25,0.0,0.0,43.5,0.0,0.0,84.75,112.25,89.75,78.5,0.0,0.0,44.75,66.0,0.0,0.0,0.0,0.0,0.0,91.0,96.0,0.0,0.0,73.5,96.0,0.0,0.0,0.0,94.75,412.0,81.0,72.25,0.0,63.5,49.75,0.0,74.75,0.0,0.0,57.25,0.0,78.5,0.0,0.0,411.0,113.5,0.0,49.75,0.0,101.0,76.0,53.5
104.75,87.25,102.25,73.5,459.0,79.75,64.75,34.75,89.75,61.0,84.75,79.75,63.5,49.75,72.25,94.75,418.0,32.25,58.5,83.5,52.25,118.5,82.25,51.0,421.0,64.75,83.5,46.0,117.25,78.5,52.25,0.0,94.75,62.25,0.0,39.75,0.0,0.0,407.0,84.75,72.25,0.0,57.25,0.0,76.0,108.5,59.75,0.0,48.5,68.5,421.0,34.75,74.75,83.5,46.0,464.0,79.75,104.75,0.0,63.5,74.75,66.0,109.75,72.25,412.0,56.0,112.25,61.0,71.0,74.75,0.0,89.75,52.25,93.5,94.75,83.5,117.25,72.25,92.25,441.0,73.5,46.0,68.5,66.0,92.25,0.0,0.0,67.25,38.5,0.0,59.75,0.0,38.5,69.75,73.5,51.0,121.0,42.25,424.0,104.75
0.0,109.75,106.0,84.75,53.5,69.75,0.0,0.0,79.75,0.0,89.75,66.0,0.0,92.25,27.25,0.0,0.0,0.0,0.0,0.0,81.0,0.0,0.0,0.0,0.0,0.0,0.0,83.5,47.25,59.75,0.0,52.25,83.5,0.0,460.0,86.0,59.75,0.0,0.0,0.0,0.0,61.0,71.0,0.0,394.0,0.0,76.0,0.0,0.0,42.25,69.75,0.0,0.0,0.0,0.0,0.0,94.75,61.0,0.0,81.0,67.25,0.0,0.0,0.0,0.0,0.0,0.0,56.0,96.0,84.75,62.25,0.0,0.0,92.25,71.0,61.0,0.0,0.0,74.75,0.0,96.0,0.0,42.25,0.0,113.5,412.0,33.5,0.0,74.75,66.0,0.0,0.0,0.0,453.0,0.0,33.5,409.0,0.0,0.0,0.0
0.0,78.5,0.0,0.0,0.0,0.0,0.0,0.0,34.75,57.25,0.0,54.75,52.25,114.75,430.0,0.0,0.0,38.5,0.0,0.0,118.5,68.5,72.25,0.0,109.75,97.25,0.0,0.0,74.75,0.0,0.0,0.0,53.5,92.25,119.75,49.75,0.0,0.0,0.0,67.25,0.0,0.0,78.5,0.0,0.0,0.0,0.0,0.0,0.0,0.0,82.25,0.0,0.0,0.0,51.0,0.0,465.0,0.0,0.0,66.0,0.0,0.0,0.0,0.0,0.0,49.75,102.25,0.0,0.0,0.0,0.0,0.0,0.0,0.0,0.0,405.0,88.5,0.0,0.0,0.0,72.25,72.25,0.0,0.0,89.75,0.0,77.25,51.0,0.0,0.0,51.0,0.0,0.0,0.0,0.0,84.75,0.0,91.0,0.0,0.0
88.5,61.0,428.0,73.5,124.75,52.25,46.0,123.5,57.25,72.25,69.75,78.5,28.5,0.0,64.75,53.5,84.75,67.25,72.25,82.25,46.0,82.25,69.75,67.25,98.5,76.0,52.25,43.5,49.75,48.5,43.5,98.5,46.0,62.25,0.0,92.25,68.5,107.25,97.25,42.25,96.0,76.0,111.0,59.75,79.75,41.0,81.0,58.5,116.0,77.25,0.0,404.0,57.25,47.25,74.75,106.0,119.75,102.25,43.5,68.5,61.0,102.25,106.0,417.0,68.5,77.25,46.0,111.0,423.0,82.25,83.5,88.5,108.5,98.5,92.25,103.5,59.75,62.25,94.75,57.25,0.0,29.75,53.5,34.75,92.25,431.0,111.0,63.5,118.5,39.75,91.0,0.0,98.5,38.5,26.0,123.5,96.0,96.0,97.25,98.5
96.0,432.0,0.0,0.0,0.0,0.0,74.75,421.0,72.25,61.0,0.0,0.0,0.0,67.25,0.0,0.0,42.25,0.0,0.0,0.0,0.0,0.0,0.0,0.0,89.75,0.0,76.0,77.25,83.5,103.5,0.0,0.0,0.0,0.0,0.0,0.0,46.0,0.0,0.0,77.25,0.0,98.5,61.0,99.75,66.0,0.0,59.75,0.0,77.25,99.75,0.0,0.0,0.0,87.25,83.5,0.0,0.0,0.0,0.0,0.0,84.75,0.0,74.75,0.0,0.0,0.0,0.0,454.0,74.75,0.0,0.0,0.0,0.0,0.0,66.0,0.0,0.0,69.75,101.0,0.0,53.5,0.0,0.0,0.0,84.75,69.75,59.75,0.0,118.5,0.0,0.0,44.75,42.25,73.5,72.25,0.0,0.0,81.0,103.5,111.0
0.0,82.25,63.5,79.75,68.5,61.0,46.0,0.0,56.0,77.25,0.0,48.5,94.75,37.25,78.5,122.25,0.0,416.0,0.0,0.0,89.75,47.25,77.25,84.75,0.0,47.25,82.25,0.0,64.75,49.75,0.0,0.0,0.0,34.75,0.0,0.0,94.75,76.0,89.75,78.5,0.0,0.0,0.0,124.75,0.0,91.0,0.0,94.75,0.0,92.25,0.0,87.25,0.0,84.75,71.0,47.25,402.0,0.0,91.0,0.0,0.0,0.0,0.0,71.0,104.75,42.25,89.75,52.25,96.0,107.25,51.0,56.0,0.0,0.0,0.0,98.5,88.5,0.0,68.5,43.5,64.75,68.5,111.0,106.0,0.0,0.0,86.0,101.0,426.0,56.0,0.0,0.0,73.5,403.0,78.5,71.0,113.5,410.0,48.5,113.5
0.0,0.0,0.0,59.75,0.0,108.5,0.0,0.0,0.0,76.0,0.0,0.0,0.0,48.5,0.0,0.0,0.0,74.75,0.0,0.0,0.0,0.0,0.0,0.0,0.0,0.0,0.0,0.0,0.0,0.0,0.0,0.0,0.0,0.0,43.5,69.75,427.0,0.0,0.0,0.0,0.0,33.5,62.25,79.75,453.0,0.0,0.0,0.0,0.0,0.0,0.0,86.0,0.0,0.0,0.0,0.0,0.0,0.0,0.0,0.0,0.0,0.0,0.0,0.0,0.0,0.0,0.0,0.0,76.0,94.75,88.5,88.5,0.0,0.0,99.75,0.0,0.0,0.0,0.0,0.0,0.0,0.0,0.0,0.0,0.0,0.0,0.0,0.0,0.0,113.5,0.0,0.0,68.5,0.0,0.0,74.75,0.0,79.75,0.0,0.0
454.0,0.0,84.75,0.0,76.0,0.0,48.5,111.0,71.0,64.75,78.5,101.0,76.0,422.0,98.5,0.0,34.75,107.25,0.0,58.5,0.0,0.0,63.5,116.0,87.25,63.5,118.5,0.0,81.0,52.25,54.75,62.25,48.5,104.75,108.5,47.25,64.75,37.25,0.0,87.25,0.0,86.0,71.0,84.75,56.0,73.5,0.0,82.25,91.0,0.0,96.0,41.0,415.0,92.25,0.0,71.0,72.25,97.25,0.0,405.0,0.0,53.5,51.0,98.5,116.0,0.0,47.25,76.0,99.75,97.25,98.5,101.0,114.75,57.25,93.5,420.0,59.75,42.25,430.0,106.0,77.25,98.5,43.5,77.25,0.0,0.0,98.5,54.75,73.5,52.25,43.5,0.0,54.75,54.75,82.25,82.25,0.0,412.0,53.5,73.5
62.25,87.25,94.75,102.25,112.25,39.75,458.0,81.0,107.25,0.0,0.0,49.75,88.5,87.25,0.0,49.75,92.25,96.0,67.25,0.0,106.0,66.0,87.25,91.0,94.75,415.0,0.0,89.75,113.5,82.25,74.75,84.75,94.75,72.25,0.0,49.75,66.0,102.25,66.0,88.5,98.5,34.75,430.0,53.5,59.75,81.0,34.75,410.0,68.5,393.0,63.5,67.25,0.0,58.5,52.25,0.0,450.0,67.25,62.25,97.25,93.5,64.75,0.0,0.0,83.5,68.5,86.0,0.0,49.75,449.0,97.25,29.75,104.75,0.0,64.75,0.0,46.0,103.5,91.0,89.75,0.0,112.25,444.0,62.25,0.0,0.0,0.0,104.75,57.25,0.0,69.75,31.0,72.25,0.0,0.0,38.5,27.25,63.5,0.0,73.5
0.0,83.5,123.5,0.0,0.0,0.0,0.0,44.75,0.0,0.0,0.0,0.0,0.0,68.5,92.25,0.0,0.0,0.0,89.75,0.0,0.0,0.0,84.75,0.0,0.0,0.0,0.0,69.75,33.5,0.0,78.5,0.0,0.0,63.5,0.0,88.5,63.5,0.0,0.0,0.0,444.0,0.0,0.0,0.0,0.0,0.0,119.75,0.0,0.0,0.0,0.0,0.0,0.0,0.0,0.0,0.0,0.0,73.5,0.0,0.0,48.5,0.0,94.75,56.0,101.0,73.5,96.0,51.0,0.0,0.0,0.0,0.0,0.0,51.0,0.0,0.0,0.0,0.0,0.0,97.25,0.0,0.0,0.0,0.0,39.75,0.0,0.0,0.0,36.0,52.25,94.75,0.0,77.25,0.0,0.0,0.0,0.0,102.25,0.0,58.5
0.0,0.0,0.0,0.0,0.0,440.0,0.0,0.0,0.0,0.0,0.0,409.0,0.0,0.0,0.0,0.0,0.0,0.0,0.0,0.0,0.0,0.0,89.75,0.0,0.0,0.0,0.0,0.0,0.0,0.0,0.0,102.25,0.0,0.0,0.0,0.0,0.0,0.0,0.0,0.0,0.0,0.0,0.0,0.0,0.0,0.0,405.0,0.0,0.0,0.0,0.0,0.0,0.0,121.0,0.0,46.0,0.0,0.0,0.0,0.0,0.0,0.0,0.0,425.0,0.0,0.0,0.0,0.0,0.0,0.0,0.0,0.0,0.0,0.0,0.0,0.0,0.0,0.0,0.0,106.0,0.0,0.0,109.75,0.0,0.0,0.0,0.0,0.0,0.0,0.0,0.0,0.0,0.0,93.5,0.0,0.0,0.0,0.0,0.0,0.0
0.0,68.5,77.25,102.25,91.0,96.0,81.0,26.0,0.0,102.25,112.25,430.0,46.0,112.25,0.0,84.75,92.25,36.0,0.0,0.0,111.0,0.0,83.5,71.0,423.0,82.25,58.5,87.25,91.0,121.0,68.5,390.0,0.0,69.75,106.0,67.25,47.25,46.0,79.75,83.5,470.0,48.5,43.5,69.75,106.0,53.5,68.5,82.25,88.5,0.0,92.25,62.25,52.25,102.25,399.0,421.0,0.0,0.0,0.0,0.0,92.25,0.0,0.0,71.0,0.0,465.0,72.25,113.5,97.25,434.0,97.25,81.0,53.5,77.25,59.75,102.25,82.25,423.0,0.0,63.5,96.0,63.5,51.0,0.0,0.0,83.5,49.75,57.25,89.75,64.75,57.25,84.75,0.0,56.0,48.5,0.0,92.25,72.25,66.0,0.0
76.0,0.0,74.75,77.25,0.0,66.0,79.75,88.5,0.0,63.5,0.0,77.25,99.75,0.0,37.25,92.25,89.75,47.25,0.0,47.25,101.0,82.25,88.5,78.5,119.75,63.5,0.0,49.75,71.0,0.0,0.0,0.0,52.25,57.25,0.0,106.0,0.0,0.0,69.75,0.0,0.0,0.0,0.0,51.0,43.5,0.0,0.0,0.0,58.5,98.5,79.75,98.5,0.0,51.0,36.0,0.0,31.0,79.75,71.0,0.0,0.0,74.75,63.5,0.0,63.5,0.0,108.5,0.0,0.0,92.25,0.0,0.0,0.0,0.0,53.5,47.25,72.25,94.75,63.5,118.5,0.0,76.0,0.0,52.25,0.0,417.0,73.5,0.0,92.25,56.0,76.0,69.75,0.0,68.5,0.0,71.0,434.0,0.0,51.0,0.0
114.75,86.0,0.0,0.0,118.5,0.0,0.0,0.0,64.75,0.0,77.25,52.25,0.0,88.5,99.75,0.0,0.0,74.75,424.0,0.0,0.0,54.75,0.0,0.0,0.0,0.0,92.25,0.0,0.0,0.0,0.0,0.0,62.25,83.5,97.25,88.5,0.0,76.0,38.5,0.0,0.0,0.0,0.0,69.75,0.0,76.0,0.0,0.0,79.75,0.0,0.0,0.0,0.0,417.0,46.0,0.0,0.0,73.5,0.0,0.0,0.0,0.0,0.0,0.0,33.5,0.0,0.0,0.0,0.0,71.0,0.0,0.0,0.0,58.5,0.0,29.75,0.0,0.0,83.5,38.5,33.5,0.0,0.0,0.0,0.0,0.0,79.75,0.0,67.25,78.5,0.0,0.0,53.5,0.0,0.0,0.0,0.0,0.0,79.75,0.0
69.75,76.0,0.0,0.0,74.75,0.0,92.25,0.0,48.5,77.25,0.0,0.0,0.0,0.0,0.0,84.75,0.0,0.0,96.0,0.0,0.0,64.75,0.0,72.25,79.75,113.5,86.0,0.0,83.5,0.0,111.0,0.0,0.0,66.0,0.0,0.0,108.5,69.75,0.0,0.0,0.0,0.0,82.25,66.0,94.75,0.0,38.5,0.0,88.5,0.0,63.5,51.0,77.25,0.0,0.0,83.5,0.0,38.5,0.0,97.25,77.25,0.0,0.0,59.75,54.75,0.0,53.5,76.0,86.0,0.0,99.75,28.5,76.0,0.0,51.0,84.75,0.0,71.0,74.75,89.75,63.5,0.0,0.0,103.5,74.75,0.0,0.0,77.25,0.0,0.0,84.75,0.0,52.25,0.0,0.0,31.0,0.0,0.0,46.0,71.0
124.75,0.0,0.0,0.0,400.0,0.0,0.0,104.75,88.5,0.0,0.0,0.0,0.0,0.0,0.0,74.75,465.0,0.0,0.0,0.0,0.0,0.0,92.25,0.0,0.0,0.0,0.0,0.0,0.0,0.0,0.0,0.0,0.0,0.0,402.0,0.0,0.0,0.0,64.75,0.0,396.0,107.25,0.0,0.0,0.0,0.0,0.0,0.0,0.0,0.0,0.0,0.0,0.0,0.0,0.0,0.0,0.0,113.5,0.0,0.0,0.0,0.0,0.0,66.0,0.0,68.5,0.0,0.0,0.0,0.0,0.0,0.0,0.0,0.0,93.5,0.0,0.0,0.0,0.0,0.0,0.0,0.0,0.0,0.0,0.0,0.0,0.0,0.0,0.0,0.0,0.0,0.0,0.0,0.0,425.0,0.0,0.0,0.0,0.0,0.0
0.0,0.0,0.0,0.0,0.0,0.0,0.0,0.0,0.0,0.0,41.0,0.0,0.0,0.0,0.0,0.0,0.0,0.0,0.0,53.5,0.0,0.0,0.0,0.0,114.75,0.0,0.0,0.0,416.0,0.0,89.75,0.0,0.0,0.0,0.0,0.0,0.0,33.5,0.0,0.0,0.0,0.0,0.0,0.0,106.0,0.0,49.75,0.0,0.0,0.0,0.0,69.75,58.5,0.0,0.0,0.0,0.0,0.0,0.0,0.0,0.0,0.0,0.0,0.0,0.0,0.0,0.0,0.0,0.0,0.0,63.5,68.5,0.0,0.0,0.0,0.0,0.0,0.0,0.0,0.0,0.0,0.0,0.0,0.0,0.0,0.0,0.0,0.0,0.0,0.0,0.0,0.0,0.0,0.0,0.0,0.0,62.25,0.0,0.0,86.0
0.0,46.0,0.0,97.25,0.0,58.5,81.0,58.5,0.0,433.0,0.0,0.0,0.0,0.0,0.0,0.0,0.0,0.0,44.75,0.0,0.0,0.0,0.0,0.0,0.0,52.25,74.75,0.0,0.0,0.0,0.0,0.0,59.75,0.0,86.0,0.0,414.0,68.5,0.0,0.0,0.0,0.0,0.0,0.0,0.0,68.5,0.0,0.0,64.75,0.0,93.5,0.0,0.0,0.0,104.75,0.0,0.0,0.0,0.0,0.0,0.0,59.75,92.25,424.0,0.0,0.0,54.75,0.0,36.0,415.0,98.5,0.0,0.0,56.0,0.0,0.0,0.0,0.0,385.0,0.0,47.25,0.0,56.0,79.75,0.0,0.0,108.5,82.25,78.5,0.0,0.0,58.5,58.5,0.0,87.25,0.0,77.25,0.0,0.0,0.0
98.5,121.0,82.25,88.5,78.5,0.0,0.0,73.5,71.0,0.0,31.0,89.75,0.0,0.0,0.0,0.0,94.75,425.0,0.0,415.0,53.5,0.0,56.0,56.0,88.5,97.25,0.0,69.75,89.75,92.25,0.0,93.5,76.0,452.0,91.0,101.0,0.0,107.25,57.25,407.0,0.0,57.25,0.0,58.5,0.0,0.0,51.0,439.0,0.0,69.75,71.0,101.0,84.75,56.0,406.0,46.0,84.75,0.0,0.0,93.5,61.0,62.25,96.0,63.5,66.0,0.0,91.0,46.0,102.25,83.5,0.0,62.25,93.5,0.0,0.0,84.75,0.0,0.0,0.0,67.25,0.0,101.0,0.0,0.0,59.75,113.5,0.0,0.0,73.5,99.75,102.25,0.0,0.0,89.75,0.0,63.5,0.0,112.25,39.75,67.25
83.5,0.0,92.25,0.0,79.75,0.0,0.0,0.0,0.0,87.25,0.0,0.0,52.25,27.25,0.0,92.25,0.0,0.0,78.5,106.0,101.0,84.75,0.0,41.0,0.0,94.75,0.0,39.75,111.0,79.75,0.0,68.5,0.0,91.0,0.0,33.5,81.0,0.0,0.0,0.0,0.0,81.0,92.25,0.0,0.0,89.75,0.0,0.0,99.75,0.0,398.0,0.0,68.5,0.0,0.0,0.0,0.0,78.5,0.0,88.5,68.5,93.5,107.25,0.0,46.0,0.0,0.0,0.0,0.0,88.5,62.25,0.0,0.0,0.0,82.25,400.0,0.0,0.0,0.0,0.0,0.0,61.0,0.0,0.0,0.0,0.0,56.0,0.0,0.0,0.0,415.0,0.0,0.0,0.0,0.0,421.0,58.5,0.0,52.25,0.0
49.75,62.25,0.0,97.25,83.5,63.5,31.0,431.0,92.25,74.75,106.0,79.75,79.75,117.25,101.0,68.5,28.5,29.75,0.0,89.75,419.0,58.5,71.0,87.25,97.25,63.5,77.25,69.75,62.25,436.0,392.0,81.0,399.0,72.25,73.5,81.0,62.25,72.25,79.75,461.0,453.0,93.5,92.25,52.25,89.75,68.5,38.5,57.25,29.75,409.0,434.0,51.0,56.0,61.0,437.0,42.25,0.0,57.25,0.0,97.25,86.0,397.0,63.5,104.75,102.25,54.75,66.0,0.0,49.75,82.25,429.0,106.0,0.0,68.5,84.75,77.25,74.75,0.0,42.25,417.0,78.5,77.25,26.0,415.0,118.5,94.75,86.0,58.5,107.25,81.0,36.0,0.0,0.0,99.75,106.0,124.75,73.5,83.5,398.0,416.0
0.0,0.0,0.0,0.0,53.5,0.0,0.0,0.0,0.0,0.0,0.0,0.0,0.0,0.0,0.0,0.0,0.0,0.0,0.0,72.25,0.0,0.0,0.0,0.0,393.0,0.0,0.0,0.0,0.0,91.0,0.0,51.0,58.5,0.0,76.0,0.0,0.0,0.0,0.0,0.0,0.0,37.25,0.0,0.0,0.0,74.75,0.0,0.0,0.0,0.0,0.0,0.0,0.0,0.0,0.0,0.0,33.5,0.0,0.0,0.0,0.0,0.0,0.0,0.0,0.0,0.0,0.0,0.0,0.0,0.0,0.0,0.0,53.5,0.0,0.0,0.0,0.0,0.0,0.0,0.0,0.0,0.0,66.0,0.0,0.0,0.0,0.0,0.0,0.0,0.0,42.25,0.0,0.0,0.0,0.0,0.0,0.0,0.0,98.5,0.0
68.5,0.0,81.0,92.25,0.0,0.0,0.0,42.25,73.5,0.0,36.0,450.0,0.0,0.0,81.0,0.0,0.0,0.0,0.0,59.75,67.25,0.0,62.25,71.0,88.5,0.0,0.0,0.0,72.25,0.0,66.0,0.0,92.25,71.0,0.0,118.5,467.0,87.25,42.25,0.0,83.5,442.0,0.0,88.5,0.0,57.25,47.25,62.25,54.75,0.0,0.0,0.0,0.0,47.25,0.0,390.0,54.75,0.0,93.5,0.0,0.0,0.0,0.0,64.75,81.0,0.0,42.25,0.0,0.0,0.0,0.0,0.0,0.0,63.5,114.75,78.5,0.0,0.0,397.0,0.0,0.0,0.0,111.0,59.75,423.0,92.25,66.0,71.0,71.0,0.0,404.0,0.0,84.75,0.0,412.0,0.0,0.0,116.0,0.0,0.0
63.5,49.75,72.25,450.0,74.75,107.25,0.0,67.25,52.25,0.0,68.5,78.5,79.75,81.0,444.0,76.0,0.0,0.0,0.0,0.0,79.75,404.0,67.25,71.0,0.0,0.0,106.0,54.75,0.0,0.0,73.5,86.0,0.0,96.0,101.0,53.5,56.0,0.0,0.0,66.0,0.0,73.5,0.0,53.5,0.0,78.5,67.25,33.5,0.0,84.75,0.0,64.75,71.0,84.75,107.25,56.0,0.0,0.0,57.25,94.75,34.75,0.0,0.0,93.5,96.0,79.75,0.0,78.5,76.0,0.0,0.0,76.0,96.0,0.0,96.0,44.75,412.0,0.0,62.25,96.0,88.5,76.0,83.5,0.0,54.75,0.0,445.0,0.0,392.0,62.25,0.0,0.0,0.0,79.75,0.0,83.5,0.0,0.0,76.0,97.25
46.0,113.5,0.0,0.0,0.0,0.0,69.75,0.0,0.0,0.0,0.0,0.0,83.5,41.0,109.75,0.0,47.25,0.0,59.75,0.0,0.0,0.0,0.0,0.0,400.0,0.0,0.0,0.0,0.0,87.25,61.0,71.0,0.0,43.5,0.0,0.0,99.75,91.0,62.25,84.75,58.5,0.0,88.5,0.0,0.0,112.25,0.0,56.0,91.0,0.0,0.0,0.0,433.0,86.0,0.0,0.0,57.25,0.0,72.25,0.0,88.5,0.0,91.0,69.75,104.75,73.5,123.5,97.25,0.0,51.0,66.0,0.0,108.5,67.25,0.0,0.0,91.0,0.0,0.0,68.5,51.0,0.0,0.0,67.25,94.75,0.0,96.0,36.0,84.75,0.0,0.0,0.0,0.0,0.0,0.0,0.0,0.0,86.0,0.0,0.0
63.5,74.75,0.0,66.0,0.0,0.0,440.0,92.25,76.0,109.75,0.0,0.0,54.75,64.75,0.0,0.0,106.0,0.0,27.25,0.0,99.75,81.0,0.0,0.0,106.0,0.0,0.0,0.0,106.0,0.0,0.0,0.0,94.75,0.0,72.25,0.0,82.25,0.0,63.5,103.5,0.0,57.25,28.5,0.0,0.0,76.0,0.0,64.75,0.0,0.0,53.5,0.0,0.0,56.0,0.0,0.0,83.5,0.0,0.0,102.25,0.0,443.0,66.0,0.0,77.25,83.5,0.0,94.75,87.25,79.75,0.0,0.0,0.0,41.0,56.0,0.0,71.0,0.0,72.25,64.75,0.0,0.0,97.25,426.0,0.0,117.25,79.75,77.25,72.25,0.0,0.0,0.0,91.0,52.25,89.75,0.0,62.25,82.25,0.0,81.0
0.0,0.0,0.0,89.75,99.75,37.25,0.0,52.25,0.0,83.5,0.0,0.0,0.0,0.0,63.5,111.0,0.0,0.0,0.0,0.0,0.0,74.75,0.0,92.25,87.25,0.0,0.0,0.0,0.0,0.0,412.0,0.0,66.0,0.0,0.0,0.0,0.0,0.0,79.75,84.75,0.0,63.5,0.0,0.0,0.0,92.25,0.0,88.5,0.0,377.0,0.0,46.0,0.0,0.0,39.75,0.0,64.75,0.0,0.0,0.0,0.0,0.0,47.25,0.0,438.0,0.0,76.0,0.0,0.0,0.0,0.0,0.0,0.0,0.0,454.0,88.5,0.0,0.0,0.0,106.0,0.0,0.0,68.5,99.75,0.0,0.0,0.0,0.0,0.0,27.25,418.0,52.25,47.25,0.0,112.25,0.0,67.25,0.0,0.0,0.0
0.0,0.0,0.0,0.0,63.5,0.0,0.0,0.0,0.0,0.0,0.0,0.0,0.0,0.0,0.0,441.0,0.0,454.0,49.75,102.25,0.0,0.0,0.0,0.0,0.0,0.0,0.0,0.0,0.0,0.0,0.0,0.0,0.0,0.0,0.0,0.0,84.75,0.0,0.0,0.0,0.0,0.0,0.0,0.0,96.0,0.0,0.0,0.0,0.0,79.75,0.0,0.0,109.75,58.5,0.0,0.0,0.0,0.0,0.0,0.0,0.0,0.0,0.0,0.0,0.0,0.0,0.0,0.0,0.0,107.25,0.0,0.0,0.0,47.25,0.0,0.0,0.0,0.0,0.0,84.75,0.0,0.0,0.0,0.0,0.0,91.0,0.0,0.0,74.75,0.0,0.0,0.0,0.0,0.0,0.0,0.0,0.0,0.0,0.0,64.75
0.0,104.75,0.0,57.25,53.5,89.75,38.5,47.25,81.0,62.25,0.0,71.0,78.5,0.0,124.75,0.0,0.0,0.0,0.0,59.75,58.5,0.0,0.0,0.0,0.0,0.0,412.0,78.5,58.5,64.75,0.0,0.0,0.0,0.0,0.0,33.5,59.75,0.0,0.0,0.0,0.0,0.0,0.0,41.0,0.0,47.25,0.0,56.0,63.5,0.0,428.0,63.5,0.0,0.0,86.0,0.0,0.0,452.0,34.75,66.0,0.0,0.0,79.75,0.0,73.5,0.0,73.5,92.25,0.0,54.75,0.0,0.0,0.0,0.0,54.75,0.0,0.0,0.0,81.0,0.0,0.0,0.0,0.0,0.0,76.0,0.0,83.5,0.0,84.75,77.25,0.0,59.75,124.75,72.25,0.0,56.0,64.75,0.0,0.0,58.5
0.0,0.0,0.0,0.0,82.25,41.0,114.75,0.0,0.0,0.0,71.0,83.5,0.0,0.0,0.0,83.5,68.5,0.0,0.0,0.0,0.0,0.0,81.0,52.25,81.0,83.5,0.0,58.5,61.0,0.0,0.0,98.5,0.0,440.0,88.5,77.25,0.0,74.75,0.0,0.0,0.0,73.5,0.0,0.0,0.0,0.0,51.0,0.0,0.0,0.0,83.5,0.0,0.0,0.0,0.0,81.0,0.0,0.0,0.0,461.0,0.0,0.0,0.0,94.75,0.0,53.5,0.0,0.0,0.0,0.0,0.0,0.0,82.25,112.25,0.0,78.5,0.0,0.0,98.5,67.25,0.0,36.0,64.75,409.0,0.0,78.5,0.0,0.0,71.0,0.0,0.0,0.0,0.0,0.0,0.0,0.0,0.0,0.0,0.0,0.0
0.0,0.0,0.0,0.0,0.0,97.25,0.0,72.25,43.5,0.0,34.75,0.0,42.25,104.75,0.0,46.0,0.0,0.0,403.0,74.75,0.0,0.0,0.0,0.0,63.5,0.0,0.0,0.0,68.5,63.5,0.0,0.0,0.0,0.0,64.75,391.0,0.0,0.0,0.0,0.0,437.0,0.0,0.0,41.0,0.0,66.0,0.0,0.0,0.0,0.0,0.0,0.0,0.0,0.0,54.75,0.0,0.0,0.0,0.0,0.0,0.0,0.0,0.0,53.5,0.0,0.0,0.0,0.0,0.0,0.0,0.0,0.0,0.0,63.5,0.0,0.0,112.25,0.0,0.0,47.25,0.0,0.0,0.0,0.0,0.0,0.0,0.0,33.5,0.0,0.0,0.0,0.0,56.0,0.0,0.0,0.0,0.0,0.0,0.0,0.0
0.0,101.0,0.0,0.0,0.0,384.0,0.0,0.0,91.0,0.0,0.0,0.0,0.0,0.0,0.0,0.0,66.0,0.0,0.0,98.5,0.0,0.0,0.0,0.0,0.0,0.0,92.25,88.5,0.0,74.75,0.0,0.0,0.0,0.0,0.0,0.0,0.0,67.25,0.0,0.0,0.0,428.0,83.5,0.0,0.0,0.0,42.25,462.0,0.0,0.0,0.0,99.75,0.0,0.0,69.75,41.0,0.0,0.0,0.0,0.0,0.0,98.5,0.0,0.0,79.75,0.0,0.0,0.0,0.0,57.25,0.0,0.0,118.5,112.25,0.0,0.0,69.75,0.0,0.0,0.0,0.0,0.0,61.0,0.0,66.0,52.25,0.0,76.0,0.0,0.0,0.0,0.0,0.0,0.0,0.0,54.75,0.0,92.25,0.0,0.0
0.0,57.25,0.0,52.25,76.0,84.75,88.5,0.0,0.0,101.0,43.5,111.0,107.25,62.25,0.0,68.5,89.75,99.75,94.75,79.75,66.0,0.0,74.75,384.0,0.0,73.5,0.0,84.75,66.0,78.5,39.75,0.0,0.0,68.5,84.75,43.5,103.5,0.0,0.0,69.75,79.75,0.0,62.25,78.5,78.5,66.0,0.0,51.0,48.5,0.0,107.25,94.75,121.0,106.0,0.0,82.25,71.0,458.0,106.0,69.75,58.5,72.25,74.75,79.75,84.75,92.25,0.0,74.75,62.25,92.25,436.0,58.5,62.25,0.0,124.75,111.0,84.75,46.0,68.5,0.0,107.25,87.25,82.25,0.0,106.0,38.5,32.25,0.0,92.25,87.25,0.0,0.0,442.0,76.0,66.0,89.75,83.5,62.25,56.0,54.75
405.0,82.25,92.25,86.0,88.5,98.5,0.0,0.0,0.0,0.0,0.0,109.75,63.5,0.0,73.5,54.75,76.0,39.75,32.25,0.0,86.0,64.75,0.0,400.0,54.75,0.0,82.25,88.5,62.25,74.75,84.75,71.0,64.75,88.5,52.25,109.75,64.75,39.75,61.0,0.0,52.25,83.5,0.0,0.0,92.25,79.75,0.0,108.5,0.0,76.0,79.75,67.25,89.75,99.75,71.0,97.25,415.0,390.0,96.0,93.5,114.75,98.5,0.0,462.0,122.25,0.0,28.5,87.25,84.75,88.5,76.0,94.75,79.75,89.75,84.75,49.75,415.0,63.5,97.25,104.75,0.0,59.75,108.5,122.25,53.5,405.0,0.0,44.75,82.25,84.75,0.0,57.25,64.75,64.75,94.75,79.75,71.0,104.75,99.75,66.0
71.0,74.75,56.0,46.0,82.25,0.0,89.75,0.0,63.5,76.0,0.0,73.5,58.5,442.0,64.75,0.0,0.0,413.0,77.25,0.0,91.0,81.0,73.5,26.0,113.5,47.25,79.75,88.5,0.0,61.0,59.75,56.0,0.0,0.0,398.0,81.0,62.25,73.5,104.75,89.75,92.25,26.0,0.0,123.5,28.5,72.25,82.25,108.5,91.0,87.25,56.0,79.75,92.25,0.0,91.0,104.75,0.0,0.0,0.0,81.0,103.5,84.75,67.25,81.0,0.0,102.25,93.5,106.0,461.0,81.0,0.0,0.0,0.0,89.75,0.0,52.25,87.25,0.0,84.75,98.5,0.0,0.0,0.0,48.5,98.5,38.5,74.75,64.75,96.0,0.0,88.5,74.75,49.75,0.0,88.5,87.25,72.25,412.0,53.5,92.25
97.25,0.0,88.5,0.0,84.75,0.0,0.0,0.0,72.25,81.0,56.0,0.0,0.0,0.0,0.0,47.25,0.0,0.0,27.25,0.0,0.0,124.75,0.0,81.0,0.0,98.5,67.25,47.25,0.0,0.0,59.75,56.0,0.0,33.5,0.0,0.0,62.25,53.5,0.0,63.5,99.75,93.5,97.25,66.0,0.0,0.0,0.0,0.0,0.0,109.75,449.0,0.0,0.0,431.0,68.5,72.25,0.0,102.25,0.0,0.0,46.0,0.0,84.75,0.0,0.0,0.0,44.75,0.0,0.0,0.0,78.5,0.0,0.0,81.0,83.5,0.0,0.0,73.5,0.0,0.0,0.0,0.0,0.0,0.0,0.0,0.0,0.0,48.5,0.0,436.0,73.5,389.0,49.75,0.0,0.0,0.0,0.0,0.0,0.0,0.0
0.0,58.5,0.0,108.5,43.5,0.0,417.0,31.0,0.0,62.25,0.0,58.5,82.25,74.75,84.75,47.25,63.5,79.75,58.5,52.25,48.5,83.5,42.25,41.0,432.0,44.75,46.0,111.0,74.75,47.25,88.5,64.75,99.75,83.5,81.0,87.25,66.0,78.5,446.0,454.0,415.0,0.0,83.5,0.0,89.75,448.0,82.25,0.0,52.25,86.0,58.5,52.25,59.75,47.25,0.0,77.25,0.0,83.5,84.75,27.25,83.5,111.0,86.0,47.25,83.5,49.75,455.0,102.25,0.0,61.0,78.5,83.5,69.75,56.0,0.0,94.75,72.25,46.0,74.75,0.0,79.75,97.25,0.0,0.0,51.0,0.0,0.0,62.25,0.0,89.75,114.75,0.0,68.5,53.5,92.25,62.25,57.25,72.25,430.0,66.0
0.0,67.25,0.0,66.0,63.5,111.0,0.0,74.75,0.0,77.25,97.25,59.75,102.25,62.25,53.5,68.5,74.75,64.75,444.0,41.0,89.75,107.25,69.75,98.5,54.75,98.5,0.0,84.75,68.5,76.0,111.0,69.75,0.0,83.5,67.25,0.0,73.5,99.75,61.0,46.0,89.75,402.0,49.75,101.0,445.0,102.25,411.0,89.75,52.25,104.75,103.5,96.0,36.0,97.25,437.0,0.0,57.25,427.0,83.5,79.75,98.5,0.0,0.0,82.25,86.0,98.5,0.0,53.5,0.0,116.0,83.5,0.0,69.75,98.5,96.0,102.25,81.0,0.0,0.0,54.75,461.0,408.0,62.25,0.0,0.0,27.25,0.0,93.5,71.0,71.0,0.0,46.0,62.25,83.5,52.25,56.0,103.5,71.0,63.5,71.0
107.25,58.5,49.75,106.0,103.5,88.5,54.75,47.25,58.5,57.25,71.0,62.25,69.75,51.0,52.25,61.0,113.5,88.5,76.0,38.5,0.0,67.25,79.75,36.0,83.5,0.0,78.5,408.0,86.0,104.75,87.25,79.75,86.0,44.75,62.25,77.25,72.25,46.0,57.25,94.75,84.75,57.25,437.0,28.5,94.75,47.25,91.0,67.25,67.25,87.25,101.0,114.75,88.5,77.25,96.0,0.0,72.25,77.25,77.25,93.5,77.25,0.0,38.5,49.75,435.0,436.0,68.5,0.0,43.5,79.75,54.75,116.0,102.25,81.0,67.25,71.0,102.25,73.5,77.25,432.0,87.25,67.25,87.25,114.75,433.0,0.0,69.75,122.25,39.75,63.5,86.0,73.5,36.0,0.0,61.0,81.0,38.5,91.0,96.0,88.5
48.5,0.0,0.0,49.75,0.0,0.0,0.0,94.75,0.0,0.0,0.0,0.0,0.0,0.0,0.0,0.0,49.75,0.0,423.0,99.75,61.0,82.25,86.0,52.25,0.0,109.75,0.0,0.0,66.0,0.0,0.0,0.0,0.0,0.0,83.5,67.25,415.0,0.0,0.0,66.0,419.0,0.0,82.25,82.25,0.0,0.0,94.75,67.25,0.0,0.0,0.0,0.0,0.0,84.75,0.0,0.0,0.0,0.0,43.5,0.0,63.5,81.0,0.0,0.0,0.0,76.0,0.0,0.0,0.0,0.0,0.0,0.0,0.0,0.0,0.0,0.0,0.0,0.0,0.0,0.0,61.0,83.5,114.75,61.0,466.0,0.0,0.0,47.25,0.0,0.0,0.0,0.0,0.0,0.0,0.0,0.0,0.0,104.75,0.0,0.0
0.0,0.0,0.0,0.0,0.0,0.0,59.75,0.0,0.0,64.75,0.0,49.75,0.0,0.0,0.0,0.0,0.0,0.0,0.0,0.0,62.25,0.0,0.0,56.0,0.0,0.0,58.5,0.0,0.0,0.0,0.0,0.0,0.0,0.0,0.0,64.75,0.0,0.0,0.0,420.0,0.0,0.0,0.0,56.0,0.0,91.0,0.0,0.0,0.0,0.0,0.0,0.0,0.0,0.0,0.0,0.0,0.0,0.0,0.0,0.0,0.0,0.0,0.0,0.0,0.0,0.0,0.0,0.0,0.0,0.0,0.0,0.0,0.0,0.0,0.0,109.75,0.0,0.0,81.0,0.0,0.0,0.0,0.0,0.0,62.25,88.5,0.0,0.0,0.0,0.0,113.5,57.25,0.0,0.0,0.0,74.75,0.0,106.0,0.0,0.0
0.0,0.0,0.0,64.75,0.0,0.0,0.0,0.0,0.0,54.75,0.0,0.0,0.0,0.0,0.0,0.0,0.0,113.5,36.0,0.0,0.0,0.0,0.0,0.0,0.0,0.0,0.0,0.0,0.0,0.0,0.0,84.75,0.0,0.0,0.0,0.0,0.0,0.0,0.0,61.0,0.0,0.0,0.0,0.0,0.0,0.0,0.0,0.0,0.0,93.5,0.0,0.0,0.0,0.0,0.0,0.0,0.0,0.0,0.0,0.0,0.0,0.0,0.0,0.0,0.0,0.0,0.0,77.25,0.0,0.0,0.0,0.0,0.0,0.0,0.0,0.0,86.0,0.0,0.0,0.0,114.75,0.0,0.0,0.0,0.0,0.0,0.0,0.0,0.0,0.0,0.0,72.25,0.0,0.0,0.0,0.0,0.0,0.0,0.0,71.0
51.0,0.0,101.0,0.0,68.5,106.0,46.0,67.25,0.0,0.0,78.5,108.5,0.0,0.0,0.0,0.0,54.75,0.0,0.0,0.0,0.0,0.0,0.0,0.0,31.0,0.0,0.0,0.0,54.75,0.0,417.0,0.0,0.0,76.0,104.75,0.0,53.5,67.25,0.0,0.0,0.0,0.0,0.0,0.0,0.0,97.25,53.5,57.25,0.0,78.5,101.0,0.0,0.0,88.5,0.0,0.0,0.0,112.25,0.0,0.0,0.0,0.0,57.25,0.0,33.5,66.0,0.0,63.5,0.0,59.75,88.5,0.0,93.5,104.75,0.0,76.0,0.0,0.0,0.0,0.0,0.0,0.0,0.0,84.75,0.0,68.5,64.75,0.0,0.0,0.0,99.75,0.0,67.25,47.25,0.0,0.0,91.0,0.0,82.25,0.0
99.75,0.0,72.25,53.5,69.75,47.25,112.25,443.0,63.5,103.5,71.0,89.75,61.0,104.75,64.75,66.0,415.0,69.75,61.0,0.0,91.0,113.5,81.0,87.25,44.75,98.5,0.0,119.75,71.0,37.25,52.25,390.0,0.0,57.25,64.75,96.0,77.25,113.5,64.75,46.0,72.25,83.5,434.0,0.0,96.0,78.5,81.0,114.75,79.75,436.0,94.75,411.0,424.0,66.0,104.75,121.0,122.25,56.0,63.5,89.75,425.0,67.25,61.0,445.0,86.0,67.25,67.25,62.25,28.5,0.0,102.25,61.0,63.5,97.25,43.5,91.0,0.0,400.0,473.0,419.0,93.5,121.0,89.75,0.0,78.5,58.5,0.0,66.0,83.5,83.5,0.0,83.5,93.5,398.0,76.0,121.0,99.75,63.5,417.0,97.25
0.0,388.0,107.25,98.5,99.75,84.75,51.0,88.5,470.0,433.0,91.0,97.25,0.0,77.25,61.0,93.5,422.0,76.0,86.0,78.5,0.0,0.0,81.0,0.0,56.0,0.0,68.5,0.0,0.0,64.75,62.25,0.0,121.0,67.25,111.0,62.25,0.0,96.0,124.75,99.75,29.75,98.5,98.5,53.5,0.0,88.5,69.75,403.0,0.0,61.0,420.0,0.0,72.25,0.0,82.25,122.25,99.75,111.0,102.25,58.5,0.0,0.0,0.0,0.0,0.0,119.75,0.0,0.0,380.0,0.0,408.0,0.0,46.0,0.0,0.0,82.25,71.0,83.5,62.25,71.0,0.0,104.75,82.25,101.0,43.5,38.5,0.0,0.0,71.0,0.0,103.5,0.0,53.5,0.0,58.5,76.0,102.25,52.25,428.0,0.0
92.25,44.75,107.25,56.0,68.5,93.5,0.0,0.0,39.75,376.0,0.0,0.0,376.0,0.0,52.25,66.0,89.75,0.0,53.5,64.75,96.0,102.25,0.0,73.5,96.0,67.25,101.0,49.75,77.25,415.0,53.5,429.0,76.0,86.0,0.0,28.5,81.0,0.0,440.0,51.0,397.0,94.75,0.0,57.25,27.25,0.0,37.25,0.0,69.75,0.0,77.25,61.0,112.25,103.5,64.75,61.0,0.0,59.75,86.0,48.5,89.75,72.25,108.5,383.0,37.25,406.0,118.5,0.0,68.5,96.0,78.5,81.0,72.25,61.0,32.25,82.25,121.0,0.0,61.0,73.5,83.5,113.5,0.0,66.0,59.75,73.5,62.25,46.0,84.75,53.5,43.5,54.75,0.0,79.75,98.5,71.0,101.0,68.5,455.0,104.75
67.25,52.25,101.0,0.0,0.0,73.5,68.5,0.0,420.0,94.75,0.0,61.0,63.5,79.75,71.0,0.0,91.0,68.5,0.0,420.0,424.0,0.0,71.0,48.5,104.75,28.5,89.75,38.5,443.0,106.0,89.75,113.5,0.0,66.0,0.0,73.5,112.25,41.0,0.0,79.75,94.75,51.0,91.0,0.0,69.75,448.0,0.0,98.5,53.5,0.0,89.75,448.0,86.0,64.75,86.0,87.25,41.0,0.0,84.75,0.0,0.0,0.0,419.0,36.0,97.25,77.25,119.75,72.25,88.5,119.75,92.25,68.5,72.25,58.5,0.0,104.75,0.0,83.5,67.25,466.0,87.25,112.25,53.5,86.0,78.5,58.5,0.0,82.25,448.0,116.0,113.5,0.0,79.75,0.0,409.0,83.5,72.25,51.0,122.25,84.75
97.25,0.0,74.75,53.5,121.0,417.0,39.75,38.5,79.75,89.75,0.0,77.25,63.5,41.0,44.75,413.0,88.5,46.0,0.0,71.0,0.0,56.0,107.25,88.5,398.0,63.5,68.5,89.75,44.75,418.0,0.0,71.0,84.75,51.0,428.0,71.0,0.0,61.0,88.5,92.25,429.0,68.5,77.25,88.5,47.25,106.0,56.0,51.0,425.0,93.5,0.0,0.0,0.0,112.25,41.0,81.0,87.25,53.5,119.75,92.25,79.75,104.75,59.75,38.5,0.0,74.75,41.0,0.0,63.5,58.5,71.0,66.0,111.0,455.0,61.0,69.75,72.25,0.0,39.75,41.0,0.0,89.75,76.0,81.0,72.25,89.75,0.0,463.0,59.75,59.75,97.25,56.0,0.0,94.75,0.0,84.75,0.0,451.0,74.75,0.0
41.0,443.0,78.5,0.0,92.25,0.0,69.75,415.0,46.0,0.0,87.25,72.25,66.0,81.0,470.0,0.0,37.25,92.25,83.5,96.0,47.25,56.0,103.5,0.0,58.5,86.0,0.0,78.5,71.0,0.0,92.25,0.0,452.0,409.0,427.0,54.75,410.0,59.75,36.0,0.0,0.0,0.0,29.75,405.0,77.25,0.0,48.5,103.5,39.75,53.5,77.25,420.0,0.0,36.0,103.5,0.0,93.5,0.0,66.0,81.0,73.5,0.0,86.0,73.5,77.25,79.75,73.5,71.0,0.0,0.0,106.0,69.75,0.0,118.5,64.75,64.75,88.5,409.0,93.5,0.0,72.25,117.25,116.0,73.5,39.75,38.5,74.75,84.75,0.0,118.5,87.25,58.5,93.5,52.25,104.75,0.0,72.25,417.0,79.75,82.25
428.0,91.0,78.5,99.75,74.75,86.0,0.0,61.0,64.75,26.0,74.75,34.75,93.5,96.0,103.5,56.0,0.0,52.25,102.25,72.25,96.0,76.0,109.75,48.5,56.0,63.5,56.0,53.5,61.0,53.5,46.0,62.25,92.25,26.0,62.25,29.75,39.75,71.0,94.75,87.25,89.75,87.25,96.0,415.0,117.25,84.75,76.0,97.25,47.25,71.0,102.25,73.5,0.0,99.75,106.0,73.5,79.75,89.75,38.5,62.25,99.75,102.25,93.5,386.0,0.0,77.25,52.25,0.0,74.75,121.0,44.75,46.0,33.5,72.25,0.0,38.5,66.0,79.75,72.25,82.25,76.0,84.75,437.0,77.25,82.25,86.0,87.25,44.75,0.0,79.75,71.0,420.0,44.75,59.75,458.0,77.25,0.0,0.0,93.5,124.75
74.75,84.75,399.0,68.5,106.0,0.0,38.5,62.25,61.0,72.25,0.0,77.25,386.0,71.0,0.0,86.0,82.25,119.75,112.25,62.25,0.0,66.0,0.0,464.0,46.0,62.25,67.25,109.75,97.25,72.25,92.25,59.75,114.75,61.0,0.0,0.0,0.0,458.0,104.75,39.75,0.0,123.5,0.0,0.0,33.5,27.25,71.0,123.5,74.75,0.0,101.0,107.25,79.75,0.0,416.0,0.0,61.0,0.0,0.0,63.5,52.25,73.5,68.5,117.25,102.25,61.0,64.75,84.75,0.0,123.5,401.0,74.75,0.0,91.0,62.25,58.5,0.0,68.5,117.25,409.0,87.25,91.0,62.25,41.0,48.5,54.75,93.5,46.0,53.5,67.25,117.25,88.5,47.25,0.0,83.5,0.0,67.25,0.0,112.25,453.0
52.25,0.0,0.0,0.0,0.0,0.0,0.0,44.75,74.75,64.75,0.0,101.0,0.0,0.0,67.25,0.0,77.25,59.75,78.5,0.0,0.0,0.0,0.0,430.0,0.0,74.75,106.0,61.0,67.25,0.0,0.0,81.0,78.5,0.0,0.0,32.25,0.0,0.0,0.0,0.0,0.0,0.0,0.0,63.5,0.0,0.0,0.0,0.0,398.0,39.75,413.0,0.0,0.0,0.0,0.0,0.0,0.0,43.5,0.0,406.0,81.0,0.0,0.0,0.0,51.0,51.0,82.25,72.25,386.0,72.25,86.0,0.0,0.0,84.75,420.0,0.0,396.0,58.5,0.0,0.0,0.0,67.25,0.0,76.0,77.25,0.0,0.0,0.0,103.5,0.0,0.0,106.0,32.25,417.0,42.25,0.0,0.0,107.25,0.0,0.0
62.25,69.75,83.5,47.25,61.0,67.25,111.0,109.75,68.5,63.5,0.0,61.0,86.0,68.5,64.75,66.0,121.0,86.0,439.0,81.0,82.25,57.25,112.25,46.0,94.75,81.0,402.0,456.0,41.0,66.0,86.0,0.0,73.5,86.0,98.5,92.25,44.75,438.0,0.0,56.0,67.25,64.75,78.5,53.5,56.0,93.5,98.5,453.0,79.75,76.0,64.75,71.0,463.0,96.0,42.25,104.75,99.75,88.5,99.75,51.0,108.5,471.0,33.5,68.5,0.0,42.25,0.0,73.5,53.5,97.25,101.0,82.25,116.0,0.0,0.0,84.75,73.5,464.0,0.0,64.75,92.25,57.25,121.0,58.5,53.5,63.5,92.25,62.25,84.75,44.75,0.0,84.75,72.25,74.75,66.0,61.0,92.25,28.5,0.0,0.0
