0.0,0.0,0.0,0.0,52.25,0.0,0.0,0.0,0.0,56.0,0.0,61.0,49.75,0.0,0.0,0.0,0.0,99.75,0.0,0.0,0.0,0.0,72.25,58.5,0.0,78.5,0.0,104.75,0.0,0.0,99.75,0.0,39.75,0.0,0.0,0.0,0.0,77.25,0.0,0.0,0.0,0.0,121.0,61.0,0.0,0.0,0.0,32.25,0.0,0.0,0.0,0.0,44.75,87.25,0.0,0.0,0.0,0.0,0.0,0.0,0.0,0.0,0.0,0.0,0.0,0.0,0.0,0.0,0.0,0.0,0.0,61.0,0.0,114.75,0.0,0.0,0.0,0.0,83.5,64.75,86.0,108.5,77.25,81.0,0.0,78.5,0.0,67.25,403.0,0.0,0.0,87.25,0.0,0.0,0.0,0.0,0.0,48.5,66.0,114.75
0.0,0.0,81.0,0.0,46.0,0.0,0.0,77.25,74.75,0.0,0.0,0.0,77.25,88.5,109.75,0.0,89.75,51.0,102.25,0.0,0.0,0.0,0.0,0.0,88.5,0.0,0.0,0.0,0.0,69.75,0.0,0.0,0.0,0.0,0.0,68.5,96.0,0.0,73.5,0.0,0.0,0.0,0.0,69.75,0.0,0.0,417.0,77.25,0.0,0.0,96.0,0.0,0.0,0.0,0.0,0.0,78.5,63.5,0.0,0.0,0.0,123.5,0.0,58.5,0.0,0.0,0.0,0.0,79.75,0.0,0.0,0.0,52.25,0.0,0.0,81.0,0.0,0.0,69.75,61.0,103.5,0.0,42.25,0.0,51.0,0.0,0.0,0.0,0.0,58.5,0.0,0.0,0.0,77.25,0.0,41.0,0.0,443.0,0.0,0.0
0.0,0.0,0.0,0.0,0.0,0.0,0.0,99.75,0.0,71.0,0.0,41.0,0.0,62.25,0.0,0.0,0.0,0.0,0.0,0.0,0.0,0.0,0.0,0.0,0.0,0.0,0.0,0.0,0.0,0.0,0.0,41.0,0.0,0.0,0.0,0.0,0.0,0.0,0.0,0.0,0.0,0.0,37.25,0.0,117.25,0.0,382.0,121.0,0.0,0.0,0.0,61.0,0.0,0.0,0.0,0.0,0.0,0.0,0.0,0.0,0.0,0.0,101.0,0.0,0.0,0.0,93.5,0.0,0.0,81.0,0.0,122.25,0.0,0.0,0.0,0.0,0.0,0.0,0.0,0.0,0.0,97.25,0.0,86.0,0.0,74.75,0.0,0.0,32.25,0.0,0.0,0.0,52.25,0.0,0.0,0.0,0.0,0.0,0.0,44.75
0.0,0.0,0.0,0.0,86.0,0.0,0.0,0.0,0.0,0.0,0.0,31.0,74.75,84.75,0.0,0.0,0.0,0.0,0.0,0.0,0.0,0.0,0.0,0.0,0.0,0.0,96.0,0.0,0.0,101.0,0.0,0.0,0.0,0.0,84.75,0.0,0.0,42.25,0.0,72.25,87.25,0.0,0.0,72.25,0.0,0.0,0.0,68.5,0.0,0.0,0.0,0.0,38.5,0.0,0.0,111.0,0.0,72.25,0.0,91.0,0.0,77.25,0.0,88.5,0.0,114.75,69.75,0.0,39.75,91.0,0.0,0.0,0.0,91.0,0.0,0.0,46.0,432.0,101.0,0.0,0.0,64.75,0.0,0.0,0.0,0.0,0.0,0.0,473.0,0.0,96.0,0.0,0.0,78.5,0.0,0.0,0.0,0.0,67.25,121.0
0.0,0.0,0.0,0.0,0.0,0.0,0.0,0.0,0.0,0.0,64.75,0.0,0.0,0.0,0.0,0.0,0.0,0.0,0.0,0.0,0.0,0.0,0.0,0.0,0.0,0.0,0.0,0.0,64.75,99.75,0.0,0.0,0.0,0.0,0.0,0.0,0.0,0.0,0.0,0.0,0.0,0.0,0.0,0.0,0.0,0.0,0.0,0.0,0.0,0.0,0.0,0.0,0.0,0.0,0.0,0.0,0.0,0.0,0.0,0.0,0.0,0.0,0.0,0.0,0.0,0.0,0.0,0.0,56.0,81.0,0.0,0.0,0.0,0.0,0.0,0.0,0.0,86.0,0.0,0.0,0.0,0.0,0.0,0.0,0.0,0.0,0.0,446.0,0.0,0.0,0.0,0.0,0.0,0.0,0.0,0.0,0.0,0.0,0.0,0.0
0.0,0.0,0.0,0.0,0.0,0.0,0.0,0.0,0.0,0.0,0.0,0.0,0.0,0.0,0.0,0.0,0.0,0.0,0.0,0.0,0.0,0.0,0.0,0.0,0.0,0.0,0.0,0.0,0.0,0.0,0.0,0.0,0.0,0.0,0.0,0.0,0.0,0.0,0.0,0.0,0.0,0.0,0.0,67.25,0.0,0.0,0.0,0.0,0.0,0.0,0.0,0.0,0.0,0.0,0.0,0.0,455.0,0.0,0.0,0.0,0.0,0.0,0.0,0.0,0.0,0.0,0.0,0.0,0.0,0.0,0.0,0.0,0.0,0.0,0.0,103.5,0.0,0.0,0.0,93.5,0.0,0.0,0.0,0.0,0.0,0.0,0.0,0.0,82.25,0.0,0.0,0.0,0.0,0.0,0.0,0.0,0.0,0.0,0.0,0.0
0.0,54.75,0.0,0.0,0.0,119.75,0.0,72.25,0.0,0.0,0.0,0.0,58.5,0.0,0.0,0.0,402.0,0.0,63.5,0.0,0.0,0.0,0.0,84.75,0.0,0.0,59.75,64.75,0.0,0.0,0.0,0.0,0.0,78.5,0.0,43.5,0.0,0.0,0.0,0.0,0.0,0.0,0.0,92.25,94.75,0.0,83.5,76.0,108.5,0.0,0.0,0.0,116.0,0.0,0.0,0.0,68.5,0.0,59.75,0.0,41.0,0.0,49.75,0.0,78.5,0.0,0.0,0.0,0.0,79.75,0.0,0.0,0.0,0.0,0.0,0.0,0.0,0.0,0.0,0.0,0.0,426.0,0.0,68.5,0.0,0.0,0.0,0.0,0.0,0.0,0.0,73.5,44.75,62.25,107.25,29.75,72.25,0.0,0.0,0.0
0.0,52.25,0.0,0.0,0.0,0.0,0.0,0.0,0.0,0.0,0.0,0.0,0.0,0.0,0.0,0.0,0.0,0.0,0.0,66.0,0.0,0.0,0.0,77.25,73.5,56.0,106.0,0.0,0.0,0.0,0.0,0.0,0.0,0.0,0.0,0.0,89.75,108.5,0.0,0.0,0.0,0.0,61.0,0.0,0.0,0.0,0.0,0.0,0.0,0.0,0.0,91.0,54.75,0.0,92.25,0.0,0.0,434.0,0.0,0.0,0.0,0.0,0.0,0.0,0.0,0.0,0.0,0.0,0.0,88.5,0.0,71.0,0.0,0.0,0.0,0.0,91.0,52.25,0.0,72.25,0.0,0.0,52.25,68.5,0.0,0.0,0.0,0.0,0.0,69.75,46.0,0.0,0.0,0.0,0.0,0.0,0.0,0.0,61.0,0.0
104.75,83.5,0.0,0.0,0.0,0.0,56.0,0.0,0.0,0.0,64.75,57.25,0.0,89.75,69.75,102.25,0.0,0.0,0.0,0.0,74.75,0.0,0.0,0.0,0.0,66.0,455.0,0.0,0.0,0.0,0.0,0.0,0.0,77.25,0.0,0.0,0.0,0.0,0.0,0.0,33.5,0.0,0.0,0.0,0.0,42.25,0.0,0.0,0.0,0.0,437.0,0.0,67.25,0.0,0.0,69.75,0.0,0.0,0.0,0.0,0.0,0.0,92.25,0.0,0.0,0.0,66.0,0.0,0.0,0.0,0.0,61.0,37.25,0.0,0.0,0.0,0.0,0.0,0.0,0.0,0.0,0.0,72.25,0.0,0.0,0.0,0.0,0.0,0.0,0.0,43.5,0.0,0.0,69.75,0.0,0.0,0.0,0.0,0.0,0.0
0.0,0.0,0.0,435.0,0.0,0.0,0.0,0.0,0.0,0.0,0.0,0.0,0.0,0.0,0.0,0.0,0.0,0.0,0.0,89.75,0.0,0.0,0.0,0.0,0.0,0.0,44.75,0.0,0.0,0.0,0.0,427.0,0.0,0.0,0.0,0.0,0.0,0.0,0.0,0.0,0.0,0.0,61.0,0.0,0.0,0.0,0.0,0.0,0.0,0.0,0.0,0.0,0.0,0.0,0.0,0.0,0.0,0.0,472.0,0.0,0.0,0.0,0.0,0.0,0.0,0.0,0.0,0.0,0.0,0.0,0.0,0.0,0.0,0.0,0.0,0.0,73.5,0.0,0.0,0.0,0.0,0.0,0.0,0.0,0.0,0.0,0.0,0.0,0.0,0.0,0.0,0.0,0.0,0.0,0.0,63.5,0.0,0.0,0.0,0.0
0.0,0.0,0.0,56.0,0.0,0.0,0.0,0.0,461.0,0.0,0.0,0.0,0.0,0.0,34.75,0.0,0.0,0.0,69.75,0.0,116.0,0.0,0.0,0.0,0.0,71.0,0.0,0.0,0.0,0.0,0.0,0.0,78.5,0.0,0.0,97.25,0.0,0.0,0.0,0.0,0.0,27.25,0.0,0.0,0.0,0.0,0.0,96.0,79.75,76.0,0.0,0.0,0.0,0.0,0.0,0.0,0.0,0.0,98.5,0.0,0.0,73.5,0.0,0.0,0.0,0.0,111.0,0.0,0.0,0.0,455.0,94.75,0.0,57.25,0.0,64.75,0.0,0.0,0.0,112.25,0.0,101.0,0.0,0.0,0.0,0.0,123.5,0.0,73.5,0.0,81.0,0.0,0.0,89.75,0.0,0.0,0.0,0.0,87.25,102.25
0.0,0.0,0.0,0.0,0.0,0.0,0.0,0.0,0.0,0.0,0.0,0.0,0.0,0.0,0.0,0.0,0.0,0.0,0.0,0.0,0.0,0.0,0.0,0.0,0.0,0.0,0.0,0.0,0.0,0.0,0.0,0.0,0.0,0.0,0.0,0.0,0.0,0.0,0.0,0.0,0.0,0.0,0.0,0.0,0.0,91.0,0.0,0.0,0.0,0.0,0.0,0.0,0.0,0.0,0.0,0.0,0.0,0.0,0.0,0.0,0.0,0.0,0.0,0.0,0.0,0.0,0.0,0.0,0.0,0.0,0.0,0.0,0.0,68.5,0.0,0.0,0.0,0.0,0.0,0.0,0.0,0.0,0.0,413.0,0.0,108.5,0.0,0.0,0.0,0.0,0.0,0.0,0.0,0.0,0.0,0.0,0.0,0.0,77.25,0.0
0.0,0.0,0.0,0.0,0.0,468.0,0.0,0.0,0.0,0.0,0.0,0.0,0.0,0.0,0.0,49.75,0.0,71.0,399.0,0.0,0.0,43.5,0.0,42.25,0.0,43.5,0.0,116.0,104.75,104.75,0.0,0.0,0.0,0.0,0.0,0.0,0.0,0.0,0.0,0.0,0.0,73.5,49.75,0.0,0.0,88.5,0.0,0.0,0.0,0.0,0.0,0.0,54.75,79.75,0.0,0.0,76.0,64.75,0.0,66.0,0.0,0.0,0.0,0.0,87.25,0.0,0.0,0.0,58.5,394.0,0.0,0.0,0.0,39.75,0.0,0.0,36.0,0.0,31.0,0.0,0.0,0.0,0.0,0.0,62.25,0.0,0.0,0.0,0.0,0.0,0.0,0.0,0.0,61.0,0.0,0.0,0.0,467.0,0.0,0.0
0.0,0.0,0.0,0.0,0.0,49.75,0.0,0.0,0.0,0.0,0.0,0.0,0.0,0.0,0.0,87.25,64.75,0.0,108.5,0.0,0.0,59.75,0.0,0.0,59.75,78.5,0.0,0.0,0.0,0.0,0.0,88.5,458.0,0.0,101.0,98.5,0.0,67.25,0.0,0.0,0.0,0.0,0.0,0.0,27.25,0.0,0.0,62.25,96.0,0.0,0.0,0.0,0.0,0.0,0.0,0.0,0.0,0.0,0.0,0.0,112.25,104.75,109.75,0.0,0.0,0.0,0.0,106.0,0.0,0.0,0.0,0.0,459.0,104.75,51.0,0.0,0.0,0.0,52.25,0.0,0.0,0.0,79.75,0.0,73.5,0.0,0.0,54.75,69.75,61.0,41.0,0.0,0.0,0.0,0.0,76.0,103.5,0.0,0.0,0.0
0.0,0.0,0.0,97.25,88.5,88.5,0.0,0.0,0.0,0.0,0.0,49.75,0.0,0.0,0.0,0.0,28.5,0.0,0.0,69.75,0.0,0.0,62.25,0.0,0.0,96.0,0.0,0.0,77.25,0.0,0.0,0.0,0.0,0.0,0.0,0.0,0.0,92.25,0.0,0.0,0.0,0.0,78.5,82.25,113.5,0.0,109.75,0.0,0.0,0.0,89.75,0.0,0.0,78.5,0.0,0.0,0.0,0.0,0.0,0.0,111.0,0.0,0.0,0.0,66.0,0.0,0.0,96.0,0.0,0.0,0.0,399.0,0.0,0.0,0.0,0.0,0.0,0.0,0.0,0.0,0.0,0.0,455.0,53.5,81.0,0.0,0.0,73.5,434.0,78.5,0.0,436.0,0.0,0.0,59.75,0.0,0.0,0.0,0.0,0.0
39.75,0.0,0.0,0.0,0.0,0.0,0.0,0.0,0.0,0.0,0.0,0.0,399.0,0.0,0.0,0.0,0.0,0.0,0.0,47.25,0.0,0.0,0.0,0.0,0.0,0.0,0.0,0.0,0.0,0.0,0.0,0.0,0.0,42.25,0.0,0.0,68.5,87.25,0.0,0.0,0.0,0.0,0.0,0.0,0.0,0.0,0.0,0.0,0.0,0.0,0.0,106.0,0.0,0.0,0.0,0.0,0.0,68.5,0.0,0.0,0.0,0.0,0.0,0.0,0.0,0.0,0.0,108.5,0.0,0.0,0.0,0.0,0.0,0.0,0.0,0.0,0.0,0.0,0.0,0.0,0.0,0.0,0.0,0.0,446.0,0.0,0.0,0.0,0.0,0.0,0.0,0.0,0.0,0.0,0.0,0.0,0.0,83.5,0.0,0.0
0.0,0.0,0.0,0.0,0.0,0.0,0.0,0.0,0.0,0.0,59.75,0.0,0.0,0.0,0.0,0.0,0.0,66.0,0.0,71.0,454.0,114.75,0.0,0.0,0.0,0.0,32.25,0.0,0.0,0.0,0.0,0.0,0.0,0.0,79.75,0.0,0.0,0.0,0.0,0.0,0.0,0.0,0.0,0.0,64.75,0.0,0.0,54.75,0.0,0.0,0.0,69.75,0.0,0.0,0.0,0.0,0.0,0.0,94.75,0.0,0.0,0.0,0.0,68.5,0.0,0.0,429.0,0.0,0.0,31.0,0.0,0.0,54.75,73.5,92.25,0.0,0.0,0.0,0.0,0.0,81.0,0.0,0.0,0.0,471.0,0.0,0.0,68.5,0.0,0.0,0.0,0.0,0.0,0.0,0.0,0.0,63.5,0.0,47.25,0.0
0.0,0.0,0.0,0.0,0.0,0.0,0.0,0.0,73.5,0.0,0.0,0.0,0.0,0.0,0.0,0.0,0.0,0.0,0.0,0.0,0.0,0.0,0.0,0.0,0.0,0.0,0.0,0.0,0.0,67.25,0.0,0.0,0.0,0.0,0.0,0.0,61.0,0.0,0.0,73.5,0.0,0.0,0.0,0.0,0.0,0.0,0.0,0.0,0.0,0.0,0.0,0.0,0.0,0.0,0.0,0.0,0.0,0.0,33.5,0.0,463.0,0.0,0.0,0.0,0.0,43.5,0.0,0.0,0.0,0.0,0.0,0.0,0.0,0.0,69.75,0.0,0.0,0.0,0.0,0.0,0.0,0.0,0.0,0.0,73.5,0.0,0.0,0.0,0.0,0.0,44.75,0.0,0.0,0.0,0.0,0.0,0.0,0.0,412.0,104.75
0.0,0.0,88.5,0.0,0.0,0.0,0.0,0.0,79.75,0.0,0.0,0.0,0.0,0.0,63.5,87.25,0.0,0.0,0.0,96.0,0.0,48.5,0.0,0.0,0.0,0.0,99.75,93.5,56.0,0.0,86.0,0.0,0.0,61.0,0.0,0.0,0.0,92.25,0.0,0.0,0.0,97.25,94.75,84.75,66.0,0.0,0.0,53.5,26.0,87.25,0.0,0.0,43.5,0.0,118.5,0.0,0.0,48.5,71.0,0.0,0.0,76.0,86.0,89.75,0.0,78.5,0.0,64.75,0.0,0.0,74.75,0.0,0.0,0.0,0.0,0.0,0.0,0.0,36.0,0.0,0.0,0.0,0.0,77.25,0.0,124.75,98.5,0.0,0.0,0.0,63.5,0.0,0.0,0.0,0.0,0.0,424.0,0.0,0.0,0.0
0.0,0.0,74.75,39.75,0.0,0.0,0.0,89.75,0.0,0.0,0.0,0.0,0.0,92.25,0.0,109.75,93.5,0.0,0.0,0.0,0.0,0.0,36.0,0.0,0.0,0.0,108.5,0.0,0.0,0.0,0.0,73.5,0.0,0.0,0.0,0.0,0.0,0.0,0.0,0.0,0.0,0.0,0.0,0.0,0.0,0.0,0.0,0.0,0.0,0.0,0.0,81.0,0.0,0.0,0.0,0.0,0.0,0.0,0.0,0.0,63.5,0.0,0.0,92.25,0.0,49.75,96.0,0.0,0.0,0.0,0.0,0.0,0.0,0.0,0.0,421.0,0.0,0.0,0.0,0.0,0.0,0.0,0.0,0.0,0.0,0.0,0.0,0.0,0.0,0.0,0.0,0.0,56.0,0.0,0.0,71.0,0.0,0.0,0.0,79.75
0.0,0.0,0.0,37.25,0.0,0.0,0.0,0.0,0.0,0.0,0.0,54.75,0.0,0.0,116.0,0.0,0.0,0.0,0.0,0.0,0.0,63.5,0.0,0.0,0.0,0.0,78.5,0.0,0.0,0.0,0.0,0.0,0.0,0.0,0.0,0.0,0.0,0.0,0.0,0.0,0.0,0.0,0.0,0.0,0.0,88.5,0.0,0.0,0.0,391.0,0.0,0.0,57.25,0.0,0.0,0.0,0.0,61.0,0.0,0.0,58.5,0.0,0.0,0.0,0.0,0.0,0.0,0.0,0.0,0.0,0.0,67.25,0.0,0.0,0.0,0.0,0.0,0.0,0.0,0.0,0.0,473.0,0.0,0.0,0.0,92.25,0.0,0.0,0.0,0.0,0.0,0.0,0.0,0.0,0.0,112.25,93.5,0.0,0.0,0.0
0.0,41.0,0.0,0.0,0.0,0.0,0.0,0.0,88.5,0.0,0.0,0.0,0.0,88.5,0.0,0.0,0.0,0.0,109.75,0.0,0.0,0.0,0.0,0.0,0.0,0.0,43.5,0.0,0.0,0.0,0.0,0.0,0.0,0.0,0.0,0.0,87.25,0.0,86.0,0.0,0.0,0.0,61.0,62.25,42.25,0.0,33.5,0.0,0.0,0.0,43.5,82.25,0.0,0.0,0.0,0.0,0.0,0.0,0.0,0.0,93.5,0.0,68.5,0.0,0.0,98.5,0.0,0.0,71.0,0.0,0.0,0.0,0.0,0.0,0.0,0.0,0.0,42.25,0.0,0.0,0.0,0.0,89.75,54.75,0.0,86.0,0.0,0.0,0.0,0.0,0.0,442.0,0.0,0.0,0.0,0.0,0.0,69.75,393.0,76.0
93.5,0.0,0.0,46.0,56.0,89.75,0.0,0.0,0.0,59.75,0.0,0.0,0.0,0.0,0.0,0.0,0.0,0.0,53.5,0.0,0.0,0.0,0.0,0.0,0.0,74.75,0.0,0.0,91.0,28.5,78.5,0.0,0.0,57.25,0.0,0.0,0.0,34.75,0.0,0.0,0.0,0.0,71.0,0.0,0.0,0.0,0.0,0.0,0.0,0.0,0.0,0.0,0.0,63.5,59.75,36.0,38.5,56.0,71.0,0.0,0.0,0.0,0.0,0.0,74.75,443.0,96.0,0.0,119.75,0.0,0.0,0.0,0.0,0.0,0.0,101.0,0.0,0.0,0.0,92.25,0.0,0.0,0.0,0.0,0.0,0.0,0.0,86.0,0.0,83.5,0.0,104.75,430.0,0.0,0.0,0.0,0.0,91.0,66.0,0.0
0.0,0.0,0.0,0.0,0.0,0.0,0.0,0.0,0.0,59.75,0.0,0.0,0.0,0.0,0.0,0.0,0.0,0.0,0.0,31.0,0.0,0.0,0.0,0.0,0.0,0.0,0.0,0.0,0.0,0.0,0.0,0.0,84.75,0.0,76.0,0.0,0.0,0.0,59.75,0.0,0.0,0.0,0.0,0.0,0.0,0.0,0.0,0.0,0.0,0.0,0.0,0.0,0.0,0.0,0.0,0.0,0.0,0.0,0.0,0.0,0.0,0.0,0.0,0.0,0.0,0.0,0.0,0.0,0.0,73.5,0.0,0.0,0.0,0.0,0.0,0.0,0.0,0.0,0.0,73.5,0.0,69.75,78.5,82.25,0.0,0.0,39.75,0.0,0.0,0.0,73.5,0.0,0.0,43.5,0.0,0.0,56.0,0.0,0.0,27.25
0.0,0.0,49.75,0.0,0.0,0.0,0.0,59.75,33.5,0.0,0.0,0.0,0.0,0.0,0.0,0.0,99.75,52.25,0.0,0.0,98.5,0.0,400.0,58.5,0.0,0.0,0.0,83.5,113.5,113.5,0.0,52.25,0.0,68.5,0.0,0.0,0.0,0.0,0.0,0.0,0.0,0.0,86.0,0.0,0.0,0.0,0.0,0.0,0.0,0.0,0.0,0.0,0.0,0.0,0.0,56.0,0.0,92.25,118.5,54.75,0.0,0.0,0.0,0.0,47.25,0.0,0.0,77.25,0.0,0.0,0.0,0.0,0.0,378.0,0.0,0.0,0.0,42.25,387.0,0.0,0.0,0.0,0.0,0.0,0.0,0.0,96.0,0.0,57.25,91.0,0.0,51.0,419.0,0.0,0.0,0.0,0.0,0.0,0.0,0.0
79.75,76.0,0.0,428.0,0.0,0.0,86.0,68.5,0.0,0.0,0.0,0.0,79.75,0.0,0.0,0.0,48.5,0.0,417.0,64.75,0.0,0.0,0.0,0.0,91.0,0.0,0.0,0.0,32.25,0.0,0.0,43.5,39.75,0.0,0.0,87.25,0.0,92.25,52.25,0.0,0.0,49.75,0.0,0.0,46.0,88.5,0.0,71.0,0.0,0.0,0.0,88.5,86.0,0.0,0.0,57.25,0.0,66.0,0.0,0.0,0.0,436.0,0.0,0.0,0.0,0.0,57.25,0.0,0.0,81.0,0.0,0.0,33.5,0.0,0.0,0.0,0.0,0.0,98.5,0.0,0.0,0.0,0.0,99.75,64.75,83.5,116.0,0.0,62.25,0.0,0.0,0.0,0.0,0.0,0.0,109.75,0.0,0.0,0.0,0.0
0.0,0.0,0.0,0.0,38.5,0.0,0.0,0.0,0.0,0.0,0.0,0.0,0.0,0.0,0.0,0.0,0.0,0.0,0.0,0.0,0.0,54.75,0.0,0.0,0.0,0.0,0.0,0.0,0.0,89.75,0.0,0.0,0.0,0.0,0.0,0.0,0.0,0.0,0.0,0.0,52.25,0.0,0.0,0.0,0.0,0.0,0.0,0.0,0.0,0.0,114.75,422.0,0.0,94.75,0.0,0.0,0.0,0.0,0.0,0.0,0.0,0.0,0.0,0.0,0.0,0.0,0.0,0.0,0.0,0.0,0.0,0.0,0.0,0.0,0.0,0.0,0.0,0.0,0.0,0.0,0.0,0.0,0.0,0.0,0.0,0.0,0.0,0.0,0.0,0.0,0.0,0.0,0.0,0.0,0.0,0.0,0.0,0.0,0.0,0.0
54.75,86.0,0.0,0.0,0.0,0.0,0.0,0.0,0.0,0.0,0.0,0.0,0.0,0.0,0.0,47.25,0.0,0.0,78.5,0.0,0.0,0.0,67.25,0.0,0.0,0.0,0.0,0.0,0.0,0.0,0.0,0.0,0.0,0.0,0.0,0.0,0.0,0.0,0.0,0.0,0.0,83.5,0.0,0.0,0.0,0.0,0.0,0.0,0.0,0.0,0.0,0.0,91.0,0.0,69.75,0.0,92.25,0.0,394.0,0.0,83.5,0.0,0.0,0.0,0.0,0.0,0.0,0.0,117.25,0.0,0.0,0.0,0.0,0.0,0.0,0.0,73.5,0.0,0.0,0.0,96.0,0.0,0.0,0.0,0.0,0.0,89.75,0.0,0.0,0.0,0.0,71.0,0.0,69.75,32.25,0.0,108.5,0.0,0.0,0.0
0.0,0.0,0.0,0.0,0.0,0.0,0.0,0.0,0.0,116.0,0.0,0.0,0.0,96.0,88.5,0.0,67.25,0.0,0.0,91.0,0.0,0.0,0.0,0.0,0.0,0.0,74.75,0.0,0.0,0.0,93.5,0.0,116.0,0.0,68.5,0.0,0.0,62.25,52.25,0.0,0.0,0.0,0.0,0.0,421.0,0.0,0.0,0.0,0.0,0.0,98.5,69.75,0.0,457.0,0.0,0.0,0.0,0.0,0.0,0.0,0.0,0.0,0.0,0.0,0.0,0.0,0.0,0.0,0.0,0.0,0.0,0.0,86.0,76.0,64.75,89.75,0.0,0.0,0.0,0.0,0.0,0.0,0.0,0.0,0.0,0.0,0.0,0.0,0.0,0.0,0.0,44.75,0.0,0.0,0.0,0.0,0.0,72.25,103.5,0.0
0.0,98.5,0.0,0.0,0.0,39.75,84.75,0.0,56.0,72.25,0.0,0.0,409.0,0.0,0.0,83.5,73.5,0.0,68.5,0.0,0.0,0.0,111.0,0.0,83.5,0.0,0.0,58.5,0.0,0.0,0.0,0.0,0.0,0.0,58.5,0.0,83.5,0.0,118.5,0.0,0.0,0.0,0.0,0.0,0.0,72.25,457.0,98.5,0.0,0.0,77.25,0.0,0.0,0.0,0.0,114.75,0.0,91.0,58.5,0.0,0.0,87.25,0.0,73.5,68.5,98.5,0.0,0.0,102.25,0.0,0.0,427.0,46.0,96.0,0.0,0.0,87.25,0.0,0.0,0.0,0.0,0.0,0.0,0.0,0.0,28.5,0.0,0.0,0.0,0.0,0.0,0.0,0.0,64.75,0.0,0.0,0.0,61.0,0.0,82.25
0.0,0.0,0.0,0.0,74.75,0.0,0.0,0.0,0.0,0.0,89.75,0.0,0.0,0.0,0.0,0.0,0.0,68.5,0.0,0.0,0.0,0.0,98.5,0.0,0.0,76.0,64.75,0.0,0.0,0.0,0.0,114.75,0.0,0.0,0.0,0.0,0.0,0.0,0.0,0.0,0.0,0.0,63.5,117.25,0.0,0.0,0.0,0.0,0.0,0.0,0.0,0.0,0.0,0.0,0.0,0.0,0.0,109.75,0.0,67.25,0.0,0.0,0.0,0.0,0.0,0.0,0.0,0.0,0.0,0.0,0.0,396.0,79.75,98.5,0.0,0.0,0.0,0.0,0.0,0.0,0.0,0.0,0.0,38.5,0.0,0.0,0.0,79.75,0.0,0.0,0.0,74.75,0.0,78.5,0.0,0.0,0.0,0.0,0.0,0.0
0.0,0.0,0.0,0.0,0.0,94.75,412.0,0.0,0.0,0.0,86.0,0.0,0.0,0.0,0.0,0.0,0.0,0.0,0.0,0.0,0.0,0.0,406.0,0.0,0.0,61.0,0.0,0.0,0.0,0.0,0.0,0.0,49.75,0.0,0.0,0.0,0.0,0.0,0.0,0.0,0.0,0.0,0.0,0.0,0.0,0.0,0.0,0.0,0.0,0.0,0.0,0.0,0.0,0.0,0.0,419.0,0.0,0.0,0.0,0.0,0.0,0.0,0.0,0.0,0.0,0.0,0.0,0.0,0.0,0.0,0.0,0.0,0.0,0.0,0.0,0.0,0.0,0.0,0.0,0.0,0.0,0.0,0.0,0.0,0.0,79.75,0.0,0.0,0.0,390.0,0.0,69.75,0.0,0.0,0.0,107.25,0.0,0.0,0.0,0.0
0.0,92.25,0.0,103.5,0.0,0.0,0.0,0.0,0.0,41.0,0.0,0.0,0.0,74.75,0.0,0.0,0.0,0.0,0.0,0.0,0.0,0.0,0.0,74.75,0.0,0.0,0.0,91.0,0.0,68.5,76.0,0.0,0.0,398.0,445.0,91.0,89.75,81.0,0.0,0.0,77.25,0.0,0.0,0.0,0.0,0.0,51.0,0.0,0.0,0.0,0.0,87.25,0.0,0.0,0.0,0.0,0.0,69.75,113.5,0.0,0.0,0.0,103.5,113.5,0.0,0.0,0.0,0.0,63.5,471.0,0.0,56.0,0.0,0.0,0.0,0.0,0.0,0.0,0.0,59.75,0.0,0.0,0.0,41.0,57.25,0.0,0.0,387.0,0.0,0.0,0.0,0.0,73.5,0.0,0.0,0.0,0.0,72.25,0.0,56.0
0.0,0.0,0.0,0.0,0.0,0.0,0.0,82.25,0.0,0.0,88.5,0.0,0.0,69.75,0.0,73.5,0.0,82.25,0.0,0.0,0.0,79.75,0.0,0.0,0.0,0.0,0.0,0.0,418.0,0.0,0.0,0.0,0.0,0.0,53.5,117.25,0.0,0.0,0.0,0.0,0.0,32.25,0.0,0.0,0.0,0.0,0.0,0.0,66.0,0.0,0.0,0.0,78.5,0.0,0.0,0.0,0.0,0.0,0.0,0.0,0.0,0.0,0.0,0.0,0.0,0.0,0.0,0.0,0.0,0.0,0.0,0.0,0.0,0.0,94.75,0.0,79.75,73.5,0.0,86.0,0.0,0.0,61.0,107.25,0.0,0.0,0.0,0.0,0.0,0.0,0.0,36.0,0.0,0.0,99.75,99.75,0.0,0.0,0.0,0.0
104.75,99.75,0.0,0.0,0.0,0.0,0.0,0.0,31.0,0.0,0.0,0.0,0.0,0.0,0.0,83.5,0.0,88.5,74.75,0.0,0.0,91.0,0.0,54.75,98.5,403.0,0.0,0.0,0.0,0.0,0.0,0.0,0.0,0.0,0.0,393.0,76.0,0.0,79.75,99.75,118.5,67.25,0.0,0.0,0.0,0.0,0.0,0.0,78.5,0.0,48.5,0.0,0.0,0.0,0.0,0.0,108.5,72.25,0.0,106.0,0.0,49.75,0.0,0.0,0.0,94.75,59.75,0.0,0.0,0.0,114.75,0.0,0.0,0.0,0.0,0.0,0.0,0.0,0.0,39.75,0.0,104.75,0.0,0.0,0.0,0.0,82.25,427.0,0.0,0.0,0.0,0.0,56.0,0.0,0.0,72.25,0.0,0.0,0.0,0.0
0.0,0.0,0.0,56.0,0.0,51.0,47.25,0.0,0.0,0.0,0.0,0.0,0.0,0.0,27.25,0.0,0.0,0.0,97.25,0.0,0.0,0.0,0.0,0.0,0.0,0.0,0.0,0.0,0.0,0.0,0.0,0.0,0.0,0.0,87.25,0.0,0.0,107.25,0.0,0.0,0.0,0.0,0.0,0.0,0.0,0.0,0.0,82.25,0.0,0.0,0.0,0.0,0.0,51.0,0.0,0.0,0.0,0.0,0.0,73.5,0.0,0.0,0.0,0.0,0.0,0.0,0.0,0.0,0.0,0.0,0.0,0.0,0.0,0.0,0.0,0.0,422.0,0.0,91.0,0.0,0.0,0.0,0.0,0.0,54.75,0.0,0.0,48.5,0.0,88.5,0.0,0.0,0.0,438.0,0.0,0.0,0.0,0.0,0.0,44.75
0.0,0.0,0.0,58.5,0.0,0.0,0.0,0.0,0.0,0.0,0.0,0.0,82.25,73.5,0.0,82.25,0.0,0.0,0.0,0.0,34.75,113.5,0.0,0.0,104.75,77.25,0.0,0.0,79.75,0.0,88.5,79.75,68.5,0.0,446.0,0.0,0.0,0.0,0.0,0.0,89.75,0.0,0.0,0.0,0.0,29.75,0.0,0.0,0.0,46.0,0.0,0.0,0.0,73.5,0.0,0.0,0.0,39.75,0.0,420.0,384.0,47.25,92.25,0.0,74.75,31.0,0.0,0.0,0.0,0.0,79.75,92.25,0.0,0.0,0.0,57.25,0.0,96.0,0.0,0.0,0.0,86.0,0.0,0.0,88.5,0.0,0.0,0.0,0.0,73.5,414.0,0.0,99.75,0.0,0.0,78.5,0.0,0.0,62.25,0.0
64.75,69.75,0.0,0.0,0.0,0.0,0.0,72.25,444.0,0.0,0.0,0.0,0.0,0.0,0.0,0.0,79.75,0.0,0.0,0.0,457.0,0.0,0.0,0.0,0.0,0.0,457.0,0.0,0.0,0.0,0.0,0.0,0.0,0.0,0.0,0.0,0.0,0.0,0.0,64.75,96.0,0.0,0.0,0.0,0.0,0.0,0.0,0.0,0.0,66.0,0.0,0.0,73.5,0.0,0.0,0.0,0.0,0.0,0.0,0.0,0.0,0.0,0.0,0.0,0.0,89.75,0.0,0.0,0.0,0.0,0.0,76.0,0.0,0.0,0.0,0.0,0.0,0.0,36.0,0.0,0.0,0.0,0.0,0.0,0.0,0.0,0.0,0.0,43.5,0.0,0.0,0.0,0.0,0.0,0.0,0.0,107.25,92.25,0.0,0.0
0.0,0.0,111.0,0.0,0.0,0.0,0.0,72.25,0.0,74.75,411.0,0.0,0.0,0.0,63.5,0.0,79.75,0.0,0.0,0.0,123.5,107.25,89.75,0.0,61.0,0.0,0.0,0.0,0.0,0.0,0.0,0.0,0.0,0.0,0.0,56.0,0.0,0.0,0.0,427.0,102.25,43.5,66.0,0.0,102.25,0.0,0.0,66.0,0.0,396.0,76.0,0.0,61.0,56.0,392.0,0.0,0.0,0.0,430.0,0.0,0.0,0.0,0.0,0.0,0.0,0.0,71.0,0.0,54.75,0.0,0.0,0.0,86.0,0.0,0.0,0.0,0.0,0.0,0.0,71.0,76.0,0.0,114.75,0.0,0.0,0.0,0.0,71.0,0.0,58.5,0.0,68.5,0.0,0.0,64.75,0.0,0.0,102.25,0.0,0.0
0.0,0.0,0.0,0.0,0.0,0.0,0.0,0.0,0.0,0.0,0.0,0.0,62.25,0.0,0.0,0.0,0.0,52.25,0.0,0.0,26.0,0.0,0.0,0.0,0.0,0.0,0.0,0.0,0.0,73.5,0.0,66.0,0.0,0.0,64.75,0.0,0.0,0.0,0.0,0.0,0.0,81.0,107.25,71.0,0.0,0.0,0.0,0.0,46.0,0.0,0.0,0.0,0.0,0.0,0.0,54.75,0.0,34.75,0.0,0.0,106.0,67.25,0.0,0.0,0.0,76.0,93.5,0.0,0.0,0.0,97.25,0.0,0.0,36.0,0.0,58.5,0.0,0.0,0.0,0.0,0.0,0.0,0.0,61.0,0.0,83.5,0.0,0.0,0.0,0.0,0.0,0.0,116.0,0.0,0.0,117.25,0.0,0.0,0.0,97.25
0.0,0.0,0.0,0.0,0.0,0.0,0.0,0.0,54.75,96.0,0.0,0.0,42.25,0.0,399.0,33.5,0.0,63.5,0.0,63.5,0.0,0.0,92.25,0.0,0.0,72.25,0.0,0.0,71.0,0.0,0.0,0.0,409.0,0.0,0.0,67.25,93.5,0.0,0.0,0.0,0.0,0.0,0.0,0.0,59.75,0.0,0.0,0.0,0.0,63.5,0.0,72.25,39.75,0.0,0.0,82.25,0.0,0.0,92.25,0.0,0.0,0.0,91.0,0.0,79.75,0.0,0.0,113.5,0.0,0.0,406.0,71.0,0.0,0.0,0.0,0.0,0.0,0.0,28.5,0.0,57.25,0.0,0.0,88.5,0.0,0.0,77.25,0.0,83.5,0.0,89.75,0.0,0.0,113.5,0.0,87.25,0.0,0.0,0.0,0.0
0.0,0.0,0.0,0.0,53.5,0.0,62.25,0.0,0.0,0.0,0.0,71.0,0.0,0.0,0.0,78.5,0.0,0.0,0.0,0.0,0.0,0.0,0.0,96.0,0.0,0.0,0.0,26.0,0.0,0.0,0.0,0.0,0.0,0.0,79.75,0.0,71.0,441.0,108.5,0.0,0.0,0.0,0.0,0.0,42.25,0.0,0.0,0.0,0.0,0.0,0.0,0.0,91.0,77.25,112.25,106.0,0.0,0.0,0.0,0.0,79.75,0.0,62.25,0.0,0.0,0.0,0.0,0.0,0.0,0.0,0.0,0.0,0.0,0.0,44.75,108.5,0.0,0.0,0.0,78.5,0.0,0.0,0.0,0.0,56.0,0.0,0.0,0.0,0.0,0.0,0.0,0.0,0.0,0.0,0.0,0.0,0.0,0.0,0.0,0.0
0.0,0.0,0.0,0.0,0.0,0.0,0.0,47.25,0.0,0.0,0.0,0.0,0.0,0.0,0.0,0.0,43.5,0.0,0.0,0.0,0.0,0.0,28.5,0.0,44.75,0.0,0.0,0.0,76.0,0.0,0.0,0.0,0.0,0.0,0.0,69.75,409.0,0.0,0.0,0.0,0.0,0.0,0.0,0.0,39.75,0.0,0.0,0.0,68.5,87.25,0.0,429.0,101.0,0.0,0.0,0.0,0.0,0.0,0.0,0.0,0.0,0.0,0.0,91.0,76.0,83.5,0.0,0.0,0.0,0.0,0.0,0.0,0.0,0.0,53.5,0.0,44.75,0.0,0.0,0.0,0.0,0.0,0.0,73.5,0.0,0.0,0.0,83.5,0.0,0.0,389.0,0.0,33.5,64.75,0.0,113.5,0.0,77.25,0.0,0.0
111.0,0.0,64.75,0.0,49.75,53.5,0.0,0.0,0.0,0.0,0.0,0.0,0.0,0.0,62.25,0.0,0.0,0.0,0.0,0.0,0.0,0.0,108.5,62.25,0.0,0.0,0.0,0.0,49.75,82.25,0.0,0.0,0.0,119.75,0.0,0.0,0.0,0.0,0.0,0.0,91.0,0.0,78.5,0.0,86.0,112.25,0.0,0.0,0.0,0.0,119.75,0.0,0.0,0.0,0.0,0.0,0.0,0.0,0.0,0.0,0.0,123.5,0.0,63.5,72.25,0.0,0.0,0.0,0.0,72.25,0.0,0.0,0.0,0.0,0.0,0.0,0.0,0.0,0.0,0.0,0.0,0.0,67.25,0.0,96.0,0.0,0.0,0.0,0.0,0.0,87.25,0.0,0.0,123.5,0.0,78.5,0.0,62.25,86.0,96.0
0.0,0.0,0.0,0.0,0.0,77.25,0.0,0.0,87.25,0.0,0.0,0.0,0.0,0.0,0.0,0.0,0.0,0.0,0.0,0.0,0.0,0.0,0.0,0.0,0.0,0.0,0.0,0.0,0.0,0.0,0.0,0.0,46.0,0.0,0.0,0.0,0.0,0.0,0.0,0.0,0.0,0.0,0.0,0.0,0.0,0.0,0.0,0.0,0.0,0.0,0.0,0.0,0.0,0.0,0.0,0.0,0.0,0.0,0.0,46.0,0.0,0.0,0.0,0.0,0.0,0.0,0.0,0.0,0.0,0.0,47.25,0.0,81.0,0.0,0.0,82.25,440.0,0.0,69.75,0.0,0.0,0.0,0.0,0.0,0.0,0.0,0.0,0.0,0.0,0.0,0.0,74.75,83.5,0.0,58.5,0.0,0.0,0.0,0.0,0.0
0.0,0.0,0.0,0.0,0.0,0.0,0.0,102.25,0.0,0.0,0.0,0.0,0.0,92.25,0.0,0.0,0.0,0.0,0.0,72.25,0.0,0.0,0.0,0.0,0.0,0.0,0.0,0.0,0.0,0.0,0.0,0.0,0.0,0.0,0.0,0.0,0.0,0.0,0.0,0.0,0.0,0.0,84.75,0.0,0.0,0.0,0.0,0.0,0.0,0.0,0.0,0.0,0.0,0.0,0.0,0.0,0.0,0.0,0.0,0.0,0.0,0.0,0.0,0.0,0.0,0.0,0.0,0.0,119.75,0.0,0.0,0.0,0.0,0.0,0.0,0.0,0.0,0.0,98.5,0.0,0.0,0.0,0.0,0.0,0.0,67.25,0.0,0.0,0.0,0.0,429.0,0.0,0.0,57.25,0.0,0.0,0.0,0.0,0.0,107.25
0.0,106.0,0.0,86.0,58.5,0.0,0.0,0.0,0.0,0.0,0.0,0.0,72.25,47.25,0.0,0.0,0.0,0.0,0.0,0.0,0.0,43.5,91.0,86.0,67.25,0.0,0.0,72.25,86.0,52.25,0.0,99.75,0.0,0.0,0.0,0.0,0.0,0.0,0.0,112.25,0.0,0.0,88.5,0.0,66.0,0.0,0.0,0.0,0.0,0.0,0.0,0.0,0.0,0.0,74.75,0.0,0.0,116.0,0.0,0.0,0.0,0.0,0.0,0.0,72.25,0.0,0.0,88.5,0.0,59.75,0.0,0.0,73.5,0.0,0.0,86.0,0.0,0.0,82.25,81.0,89.75,38.5,48.5,58.5,0.0,0.0,0.0,0.0,0.0,37.25,54.75,71.0,0.0,0.0,0.0,0.0,0.0,0.0,48.5,0.0
74.75,0.0,0.0,0.0,53.5,0.0,0.0,0.0,0.0,0.0,0.0,0.0,114.75,0.0,0.0,0.0,0.0,0.0,0.0,77.25,0.0,0.0,0.0,0.0,0.0,97.25,49.75,0.0,113.5,0.0,0.0,0.0,71.0,93.5,0.0,0.0,0.0,0.0,96.0,0.0,0.0,62.25,0.0,0.0,472.0,79.75,0.0,0.0,0.0,0.0,0.0,77.25,0.0,0.0,0.0,0.0,0.0,0.0,0.0,0.0,103.5,0.0,0.0,449.0,0.0,0.0,0.0,0.0,0.0,0.0,0.0,106.0,0.0,0.0,0.0,0.0,0.0,0.0,0.0,0.0,0.0,0.0,0.0,93.5,0.0,0.0,0.0,0.0,0.0,98.5,0.0,88.5,82.25,0.0,0.0,0.0,0.0,86.0,0.0,0.0
0.0,0.0,0.0,0.0,0.0,0.0,0.0,0.0,0.0,0.0,43.5,64.75,0.0,0.0,0.0,0.0,0.0,0.0,0.0,0.0,51.0,0.0,0.0,0.0,0.0,0.0,0.0,0.0,0.0,0.0,453.0,97.25,62.25,97.25,0.0,0.0,0.0,78.5,0.0,0.0,0.0,88.5,0.0,0.0,0.0,0.0,0.0,0.0,0.0,0.0,430.0,41.0,0.0,57.25,0.0,73.5,0.0,0.0,0.0,0.0,0.0,0.0,0.0,0.0,453.0,0.0,0.0,73.5,0.0,113.5,0.0,0.0,0.0,62.25,66.0,0.0,0.0,0.0,0.0,0.0,0.0,47.25,47.25,0.0,0.0,0.0,0.0,0.0,0.0,0.0,48.5,87.25,0.0,0.0,0.0,41.0,71.0,98.5,0.0,86.0
0.0,0.0,0.0,0.0,0.0,0.0,0.0,0.0,0.0,0.0,0.0,0.0,0.0,0.0,0.0,0.0,106.0,0.0,0.0,0.0,0.0,0.0,0.0,0.0,0.0,0.0,68.5,0.0,116.0,0.0,0.0,0.0,0.0,0.0,0.0,0.0,0.0,0.0,0.0,0.0,0.0,0.0,0.0,0.0,0.0,0.0,0.0,0.0,0.0,0.0,0.0,0.0,51.0,47.25,63.5,0.0,0.0,0.0,0.0,0.0,0.0,0.0,0.0,0.0,0.0,0.0,0.0,0.0,0.0,0.0,0.0,0.0,0.0,0.0,0.0,0.0,0.0,0.0,0.0,0.0,0.0,0.0,0.0,0.0,0.0,0.0,0.0,0.0,0.0,0.0,0.0,0.0,0.0,0.0,0.0,0.0,0.0,0.0,0.0,0.0
0.0,0.0,0.0,0.0,0.0,0.0,0.0,0.0,0.0,0.0,0.0,0.0,0.0,0.0,0.0,0.0,0.0,0.0,0.0,0.0,54.75,0.0,0.0,0.0,0.0,0.0,0.0,0.0,0.0,0.0,89.75,0.0,0.0,0.0,0.0,0.0,0.0,0.0,0.0,0.0,0.0,0.0,0.0,0.0,0.0,0.0,0.0,0.0,0.0,0.0,0.0,0.0,0.0,0.0,0.0,0.0,0.0,0.0,0.0,0.0,0.0,43.5,0.0,69.75,0.0,0.0,0.0,0.0,0.0,0.0,0.0,69.75,0.0,0.0,0.0,0.0,104.75,0.0,0.0,0.0,0.0,0.0,0.0,0.0,0.0,0.0,0.0,0.0,0.0,73.5,0.0,0.0,0.0,0.0,0.0,0.0,0.0,0.0,0.0,0.0
0.0,0.0,0.0,0.0,0.0,57.25,0.0,0.0,0.0,0.0,81.0,0.0,0.0,59.75,0.0,0.0,66.0,0.0,408.0,0.0,27.25,86.0,109.75,0.0,0.0,0.0,0.0,0.0,0.0,0.0,0.0,0.0,0.0,0.0,37.25,0.0,0.0,0.0,0.0,0.0,0.0,0.0,124.75,0.0,0.0,0.0,0.0,0.0,0.0,0.0,0.0,0.0,0.0,0.0,62.25,0.0,53.5,402.0,0.0,99.75,0.0,0.0,0.0,0.0,0.0,0.0,0.0,0.0,0.0,0.0,0.0,0.0,0.0,0.0,0.0,83.5,0.0,0.0,0.0,0.0,0.0,0.0,0.0,0.0,124.75,0.0,0.0,0.0,0.0,0.0,0.0,0.0,107.25,0.0,0.0,0.0,0.0,0.0,0.0,0.0
0.0,0.0,57.25,0.0,0.0,0.0,0.0,0.0,51.0,0.0,0.0,0.0,0.0,0.0,0.0,0.0,0.0,58.5,0.0,98.5,63.5,0.0,0.0,0.0,0.0,58.5,0.0,0.0,0.0,0.0,38.5,0.0,0.0,0.0,0.0,0.0,0.0,0.0,0.0,74.75,0.0,0.0,96.0,0.0,0.0,0.0,0.0,0.0,57.25,0.0,0.0,0.0,0.0,0.0,0.0,82.25,0.0,0.0,66.0,0.0,0.0,0.0,0.0,104.75,36.0,0.0,63.5,0.0,48.5,0.0,74.75,53.5,0.0,0.0,0.0,96.0,0.0,0.0,0.0,0.0,0.0,409.0,0.0,0.0,0.0,0.0,0.0,0.0,119.75,0.0,0.0,0.0,0.0,104.75,0.0,92.25,0.0,0.0,0.0,103.5
0.0,0.0,0.0,0.0,0.0,0.0,0.0,0.0,74.75,0.0,0.0,0.0,0.0,69.75,0.0,0.0,0.0,0.0,87.25,0.0,0.0,0.0,112.25,78.5,0.0,0.0,0.0,0.0,44.75,0.0,84.75,61.0,0.0,53.5,0.0,0.0,96.0,419.0,0.0,0.0,0.0,0.0,58.5,41.0,78.5,0.0,0.0,0.0,107.25,87.25,0.0,53.5,0.0,0.0,0.0,0.0,0.0,0.0,72.25,0.0,52.25,0.0,0.0,79.75,106.0,68.5,0.0,0.0,0.0,0.0,0.0,0.0,0.0,0.0,93.5,0.0,116.0,66.0,0.0,0.0,415.0,0.0,63.5,0.0,0.0,0.0,0.0,0.0,0.0,0.0,0.0,406.0,57.25,46.0,0.0,0.0,104.75,0.0,37.25,47.25
0.0,0.0,0.0,0.0,0.0,0.0,0.0,0.0,0.0,0.0,0.0,0.0,0.0,64.75,0.0,0.0,0.0,0.0,0.0,0.0,0.0,0.0,0.0,0.0,0.0,0.0,0.0,0.0,0.0,0.0,0.0,0.0,0.0,0.0,0.0,0.0,0.0,0.0,0.0,0.0,84.75,0.0,71.0,0.0,0.0,0.0,0.0,0.0,0.0,0.0,0.0,0.0,0.0,0.0,0.0,0.0,0.0,0.0,0.0,0.0,0.0,0.0,0.0,0.0,0.0,0.0,0.0,0.0,0.0,0.0,0.0,0.0,0.0,0.0,0.0,0.0,0.0,414.0,0.0,0.0,0.0,0.0,0.0,0.0,0.0,111.0,0.0,91.0,92.25,394.0,0.0,0.0,0.0,418.0,0.0,66.0,0.0,0.0,0.0,0.0
91.0,437.0,0.0,0.0,0.0,69.75,124.75,0.0,0.0,0.0,29.75,0.0,0.0,0.0,0.0,0.0,0.0,0.0,451.0,0.0,0.0,0.0,0.0,0.0,0.0,0.0,0.0,0.0,78.5,0.0,0.0,0.0,0.0,0.0,0.0,0.0,63.5,81.0,0.0,0.0,0.0,412.0,0.0,0.0,0.0,0.0,0.0,0.0,0.0,0.0,0.0,0.0,0.0,0.0,67.25,0.0,0.0,0.0,81.0,0.0,0.0,43.5,0.0,0.0,0.0,0.0,0.0,89.75,79.75,0.0,0.0,93.5,0.0,0.0,0.0,0.0,0.0,0.0,0.0,0.0,0.0,0.0,0.0,0.0,0.0,0.0,0.0,0.0,0.0,0.0,0.0,0.0,0.0,0.0,0.0,0.0,98.5,0.0,48.5,0.0
0.0,0.0,0.0,0.0,0.0,0.0,0.0,0.0,0.0,0.0,0.0,0.0,0.0,0.0,52.25,0.0,0.0,0.0,0.0,0.0,0.0,0.0,0.0,0.0,0.0,0.0,0.0,0.0,0.0,0.0,0.0,0.0,0.0,0.0,58.5,0.0,0.0,0.0,0.0,0.0,0.0,0.0,0.0,0.0,0.0,0.0,0.0,0.0,0.0,0.0,0.0,0.0,0.0,0.0,0.0,0.0,0.0,0.0,0.0,0.0,0.0,0.0,0.0,0.0,0.0,59.75,0.0,88.5,0.0,0.0,0.0,0.0,0.0,0.0,0.0,0.0,0.0,0.0,0.0,0.0,0.0,0.0,0.0,0.0,0.0,0.0,0.0,0.0,43.5,0.0,0.0,0.0,0.0,0.0,0.0,43.5,0.0,0.0,0.0,0.0
0.0,0.0,0.0,0.0,0.0,0.0,421.0,0.0,52.25,86.0,0.0,43.5,0.0,0.0,32.25,0.0,0.0,0.0,97.25,0.0,49.75,0.0,0.0,0.0,0.0,71.0,99.75,0.0,101.0,108.5,0.0,0.0,0.0,92.25,0.0,66.0,0.0,123.5,0.0,88.5,93.5,104.75,0.0,68.5,46.0,0.0,0.0,0.0,0.0,0.0,0.0,0.0,433.0,0.0,78.5,0.0,0.0,0.0,0.0,0.0,0.0,428.0,0.0,447.0,0.0,94.75,0.0,42.25,121.0,0.0,0.0,0.0,0.0,0.0,0.0,0.0,0.0,0.0,0.0,0.0,0.0,0.0,77.25,0.0,0.0,0.0,93.5,0.0,61.0,69.75,87.25,0.0,0.0,0.0,0.0,69.75,0.0,61.0,0.0,0.0
87.25,34.75,0.0,83.5,447.0,0.0,0.0,0.0,0.0,91.0,0.0,112.25,0.0,59.75,0.0,0.0,82.25,0.0,0.0,0.0,0.0,0.0,0.0,0.0,0.0,0.0,0.0,81.0,0.0,0.0,0.0,57.25,94.75,46.0,0.0,0.0,0.0,0.0,0.0,0.0,0.0,0.0,0.0,0.0,0.0,0.0,0.0,0.0,0.0,0.0,69.75,0.0,0.0,0.0,0.0,0.0,0.0,84.75,0.0,0.0,103.5,0.0,0.0,0.0,0.0,0.0,0.0,0.0,0.0,0.0,0.0,0.0,0.0,0.0,0.0,0.0,28.5,113.5,0.0,0.0,0.0,0.0,0.0,0.0,0.0,0.0,0.0,0.0,0.0,83.5,0.0,0.0,0.0,0.0,53.5,91.0,0.0,77.25,0.0,0.0
73.5,87.25,98.5,0.0,0.0,0.0,72.25,0.0,0.0,98.5,0.0,0.0,0.0,0.0,0.0,0.0,0.0,0.0,106.0,449.0,0.0,0.0,68.5,0.0,0.0,0.0,0.0,112.25,0.0,62.25,0.0,0.0,0.0,0.0,0.0,91.0,0.0,0.0,0.0,0.0,0.0,0.0,0.0,0.0,0.0,0.0,0.0,0.0,111.0,0.0,0.0,0.0,0.0,0.0,82.25,63.5,0.0,0.0,0.0,0.0,0.0,0.0,0.0,0.0,66.0,0.0,422.0,0.0,0.0,0.0,116.0,69.75,0.0,0.0,0.0,0.0,0.0,0.0,0.0,0.0,0.0,0.0,0.0,73.5,0.0,0.0,0.0,0.0,64.75,82.25,0.0,0.0,0.0,0.0,0.0,0.0,0.0,0.0,0.0,76.0
0.0,0.0,69.75,0.0,0.0,113.5,0.0,68.5,0.0,0.0,0.0,0.0,0.0,0.0,0.0,0.0,0.0,0.0,0.0,0.0,118.5,87.25,0.0,0.0,0.0,0.0,69.75,53.5,63.5,72.25,0.0,76.0,0.0,0.0,0.0,0.0,0.0,0.0,0.0,89.75,0.0,0.0,0.0,0.0,0.0,0.0,0.0,0.0,54.75,58.5,37.25,0.0,0.0,52.25,0.0,0.0,0.0,0.0,0.0,56.0,0.0,0.0,0.0,0.0,0.0,53.5,0.0,69.75,0.0,0.0,0.0,92.25,0.0,99.75,0.0,0.0,0.0,0.0,0.0,67.25,0.0,0.0,79.75,107.25,64.75,0.0,0.0,0.0,0.0,38.5,0.0,124.75,0.0,0.0,0.0,0.0,93.5,44.75,466.0,0.0
0.0,0.0,0.0,51.0,0.0,0.0,0.0,67.25,0.0,0.0,0.0,0.0,31.0,54.75,0.0,113.5,0.0,0.0,0.0,99.75,0.0,0.0,0.0,0.0,0.0,0.0,0.0,119.75,0.0,61.0,0.0,0.0,0.0,0.0,0.0,103.5,0.0,79.75,0.0,0.0,0.0,0.0,0.0,0.0,0.0,0.0,79.75,0.0,58.5,0.0,0.0,0.0,0.0,0.0,0.0,0.0,0.0,0.0,0.0,0.0,0.0,0.0,0.0,86.0,0.0,0.0,0.0,78.5,0.0,0.0,0.0,0.0,121.0,0.0,0.0,0.0,0.0,0.0,59.75,0.0,0.0,435.0,68.5,58.5,0.0,0.0,0.0,0.0,0.0,81.0,79.75,0.0,0.0,0.0,0.0,0.0,0.0,0.0,33.5,0.0
0.0,0.0,0.0,0.0,0.0,0.0,0.0,0.0,0.0,0.0,0.0,0.0,71.0,0.0,96.0,0.0,0.0,0.0,0.0,0.0,0.0,0.0,0.0,0.0,0.0,0.0,0.0,0.0,0.0,0.0,77.25,0.0,0.0,0.0,0.0,0.0,0.0,0.0,0.0,0.0,0.0,0.0,86.0,0.0,0.0,0.0,0.0,0.0,0.0,0.0,0.0,54.75,0.0,0.0,0.0,0.0,0.0,0.0,0.0,0.0,0.0,0.0,0.0,0.0,0.0,0.0,0.0,0.0,0.0,0.0,0.0,0.0,0.0,0.0,0.0,0.0,0.0,0.0,78.5,0.0,0.0,0.0,0.0,0.0,0.0,0.0,0.0,52.25,0.0,0.0,0.0,0.0,0.0,0.0,0.0,0.0,0.0,0.0,0.0,0.0
0.0,0.0,0.0,0.0,0.0,0.0,42.25,0.0,109.75,0.0,122.25,0.0,0.0,0.0,0.0,0.0,0.0,0.0,0.0,0.0,122.25,72.25,0.0,0.0,0.0,73.5,0.0,0.0,93.5,0.0,0.0,0.0,0.0,382.0,0.0,64.75,0.0,0.0,103.5,88.5,0.0,0.0,0.0,0.0,57.25,0.0,0.0,0.0,112.25,78.5,0.0,0.0,83.5,0.0,48.5,0.0,0.0,0.0,0.0,41.0,0.0,0.0,0.0,0.0,0.0,0.0,0.0,0.0,0.0,0.0,0.0,463.0,0.0,0.0,57.25,0.0,0.0,72.25,0.0,42.25,0.0,0.0,0.0,39.75,47.25,0.0,0.0,0.0,0.0,0.0,0.0,94.75,68.5,0.0,0.0,72.25,0.0,0.0,0.0,102.25
73.5,0.0,0.0,0.0,68.5,0.0,0.0,0.0,0.0,0.0,0.0,0.0,0.0,0.0,52.25,108.5,96.0,64.75,0.0,96.0,0.0,63.5,0.0,0.0,97.25,0.0,81.0,0.0,0.0,106.0,82.25,0.0,0.0,0.0,0.0,0.0,0.0,0.0,0.0,0.0,0.0,0.0,74.75,0.0,0.0,0.0,42.25,0.0,61.0,0.0,0.0,0.0,0.0,0.0,0.0,0.0,0.0,29.75,0.0,0.0,0.0,0.0,0.0,0.0,0.0,96.0,0.0,0.0,0.0,0.0,0.0,0.0,0.0,117.25,0.0,57.25,0.0,0.0,0.0,0.0,0.0,82.25,0.0,0.0,0.0,0.0,0.0,426.0,93.5,0.0,49.75,94.75,94.75,0.0,0.0,91.0,87.25,102.25,0.0,0.0
102.25,0.0,91.0,0.0,0.0,0.0,0.0,0.0,0.0,0.0,91.0,38.5,92.25,34.75,389.0,0.0,0.0,97.25,0.0,0.0,0.0,0.0,107.25,101.0,0.0,0.0,0.0,52.25,0.0,81.0,0.0,0.0,76.0,0.0,116.0,97.25,0.0,0.0,63.5,0.0,102.25,0.0,0.0,0.0,93.5,0.0,0.0,0.0,0.0,0.0,0.0,116.0,0.0,0.0,0.0,0.0,62.25,0.0,61.0,64.75,88.5,68.5,0.0,56.0,0.0,0.0,0.0,0.0,39.75,0.0,0.0,38.5,0.0,0.0,0.0,0.0,0.0,0.0,0.0,101.0,66.0,0.0,0.0,0.0,83.5,0.0,0.0,86.0,57.25,0.0,0.0,52.25,0.0,0.0,0.0,101.0,0.0,0.0,102.25,0.0
53.5,0.0,56.0,0.0,0.0,0.0,0.0,0.0,0.0,0.0,0.0,0.0,0.0,0.0,0.0,0.0,0.0,32.25,0.0,0.0,89.75,72.25,0.0,0.0,0.0,0.0,0.0,0.0,56.0,0.0,0.0,0.0,0.0,0.0,89.75,0.0,0.0,26.0,0.0,0.0,69.75,41.0,0.0,0.0,0.0,0.0,83.5,0.0,101.0,0.0,0.0,0.0,0.0,0.0,0.0,0.0,117.25,0.0,0.0,0.0,0.0,104.75,0.0,0.0,0.0,0.0,0.0,0.0,0.0,84.75,0.0,0.0,0.0,0.0,0.0,62.25,0.0,0.0,0.0,0.0,0.0,0.0,0.0,93.5,0.0,0.0,0.0,0.0,0.0,0.0,0.0,0.0,0.0,0.0,449.0,0.0,64.75,0.0,0.0,87.25
0.0,0.0,0.0,78.5,79.75,0.0,0.0,0.0,0.0,0.0,0.0,0.0,0.0,0.0,104.75,86.0,0.0,78.5,0.0,0.0,0.0,0.0,86.0,0.0,0.0,0.0,0.0,0.0,0.0,0.0,0.0,0.0,0.0,0.0,0.0,0.0,0.0,0.0,0.0,0.0,0.0,0.0,0.0,0.0,72.25,58.5,0.0,0.0,0.0,0.0,0.0,0.0,0.0,51.0,0.0,0.0,0.0,0.0,74.75,0.0,0.0,0.0,0.0,0.0,0.0,0.0,0.0,0.0,0.0,0.0,0.0,0.0,0.0,81.0,0.0,0.0,0.0,0.0,0.0,0.0,62.25,82.25,0.0,0.0,0.0,0.0,0.0,0.0,0.0,0.0,0.0,0.0,0.0,0.0,0.0,33.5,0.0,0.0,0.0,0.0
0.0,56.0,0.0,0.0,0.0,0.0,0.0,0.0,0.0,0.0,0.0,0.0,0.0,0.0,0.0,0.0,0.0,0.0,0.0,0.0,0.0,0.0,0.0,0.0,0.0,0.0,0.0,62.25,0.0,0.0,0.0,0.0,0.0,0.0,0.0,0.0,0.0,0.0,0.0,0.0,0.0,0.0,107.25,0.0,0.0,0.0,51.0,0.0,64.75,73.5,0.0,0.0,0.0,0.0,413.0,0.0,69.75,0.0,69.75,0.0,0.0,0.0,385.0,0.0,0.0,0.0,0.0,0.0,0.0,0.0,0.0,62.25,0.0,0.0,0.0,0.0,0.0,439.0,0.0,0.0,0.0,52.25,0.0,86.0,0.0,0.0,0.0,102.25,0.0,0.0,0.0,0.0,0.0,0.0,0.0,0.0,0.0,87.25,0.0,69.75
0.0,98.5,102.25,99.75,0.0,0.0,0.0,0.0,0.0,0.0,81.0,0.0,57.25,0.0,0.0,56.0,51.0,87.25,72.25,0.0,0.0,0.0,0.0,0.0,0.0,0.0,66.0,0.0,0.0,0.0,0.0,73.5,0.0,63.5,0.0,0.0,0.0,0.0,88.5,0.0,0.0,0.0,0.0,0.0,71.0,0.0,0.0,0.0,0.0,0.0,448.0,0.0,0.0,0.0,0.0,0.0,0.0,0.0,81.0,0.0,0.0,47.25,0.0,43.5,0.0,81.0,0.0,0.0,43.5,0.0,0.0,0.0,0.0,0.0,0.0,0.0,0.0,0.0,0.0,0.0,0.0,0.0,0.0,93.5,0.0,0.0,67.25,0.0,0.0,0.0,0.0,67.25,0.0,51.0,0.0,43.5,0.0,0.0,0.0,0.0
0.0,0.0,0.0,0.0,52.25,0.0,0.0,86.0,0.0,0.0,0.0,0.0,0.0,0.0,0.0,0.0,32.25,0.0,0.0,79.75,442.0,0.0,0.0,0.0,0.0,0.0,462.0,0.0,0.0,0.0,0.0,0.0,42.25,0.0,0.0,0.0,0.0,0.0,443.0,0.0,26.0,0.0,0.0,0.0,0.0,0.0,0.0,0.0,54.75,0.0,0.0,0.0,0.0,109.75,0.0,74.75,74.75,0.0,69.75,0.0,94.75,0.0,0.0,0.0,0.0,0.0,79.75,398.0,0.0,0.0,0.0,0.0,88.5,0.0,79.75,82.25,0.0,0.0,0.0,0.0,102.25,69.75,107.25,81.0,82.25,0.0,0.0,94.75,0.0,0.0,0.0,0.0,0.0,51.0,0.0,0.0,0.0,49.75,0.0,0.0
0.0,0.0,0.0,0.0,0.0,0.0,0.0,0.0,0.0,0.0,0.0,0.0,0.0,0.0,68.5,0.0,68.5,62.25,0.0,0.0,0.0,87.25,0.0,0.0,0.0,0.0,0.0,96.0,0.0,0.0,69.75,0.0,0.0,0.0,0.0,0.0,0.0,91.0,56.0,0.0,0.0,0.0,49.75,89.75,0.0,0.0,0.0,0.0,0.0,0.0,0.0,0.0,0.0,94.75,0.0,0.0,0.0,0.0,0.0,0.0,0.0,0.0,103.5,0.0,0.0,0.0,0.0,0.0,0.0,0.0,37.25,0.0,0.0,0.0,0.0,0.0,48.5,0.0,97.25,0.0,0.0,0.0,0.0,0.0,54.75,0.0,0.0,0.0,0.0,0.0,0.0,0.0,77.25,0.0,0.0,0.0,0.0,0.0,0.0,0.0
0.0,0.0,0.0,0.0,0.0,0.0,31.0,0.0,0.0,0.0,0.0,0.0,0.0,0.0,0.0,0.0,0.0,69.75,0.0,0.0,0.0,0.0,0.0,0.0,0.0,0.0,0.0,0.0,0.0,0.0,0.0,0.0,0.0,0.0,39.75,0.0,81.0,0.0,0.0,0.0,34.75,0.0,69.75,0.0,0.0,79.75,0.0,0.0,0.0,0.0,0.0,69.75,0.0,0.0,44.75,73.5,64.75,0.0,0.0,0.0,0.0,0.0,0.0,0.0,0.0,0.0,0.0,0.0,0.0,0.0,0.0,111.0,0.0,0.0,89.75,0.0,96.0,0.0,0.0,0.0,48.5,0.0,0.0,73.5,116.0,0.0,0.0,0.0,0.0,61.0,0.0,0.0,0.0,0.0,0.0,0.0,87.25,0.0,73.5,0.0
59.75,0.0,0.0,0.0,0.0,0.0,0.0,82.25,0.0,0.0,0.0,0.0,83.5,89.75,57.25,0.0,0.0,104.75,0.0,0.0,0.0,0.0,0.0,391.0,0.0,0.0,59.75,0.0,0.0,0.0,93.5,0.0,106.0,0.0,0.0,56.0,0.0,0.0,0.0,47.25,0.0,96.0,43.5,0.0,0.0,0.0,0.0,0.0,0.0,0.0,391.0,0.0,0.0,0.0,106.0,0.0,89.75,41.0,0.0,0.0,0.0,0.0,0.0,428.0,0.0,87.25,0.0,0.0,0.0,0.0,0.0,0.0,0.0,0.0,0.0,0.0,0.0,78.5,0.0,0.0,0.0,0.0,0.0,0.0,0.0,0.0,0.0,0.0,0.0,0.0,0.0,0.0,0.0,117.25,0.0,44.75,51.0,0.0,78.5,0.0
0.0,0.0,0.0,0.0,0.0,436.0,0.0,0.0,0.0,0.0,0.0,0.0,0.0,0.0,0.0,0.0,0.0,0.0,0.0,0.0,0.0,0.0,0.0,0.0,0.0,0.0,0.0,0.0,0.0,0.0,0.0,0.0,0.0,0.0,63.5,0.0,0.0,0.0,0.0,0.0,0.0,0.0,0.0,0.0,74.75,0.0,411.0,96.0,0.0,0.0,0.0,0.0,0.0,0.0,0.0,0.0,0.0,0.0,0.0,0.0,0.0,0.0,0.0,0.0,0.0,0.0,0.0,0.0,0.0,0.0,0.0,0.0,0.0,0.0,0.0,0.0,0.0,0.0,0.0,0.0,0.0,0.0,0.0,0.0,0.0,0.0,0.0,0.0,0.0,0.0,0.0,0.0,0.0,0.0,0.0,0.0,73.5,0.0,76.0,0.0
88.5,77.25,0.0,0.0,0.0,88.5,0.0,0.0,0.0,0.0,0.0,52.25,0.0,77.25,0.0,43.5,0.0,0.0,0.0,0.0,0.0,0.0,0.0,0.0,414.0,0.0,0.0,0.0,62.25,63.5,0.0,86.0,81.0,0.0,0.0,0.0,0.0,0.0,0.0,0.0,0.0,0.0,0.0,0.0,0.0,0.0,0.0,0.0,58.5,87.25,0.0,0.0,0.0,0.0,0.0,0.0,32.25,0.0,469.0,0.0,47.25,81.0,123.5,0.0,0.0,0.0,0.0,81.0,421.0,0.0,84.75,0.0,77.25,0.0,0.0,0.0,0.0,0.0,0.0,0.0,0.0,416.0,99.75,0.0,0.0,0.0,0.0,0.0,0.0,0.0,451.0,435.0,0.0,0.0,0.0,0.0,0.0,0.0,0.0,0.0
84.75,0.0,0.0,0.0,0.0,0.0,0.0,44.75,0.0,68.5,0.0,437.0,71.0,0.0,0.0,0.0,114.75,57.25,0.0,81.0,0.0,0.0,0.0,53.5,0.0,0.0,0.0,0.0,0.0,0.0,0.0,0.0,0.0,0.0,0.0,0.0,0.0,73.5,0.0,0.0,0.0,0.0,388.0,0.0,0.0,64.75,0.0,0.0,0.0,0.0,0.0,0.0,0.0,0.0,0.0,0.0,0.0,0.0,0.0,0.0,114.75,0.0,0.0,0.0,0.0,0.0,0.0,0.0,0.0,0.0,46.0,0.0,0.0,89.75,0.0,0.0,0.0,0.0,0.0,0.0,77.25,99.75,0.0,0.0,0.0,0.0,0.0,0.0,429.0,0.0,0.0,0.0,56.0,0.0,0.0,79.75,0.0,0.0,0.0,0.0
0.0,0.0,0.0,0.0,0.0,0.0,0.0,0.0,0.0,0.0,0.0,0.0,62.25,0.0,0.0,0.0,0.0,0.0,423.0,0.0,0.0,0.0,49.75,0.0,0.0,0.0,0.0,67.25,0.0,0.0,0.0,0.0,0.0,0.0,0.0,0.0,0.0,0.0,0.0,0.0,82.25,0.0,72.25,0.0,0.0,0.0,0.0,0.0,0.0,0.0,0.0,0.0,0.0,0.0,0.0,0.0,0.0,0.0,0.0,0.0,0.0,0.0,0.0,0.0,0.0,63.5,79.75,72.25,0.0,0.0,0.0,0.0,0.0,0.0,0.0,0.0,0.0,0.0,92.25,0.0,0.0,0.0,0.0,96.0,0.0,0.0,0.0,432.0,0.0,0.0,0.0,0.0,0.0,0.0,0.0,0.0,0.0,0.0,0.0,0.0
0.0,0.0,0.0,0.0,0.0,0.0,0.0,0.0,0.0,0.0,0.0,0.0,0.0,0.0,0.0,0.0,68.5,0.0,0.0,0.0,0.0,0.0,0.0,0.0,0.0,0.0,0.0,0.0,0.0,0.0,0.0,0.0,0.0,59.75,0.0,0.0,0.0,0.0,0.0,0.0,0.0,0.0,0.0,0.0,0.0,0.0,0.0,0.0,0.0,0.0,0.0,0.0,0.0,0.0,0.0,0.0,0.0,72.25,0.0,0.0,0.0,0.0,0.0,0.0,0.0,0.0,0.0,0.0,0.0,69.75,0.0,0.0,83.5,0.0,0.0,0.0,47.25,0.0,0.0,0.0,0.0,0.0,0.0,0.0,0.0,0.0,0.0,124.75,0.0,0.0,0.0,0.0,0.0,0.0,0.0,43.5,0.0,0.0,0.0,42.25
0.0,0.0,0.0,0.0,0.0,0.0,0.0,0.0,0.0,0.0,0.0,0.0,0.0,0.0,0.0,0.0,0.0,0.0,0.0,0.0,0.0,0.0,0.0,0.0,0.0,0.0,0.0,427.0,0.0,0.0,0.0,0.0,0.0,0.0,0.0,0.0,0.0,0.0,0.0,0.0,0.0,0.0,0.0,0.0,0.0,91.0,0.0,0.0,0.0,0.0,0.0,0.0,0.0,0.0,77.25,0.0,0.0,0.0,0.0,0.0,0.0,0.0,0.0,0.0,0.0,0.0,0.0,0.0,0.0,0.0,37.25,0.0,0.0,0.0,0.0,0.0,0.0,0.0,0.0,0.0,0.0,0.0,0.0,0.0,67.25,0.0,0.0,0.0,0.0,0.0,0.0,0.0,0.0,0.0,0.0,0.0,0.0,0.0,0.0,0.0
0.0,0.0,0.0,0.0,0.0,0.0,0.0,0.0,0.0,0.0,37.25,0.0,0.0,0.0,0.0,0.0,0.0,0.0,0.0,0.0,0.0,0.0,0.0,0.0,0.0,0.0,0.0,0.0,0.0,0.0,0.0,97.25,0.0,0.0,0.0,0.0,0.0,77.25,0.0,0.0,66.0,0.0,0.0,0.0,0.0,0.0,0.0,0.0,0.0,0.0,0.0,0.0,0.0,0.0,64.75,0.0,0.0,0.0,0.0,0.0,0.0,0.0,0.0,0.0,67.25,0.0,0.0,0.0,0.0,0.0,0.0,0.0,88.5,0.0,0.0,0.0,0.0,0.0,0.0,76.0,0.0,113.5,0.0,0.0,0.0,81.0,0.0,0.0,0.0,112.25,0.0,0.0,0.0,0.0,0.0,0.0,0.0,0.0,0.0,0.0
0.0,0.0,113.5,0.0,0.0,0.0,0.0,101.0,0.0,0.0,0.0,0.0,0.0,0.0,0.0,64.75,0.0,0.0,430.0,69.75,0.0,465.0,53.5,87.25,0.0,34.75,78.5,0.0,59.75,0.0,0.0,94.75,0.0,0.0,0.0,0.0,0.0,0.0,0.0,0.0,0.0,0.0,0.0,0.0,59.75,87.25,0.0,0.0,0.0,0.0,78.5,0.0,32.25,79.75,0.0,0.0,66.0,39.75,101.0,0.0,62.25,0.0,0.0,0.0,0.0,0.0,101.0,446.0,0.0,41.0,74.75,0.0,0.0,54.75,0.0,0.0,0.0,0.0,0.0,0.0,0.0,0.0,76.0,0.0,59.75,0.0,0.0,0.0,36.0,0.0,0.0,0.0,116.0,0.0,64.75,0.0,71.0,61.0,0.0,113.5
0.0,0.0,57.25,0.0,0.0,42.25,0.0,0.0,83.5,0.0,42.25,0.0,82.25,0.0,0.0,0.0,0.0,0.0,0.0,87.25,0.0,0.0,0.0,0.0,0.0,33.5,0.0,0.0,0.0,61.0,0.0,0.0,42.25,0.0,0.0,0.0,0.0,68.5,0.0,0.0,0.0,46.0,79.75,0.0,87.25,0.0,0.0,0.0,57.25,0.0,0.0,78.5,0.0,0.0,0.0,107.25,0.0,468.0,104.75,0.0,0.0,0.0,0.0,0.0,0.0,72.25,0.0,0.0,0.0,0.0,417.0,0.0,0.0,34.75,0.0,52.25,86.0,0.0,68.5,71.0,113.5,0.0,0.0,0.0,0.0,68.5,0.0,0.0,419.0,445.0,0.0,0.0,0.0,0.0,81.0,0.0,0.0,57.25,91.0,0.0
0.0,0.0,0.0,0.0,0.0,0.0,0.0,0.0,0.0,0.0,0.0,0.0,0.0,0.0,0.0,0.0,0.0,0.0,0.0,0.0,0.0,0.0,0.0,0.0,0.0,0.0,0.0,102.25,0.0,0.0,0.0,0.0,0.0,0.0,0.0,0.0,0.0,0.0,0.0,0.0,0.0,0.0,0.0,0.0,0.0,0.0,0.0,0.0,0.0,0.0,0.0,0.0,0.0,71.0,0.0,0.0,0.0,0.0,0.0,0.0,0.0,0.0,0.0,0.0,0.0,52.25,0.0,0.0,0.0,0.0,0.0,0.0,0.0,0.0,0.0,0.0,0.0,0.0,0.0,0.0,0.0,0.0,0.0,0.0,0.0,0.0,0.0,0.0,0.0,0.0,72.25,0.0,0.0,0.0,0.0,0.0,0.0,74.75,0.0,0.0
0.0,414.0,0.0,0.0,0.0,0.0,0.0,0.0,0.0,0.0,0.0,97.25,0.0,0.0,87.25,0.0,0.0,0.0,0.0,0.0,0.0,0.0,0.0,0.0,0.0,0.0,0.0,96.0,0.0,0.0,0.0,0.0,0.0,0.0,0.0,0.0,0.0,0.0,0.0,0.0,0.0,0.0,0.0,0.0,51.0,0.0,0.0,0.0,0.0,81.0,0.0,0.0,0.0,0.0,66.0,0.0,0.0,0.0,108.5,96.0,0.0,0.0,0.0,0.0,0.0,0.0,0.0,0.0,0.0,59.75,0.0,0.0,0.0,0.0,0.0,0.0,0.0,0.0,0.0,0.0,0.0,0.0,0.0,0.0,0.0,0.0,0.0,0.0,0.0,72.25,0.0,0.0,0.0,0.0,0.0,0.0,0.0,0.0,0.0,54.75
0.0,0.0,0.0,0.0,0.0,0.0,0.0,0.0,0.0,0.0,0.0,0.0,0.0,0.0,0.0,0.0,0.0,0.0,77.25,0.0,0.0,0.0,44.75,0.0,0.0,0.0,53.5,72.25,0.0,0.0,0.0,0.0,0.0,0.0,58.5,0.0,0.0,0.0,26.0,0.0,396.0,0.0,0.0,0.0,0.0,0.0,0.0,82.25,0.0,0.0,0.0,0.0,67.25,0.0,0.0,0.0,0.0,0.0,0.0,0.0,0.0,0.0,0.0,0.0,0.0,0.0,0.0,0.0,0.0,0.0,0.0,0.0,0.0,0.0,0.0,0.0,0.0,0.0,0.0,0.0,0.0,0.0,0.0,0.0,0.0,0.0,0.0,0.0,0.0,78.5,0.0,0.0,0.0,0.0,0.0,0.0,0.0,0.0,0.0,0.0
0.0,0.0,0.0,53.5,27.25,102.25,0.0,0.0,0.0,0.0,54.75,0.0,0.0,0.0,91.0,0.0,0.0,0.0,0.0,94.75,103.5,0.0,0.0,0.0,0.0,0.0,0.0,0.0,0.0,427.0,0.0,83.5,0.0,410.0,0.0,0.0,0.0,0.0,0.0,0.0,0.0,0.0,0.0,0.0,0.0,0.0,0.0,121.0,0.0,91.0,0.0,0.0,117.25,119.75,0.0,109.75,63.5,104.75,0.0,0.0,0.0,0.0,0.0,101.0,109.75,0.0,0.0,0.0,59.75,0.0,114.75,0.0,0.0,0.0,0.0,89.75,469.0,0.0,0.0,0.0,0.0,0.0,0.0,0.0,93.5,69.75,0.0,104.75,77.25,83.5,0.0,0.0,87.25,96.0,0.0,0.0,0.0,0.0,48.5,96.0
0.0,0.0,0.0,0.0,0.0,0.0,51.0,0.0,78.5,0.0,0.0,0.0,0.0,449.0,79.75,0.0,0.0,0.0,0.0,462.0,0.0,0.0,0.0,0.0,0.0,0.0,0.0,0.0,0.0,93.5,89.75,0.0,0.0,0.0,0.0,0.0,0.0,102.25,76.0,0.0,0.0,0.0,0.0,0.0,0.0,63.5,0.0,0.0,83.5,0.0,0.0,0.0,0.0,0.0,443.0,0.0,0.0,0.0,0.0,0.0,0.0,0.0,0.0,0.0,99.75,0.0,106.0,0.0,0.0,0.0,51.0,0.0,0.0,0.0,0.0,0.0,0.0,0.0,81.0,0.0,0.0,0.0,77.25,0.0,0.0,0.0,101.0,0.0,0.0,0.0,0.0,0.0,0.0,0.0,0.0,58.5,0.0,0.0,0.0,0.0
0.0,0.0,0.0,0.0,0.0,74.75,0.0,73.5,0.0,0.0,0.0,0.0,0.0,0.0,0.0,0.0,0.0,0.0,0.0,0.0,0.0,0.0,0.0,0.0,0.0,0.0,0.0,0.0,0.0,0.0,0.0,0.0,0.0,0.0,0.0,0.0,0.0,0.0,0.0,0.0,0.0,0.0,0.0,0.0,0.0,0.0,0.0,0.0,0.0,0.0,0.0,0.0,0.0,0.0,0.0,0.0,0.0,397.0,0.0,71.0,0.0,0.0,0.0,0.0,0.0,0.0,0.0,0.0,0.0,0.0,0.0,0.0,0.0,0.0,0.0,0.0,0.0,84.75,0.0,0.0,0.0,0.0,0.0,0.0,0.0,0.0,0.0,0.0,0.0,0.0,0.0,0.0,78.5,0.0,0.0,0.0,0.0,0.0,0.0,0.0
0.0,0.0,0.0,0.0,0.0,0.0,0.0,0.0,0.0,0.0,0.0,0.0,0.0,0.0,0.0,0.0,0.0,52.25,0.0,0.0,0.0,0.0,0.0,0.0,0.0,0.0,47.25,52.25,66.0,0.0,0.0,62.25,0.0,0.0,0.0,0.0,0.0,0.0,0.0,0.0,0.0,0.0,0.0,0.0,0.0,0.0,0.0,0.0,94.75,0.0,0.0,0.0,0.0,0.0,0.0,0.0,0.0,0.0,0.0,0.0,0.0,0.0,0.0,0.0,0.0,0.0,0.0,0.0,0.0,0.0,0.0,0.0,0.0,0.0,0.0,0.0,0.0,0.0,56.0,0.0,0.0,0.0,0.0,0.0,0.0,0.0,0.0,0.0,0.0,0.0,0.0,0.0,0.0,0.0,0.0,123.5,0.0,0.0,0.0,0.0
0.0,86.0,0.0,0.0,437.0,0.0,0.0,0.0,0.0,39.75,0.0,0.0,0.0,0.0,0.0,0.0,86.0,0.0,0.0,0.0,0.0,0.0,0.0,0.0,78.5,54.75,0.0,0.0,0.0,91.0,0.0,59.75,89.75,0.0,108.5,74.75,0.0,0.0,0.0,0.0,64.75,99.75,0.0,64.75,0.0,387.0,0.0,0.0,66.0,57.25,0.0,117.25,51.0,0.0,0.0,0.0,0.0,0.0,0.0,0.0,0.0,0.0,52.25,0.0,0.0,0.0,0.0,0.0,0.0,0.0,0.0,0.0,81.0,0.0,0.0,102.25,0.0,0.0,74.75,0.0,0.0,0.0,0.0,0.0,76.0,0.0,0.0,0.0,0.0,88.5,0.0,0.0,71.0,0.0,0.0,0.0,0.0,430.0,0.0,415.0
0.0,0.0,0.0,54.75,0.0,0.0,0.0,88.5,0.0,0.0,0.0,440.0,67.25,0.0,0.0,0.0,0.0,0.0,0.0,99.75,0.0,0.0,0.0,0.0,0.0,0.0,0.0,0.0,0.0,0.0,0.0,0.0,0.0,0.0,0.0,48.5,0.0,0.0,0.0,0.0,0.0,0.0,0.0,0.0,0.0,0.0,0.0,0.0,0.0,0.0,0.0,0.0,404.0,0.0,0.0,0.0,0.0,0.0,0.0,0.0,0.0,0.0,0.0,0.0,0.0,0.0,0.0,0.0,0.0,0.0,0.0,0.0,0.0,0.0,0.0,0.0,0.0,0.0,72.25,0.0,0.0,0.0,0.0,0.0,0.0,0.0,0.0,0.0,0.0,0.0,0.0,0.0,0.0,68.5,0.0,62.25,0.0,0.0,0.0,29.75
0.0,0.0,0.0,0.0,0.0,0.0,0.0,0.0,0.0,73.5,91.0,0.0,0.0,0.0,62.25,0.0,0.0,61.0,0.0,421.0,119.75,0.0,0.0,46.0,0.0,0.0,0.0,77.25,0.0,49.75,0.0,0.0,0.0,0.0,0.0,0.0,0.0,0.0,0.0,0.0,0.0,0.0,0.0,0.0,0.0,0.0,0.0,57.25,0.0,0.0,0.0,0.0,91.0,0.0,0.0,0.0,0.0,0.0,109.75,118.5,430.0,72.25,48.5,0.0,0.0,122.25,0.0,39.75,0.0,0.0,0.0,0.0,413.0,0.0,0.0,0.0,86.0,0.0,0.0,79.75,0.0,0.0,99.75,0.0,0.0,0.0,78.5,0.0,0.0,0.0,0.0,0.0,0.0,381.0,0.0,66.0,0.0,0.0,0.0,0.0
0.0,0.0,0.0,0.0,0.0,0.0,57.25,37.25,0.0,0.0,0.0,31.0,0.0,0.0,0.0,0.0,0.0,71.0,78.5,0.0,0.0,400.0,0.0,0.0,0.0,0.0,0.0,0.0,0.0,0.0,71.0,92.25,88.5,0.0,0.0,0.0,119.75,0.0,77.25,0.0,0.0,0.0,0.0,0.0,0.0,0.0,0.0,0.0,0.0,0.0,0.0,71.0,0.0,0.0,102.25,0.0,0.0,64.75,0.0,0.0,0.0,83.5,0.0,69.75,0.0,74.75,0.0,0.0,0.0,0.0,0.0,0.0,57.25,0.0,0.0,69.75,64.75,77.25,0.0,0.0,103.5,0.0,0.0,0.0,0.0,31.0,0.0,71.0,63.5,0.0,0.0,0.0,0.0,0.0,0.0,0.0,0.0,0.0,117.25,0.0
38.5,0.0,0.0,0.0,0.0,0.0,407.0,0.0,0.0,86.0,0.0,31.0,86.0,0.0,0.0,0.0,0.0,0.0,0.0,83.5,0.0,0.0,0.0,0.0,0.0,88.5,0.0,0.0,0.0,83.5,0.0,123.5,406.0,68.5,0.0,0.0,0.0,114.75,0.0,0.0,0.0,406.0,0.0,0.0,0.0,0.0,0.0,0.0,0.0,106.0,0.0,0.0,0.0,0.0,0.0,51.0,0.0,0.0,44.75,0.0,0.0,0.0,0.0,0.0,0.0,0.0,77.25,0.0,0.0,0.0,0.0,86.0,0.0,0.0,0.0,26.0,0.0,0.0,0.0,0.0,0.0,0.0,32.25,0.0,0.0,0.0,0.0,49.75,0.0,0.0,112.25,0.0,67.25,44.75,0.0,0.0,0.0,0.0,0.0,77.25
71.0,46.0,0.0,26.0,0.0,429.0,89.75,49.75,69.75,0.0,0.0,78.5,0.0,84.75,0.0,0.0,33.5,0.0,0.0,0.0,0.0,0.0,0.0,0.0,0.0,112.25,0.0,0.0,0.0,72.25,0.0,0.0,0.0,113.5,0.0,0.0,0.0,0.0,0.0,84.75,82.25,77.25,88.5,0.0,0.0,0.0,76.0,0.0,0.0,0.0,0.0,0.0,0.0,0.0,27.25,0.0,64.75,103.5,0.0,0.0,0.0,0.0,0.0,0.0,0.0,0.0,82.25,0.0,0.0,54.75,66.0,0.0,0.0,412.0,0.0,448.0,82.25,0.0,74.75,0.0,0.0,0.0,0.0,27.25,0.0,0.0,0.0,78.5,51.0,0.0,0.0,61.0,0.0,423.0,0.0,0.0,66.0,83.5,0.0,0.0
0.0,0.0,76.0,57.25,42.25,0.0,431.0,0.0,64.75,124.75,0.0,0.0,71.0,0.0,66.0,69.75,0.0,0.0,99.75,0.0,0.0,0.0,86.0,0.0,0.0,71.0,0.0,0.0,0.0,0.0,0.0,86.0,106.0,0.0,0.0,0.0,61.0,0.0,32.25,0.0,0.0,0.0,0.0,0.0,113.5,0.0,0.0,53.5,56.0,63.5,0.0,77.25,0.0,79.75,0.0,0.0,0.0,68.5,0.0,0.0,56.0,419.0,0.0,0.0,0.0,0.0,82.25,0.0,0.0,0.0,0.0,0.0,0.0,444.0,0.0,76.0,0.0,0.0,0.0,0.0,0.0,0.0,0.0,0.0,0.0,66.0,0.0,0.0,0.0,0.0,0.0,84.75,0.0,0.0,0.0,0.0,0.0,63.5,0.0,96.0
0.0,0.0,0.0,0.0,0.0,0.0,0.0,0.0,0.0,0.0,0.0,0.0,88.5,0.0,0.0,0.0,0.0,0.0,0.0,0.0,0.0,0.0,0.0,0.0,0.0,0.0,0.0,0.0,0.0,0.0,0.0,0.0,76.0,0.0,0.0,0.0,0.0,0.0,0.0,0.0,0.0,0.0,47.25,114.75,0.0,0.0,0.0,0.0,0.0,0.0,0.0,0.0,0.0,0.0,0.0,0.0,0.0,0.0,0.0,0.0,0.0,0.0,0.0,0.0,0.0,0.0,0.0,0.0,0.0,0.0,0.0,0.0,0.0,0.0,0.0,0.0,67.25,0.0,0.0,0.0,0.0,0.0,0.0,0.0,0.0,0.0,0.0,0.0,0.0,0.0,0.0,0.0,0.0,0.0,0.0,0.0,0.0,0.0,44.75,0.0
84.75,0.0,0.0,0.0,0.0,0.0,0.0,0.0,0.0,0.0,0.0,0.0,113.5,0.0,0.0,0.0,453.0,0.0,0.0,47.25,0.0,0.0,0.0,0.0,0.0,0.0,0.0,0.0,0.0,411.0,0.0,0.0,0.0,0.0,0.0,0.0,0.0,73.5,0.0,0.0,0.0,0.0,0.0,0.0,77.25,0.0,0.0,0.0,0.0,0.0,0.0,0.0,0.0,0.0,0.0,0.0,108.5,0.0,0.0,99.75,0.0,0.0,0.0,0.0,47.25,0.0,0.0,46.0,0.0,0.0,0.0,0.0,0.0,0.0,0.0,0.0,117.25,0.0,0.0,0.0,0.0,0.0,0.0,0.0,68.5,87.25,0.0,0.0,0.0,0.0,0.0,0.0,0.0,0.0,29.75,0.0,0.0,0.0,0.0,0.0
0.0,0.0,0.0,0.0,0.0,0.0,0.0,0.0,69.75,94.75,0.0,0.0,0.0,0.0,0.0,0.0,74.75,38.5,62.25,0.0,0.0,0.0,0.0,0.0,0.0,0.0,0.0,0.0,0.0,0.0,81.0,104.75,72.25,0.0,0.0,0.0,0.0,0.0,0.0,0.0,118.5,0.0,0.0,0.0,0.0,0.0,0.0,0.0,0.0,0.0,0.0,0.0,91.0,0.0,0.0,67.25,98.5,0.0,0.0,0.0,378.0,0.0,0.0,0.0,0.0,0.0,0.0,0.0,0.0,0.0,0.0,0.0,0.0,0.0,0.0,99.75,0.0,0.0,0.0,0.0,0.0,0.0,0.0,0.0,0.0,442.0,0.0,0.0,0.0,0.0,0.0,0.0,99.75,0.0,0.0,0.0,0.0,0.0,56.0,0.0
