0.0,47.0,71.0,0.0,1.0,395.0,15.0,44.0,0.0,0.0,0.0,0.0,0.0,7.0,29.0,41.0,0.0,0.0,89.0,54.0,33.0,408.0,0.0,70.0,0.0,43.0,0.0,18.0,0.0,0.0,0.0,52.0,0.0,31.0,40.0,0.0,0.0,0.0,47.0,403.0,0.0,36.0,80.0,0.0,54.0,0.0,0.0,0.0,0.0,0.0,64.0,35.0,17.0,0.0,44.0,0.0,0.0,0.0,43.0,38.0,42.0,0.0,44.0,70.0,0.0,53.0,0.0,0.0,0.0,46.0,19.0,0.0,389.0,81.0,0.0,0.0,0.0,0.0,29.0,0.0,0.0,0.0,49.0,0.0,0.0,0.0,39.0,0.0,71.0,57.0,66.0,32.0,0.0,85.0,38.0,0.0,53.0,0.0,430.0,0.0
60.0,0.0,0.0,41.0,0.0,0.0,0.0,0.0,0.0,0.0,54.0,0.0,0.0,0.0,0.0,0.0,0.0,0.0,0.0,0.0,49.0,45.0,0.0,0.0,0.0,0.0,0.0,61.0,0.0,77.0,0.0,0.0,0.0,0.0,77.0,21.0,0.0,380.0,0.0,23.0,0.0,410.0,55.0,47.0,71.0,0.0,0.0,0.0,0.0,63.0,0.0,13.0,0.0,406.0,0.0,0.0,0.0,0.0,0.0,0.0,0.0,26.0,21.0,0.0,0.0,0.0,33.0,41.0,42.0,0.0,0.0,0.0,0.0,33.0,0.0,61.0,47.0,31.0,58.0,0.0,52.0,440.0,0.0,0.0,0.0,0.0,47.0,84.0,0.0,0.0,62.0,23.0,0.0,0.0,0.0,32.0,43.0,0.0,0.0,0.0
19.0,91.0,0.0,23.0,43.0,38.0,72.0,369.0,78.0,61.0,77.0,72.0,46.0,355.0,0.0,40.0,87.0,0.0,63.0,0.0,68.0,58.0,431.0,13.0,0.0,81.0,0.0,65.0,82.0,76.0,351.0,60.0,42.0,32.0,88.0,46.0,77.0,76.0,37.0,40.0,78.0,13.0,68.0,0.0,53.0,55.0,76.0,425.0,20.0,46.0,80.0,70.0,53.0,68.0,16.0,42.0,78.0,9.0,59.0,73.0,60.0,87.0,63.0,0.0,31.0,63.0,34.0,387.0,17.0,29.0,72.0,54.0,84.0,388.0,398.0,46.0,37.0,0.0,55.0,64.0,80.0,48.0,0.0,47.0,56.0,56.0,32.0,430.0,19.0,59.0,27.0,86.0,61.0,21.0,34.0,54.0,0.0,398.0,68.0,70.0
80.0,0.0,0.0,0.0,60.0,0.0,0.0,0.0,0.0,0.0,0.0,0.0,0.0,0.0,0.0,0.0,0.0,0.0,0.0,0.0,0.0,43.0,0.0,0.0,0.0,0.0,0.0,0.0,0.0,0.0,0.0,59.0,0.0,0.0,0.0,77.0,0.0,59.0,0.0,16.0,0.0,0.0,52.0,0.0,61.0,0.0,0.0,0.0,0.0,0.0,0.0,0.0,0.0,0.0,412.0,0.0,76.0,0.0,0.0,0.0,0.0,0.0,0.0,0.0,0.0,0.0,0.0,0.0,0.0,0.0,0.0,0.0,0.0,81.0,0.0,0.0,0.0,0.0,0.0,89.0,0.0,0.0,0.0,0.0,35.0,0.0,0.0,0.0,0.0,0.0,0.0,40.0,0.0,0.0,58.0,0.0,43.0,0.0,0.0,0.0
69.0,393.0,7.0,65.0,0.0,37.0,26.0,43.0,39.0,27.0,45.0,80.0,44.0,29.0,0.0,0.0,39.0,59.0,41.0,43.0,14.0,68.0,46.0,9.0,55.0,8.0,16.0,410.0,0.0,56.0,8.0,355.0,50.0,53.0,0.0,0.0,0.0,0.0,25.0,83.0,86.0,48.0,0.0,63.0,52.0,387.0,0.0,0.0,28.0,0.0,52.0,60.0,435.0,71.0,15.0,52.0,12.0,49.0,0.0,32.0,82.0,42.0,50.0,72.0,37.0,58.0,0.0,50.0,0.0,414.0,28.0,54.0,15.0,14.0,52.0,20.0,0.0,0.0,0.0,65.0,55.0,56.0,67.0,62.0,76.0,0.0,27.0,0.0,41.0,0.0,395.0,0.0,49.0,75.0,47.0,0.0,0.0,37.0,35.0,92.0
30.0,44.0,85.0,24.0,0.0,0.0,86.0,0.0,53.0,0.0,368.0,0.0,0.0,0.0,58.0,47.0,19.0,21.0,0.0,0.0,35.0,0.0,0.0,0.0,63.0,0.0,0.0,0.0,0.0,0.0,0.0,0.0,0.0,38.0,0.0,0.0,0.0,0.0,0.0,0.0,0.0,0.0,0.0,0.0,0.0,28.0,0.0,0.0,0.0,47.0,25.0,0.0,0.0,0.0,0.0,51.0,0.0,0.0,71.0,0.0,0.0,0.0,0.0,0.0,20.0,0.0,0.0,45.0,0.0,67.0,0.0,386.0,46.0,46.0,0.0,0.0,0.0,0.0,35.0,0.0,0.0,44.0,0.0,0.0,92.0,0.0,0.0,0.0,46.0,69.0,0.0,0.0,39.0,0.0,0.0,0.0,0.0,47.0,0.0,0.0
56.0,18.0,62.0,95.0,61.0,48.0,0.0,9.0,21.0,53.0,0.0,19.0,366.0,80.0,65.0,69.0,25.0,398.0,422.0,81.0,0.0,0.0,45.0,7.0,7.0,49.0,387.0,76.0,423.0,0.0,37.0,46.0,35.0,62.0,431.0,89.0,23.0,45.0,48.0,42.0,55.0,68.0,78.0,6.0,31.0,79.0,80.0,61.0,60.0,49.0,71.0,78.0,53.0,391.0,44.0,53.0,55.0,46.0,71.0,56.0,86.0,12.0,88.0,0.0,64.0,0.0,0.0,30.0,90.0,71.0,46.0,86.0,66.0,40.0,45.0,29.0,48.0,22.0,385.0,61.0,15.0,47.0,67.0,358.0,22.0,48.0,48.0,59.0,44.0,70.0,70.0,384.0,49.0,422.0,0.0,37.0,62.0,32.0,57.0,75.0
33.0,52.0,412.0,52.0,81.0,41.0,11.0,0.0,67.0,63.0,89.0,48.0,67.0,81.0,94.0,402.0,393.0,34.0,27.0,49.0,87.0,50.0,0.0,43.0,51.0,20.0,423.0,66.0,20.0,48.0,0.0,60.0,359.0,0.0,21.0,56.0,49.0,53.0,60.0,85.0,65.0,68.0,60.0,74.0,386.0,50.0,401.0,409.0,435.0,441.0,28.0,67.0,61.0,34.0,77.0,380.0,57.0,41.0,82.0,38.0,0.0,29.0,31.0,55.0,32.0,49.0,51.0,11.0,0.0,67.0,0.0,27.0,54.0,0.0,55.0,51.0,46.0,51.0,445.0,52.0,0.0,29.0,76.0,0.0,40.0,72.0,22.0,50.0,43.0,55.0,82.0,50.0,1.0,10.0,47.0,38.0,26.0,22.0,23.0,49.0
26.0,0.0,0.0,0.0,0.0,65.0,0.0,0.0,0.0,0.0,0.0,0.0,0.0,0.0,0.0,0.0,0.0,0.0,0.0,0.0,0.0,0.0,0.0,0.0,0.0,0.0,0.0,0.0,0.0,0.0,0.0,0.0,56.0,0.0,0.0,0.0,0.0,0.0,0.0,0.0,0.0,89.0,0.0,0.0,0.0,0.0,0.0,0.0,0.0,0.0,42.0,0.0,0.0,0.0,0.0,92.0,0.0,0.0,0.0,49.0,0.0,0.0,0.0,75.0,0.0,0.0,0.0,0.0,0.0,0.0,0.0,0.0,0.0,0.0,0.0,0.0,63.0,0.0,0.0,55.0,0.0,0.0,0.0,19.0,0.0,0.0,0.0,0.0,0.0,0.0,0.0,0.0,67.0,0.0,62.0,0.0,0.0,40.0,0.0,70.0
0.0,0.0,0.0,0.0,86.0,80.0,0.0,0.0,0.0,0.0,0.0,7.0,32.0,0.0,92.0,0.0,0.0,0.0,55.0,0.0,0.0,8.0,59.0,0.0,0.0,0.0,0.0,0.0,0.0,0.0,26.0,50.0,36.0,0.0,86.0,0.0,0.0,0.0,0.0,0.0,0.0,19.0,78.0,49.0,0.0,2.0,0.0,0.0,25.0,375.0,0.0,22.0,37.0,0.0,0.0,0.0,0.0,0.0,85.0,68.0,0.0,45.0,0.0,0.0,0.0,0.0,62.0,0.0,0.0,59.0,0.0,18.0,55.0,0.0,44.0,52.0,0.0,53.0,47.0,31.0,43.0,401.0,0.0,38.0,30.0,34.0,0.0,0.0,16.0,56.0,70.0,68.0,0.0,55.0,49.0,0.0,408.0,0.0,36.0,18.0
0.0,62.0,0.0,61.0,0.0,0.0,54.0,71.0,0.0,0.0,0.0,0.0,390.0,57.0,24.0,45.0,0.0,47.0,58.0,85.0,0.0,382.0,33.0,58.0,15.0,0.0,58.0,58.0,93.0,54.0,15.0,53.0,0.0,0.0,3.0,0.0,48.0,33.0,72.0,28.0,62.0,57.0,51.0,53.0,0.0,68.0,0.0,63.0,17.0,75.0,0.0,35.0,0.0,53.0,0.0,401.0,388.0,54.0,3.0,8.0,0.0,37.0,56.0,399.0,0.0,70.0,358.0,0.0,0.0,0.0,403.0,58.0,72.0,0.0,43.0,0.0,0.0,0.0,68.0,0.0,63.0,409.0,54.0,395.0,64.0,0.0,24.0,394.0,86.0,24.0,64.0,76.0,41.0,399.0,64.0,0.0,52.0,0.0,45.0,25.0
0.0,34.0,0.0,32.0,0.0,0.0,0.0,0.0,0.0,72.0,0.0,0.0,0.0,0.0,0.0,377.0,0.0,0.0,0.0,0.0,0.0,416.0,0.0,0.0,64.0,0.0,35.0,0.0,36.0,0.0,0.0,0.0,0.0,0.0,0.0,0.0,0.0,86.0,0.0,0.0,0.0,0.0,0.0,0.0,0.0,38.0,0.0,389.0,23.0,0.0,33.0,0.0,0.0,0.0,0.0,0.0,0.0,0.0,0.0,0.0,0.0,0.0,0.0,0.0,0.0,51.0,0.0,53.0,39.0,0.0,22.0,368.0,0.0,7.0,0.0,0.0,0.0,0.0,49.0,0.0,0.0,0.0,0.0,0.0,0.0,0.0,0.0,29.0,0.0,0.0,0.0,0.0,0.0,45.0,0.0,0.0,67.0,0.0,0.0,0.0
65.0,42.0,56.0,54.0,413.0,28.0,0.0,0.0,79.0,0.0,55.0,64.0,0.0,66.0,44.0,0.0,0.0,365.0,20.0,0.0,13.0,38.0,26.0,42.0,38.0,0.0,4.0,27.0,28.0,34.0,0.0,40.0,39.0,25.0,36.0,0.0,29.0,63.0,0.0,62.0,54.0,0.0,0.0,387.0,0.0,0.0,78.0,0.0,59.0,38.0,15.0,0.0,31.0,35.0,0.0,0.0,61.0,56.0,77.0,0.0,0.0,0.0,31.0,86.0,0.0,45.0,45.0,3.0,0.0,68.0,414.0,0.0,407.0,65.0,50.0,0.0,0.0,15.0,55.0,24.0,0.0,61.0,0.0,77.0,35.0,36.0,58.0,89.0,87.0,63.0,71.0,429.0,0.0,43.0,0.0,31.0,34.0,22.0,0.0,33.0
15.0,420.0,0.0,0.0,55.0,59.0,0.0,0.0,83.0,0.0,0.0,0.0,0.0,0.0,0.0,0.0,41.0,27.0,63.0,0.0,0.0,0.0,59.0,39.0,0.0,81.0,0.0,0.0,19.0,0.0,42.0,0.0,0.0,0.0,10.0,0.0,0.0,48.0,0.0,45.0,0.0,68.0,0.0,0.0,80.0,0.0,0.0,92.0,0.0,0.0,0.0,0.0,0.0,0.0,55.0,0.0,0.0,0.0,0.0,0.0,0.0,0.0,0.0,57.0,0.0,30.0,71.0,0.0,0.0,0.0,0.0,0.0,0.0,14.0,0.0,66.0,0.0,0.0,0.0,0.0,0.0,0.0,66.0,34.0,0.0,45.0,95.0,0.0,0.0,39.0,0.0,0.0,36.0,0.0,40.0,0.0,42.0,0.0,0.0,96.0
62.0,397.0,23.0,12.0,0.0,61.0,0.0,55.0,21.0,56.0,0.0,90.0,0.0,55.0,0.0,17.0,70.0,70.0,400.0,0.0,87.0,0.0,51.0,33.0,45.0,60.0,0.0,35.0,93.0,410.0,81.0,57.0,46.0,25.0,64.0,419.0,0.0,38.0,77.0,77.0,67.0,62.0,27.0,0.0,71.0,0.0,5.0,48.0,0.0,77.0,48.0,0.0,0.0,60.0,403.0,44.0,0.0,57.0,419.0,96.0,19.0,0.0,40.0,84.0,0.0,0.0,27.0,31.0,42.0,39.0,72.0,377.0,0.0,5.0,8.0,29.0,0.0,36.0,54.0,73.0,36.0,34.0,38.0,34.0,0.0,34.0,25.0,30.0,18.0,0.0,371.0,407.0,89.0,40.0,34.0,91.0,22.0,63.0,54.0,0.0
79.0,38.0,424.0,53.0,26.0,55.0,3.0,379.0,61.0,62.0,55.0,25.0,43.0,0.0,370.0,0.0,0.0,29.0,46.0,0.0,0.0,0.0,96.0,36.0,50.0,437.0,42.0,0.0,45.0,0.0,0.0,0.0,0.0,19.0,368.0,414.0,397.0,397.0,34.0,58.0,55.0,74.0,17.0,34.0,34.0,0.0,84.0,61.0,48.0,0.0,415.0,39.0,65.0,0.0,29.0,0.0,47.0,0.0,24.0,36.0,34.0,0.0,38.0,76.0,0.0,0.0,0.0,32.0,80.0,76.0,66.0,87.0,42.0,40.0,0.0,54.0,0.0,0.0,76.0,49.0,99.0,0.0,37.0,57.0,26.0,0.0,0.0,71.0,0.0,0.0,45.0,23.0,58.0,49.0,37.0,51.0,62.0,0.0,34.0,20.0
0.0,49.0,56.0,0.0,0.0,0.0,0.0,32.0,51.0,0.0,70.0,0.0,35.0,0.0,0.0,0.0,0.0,59.0,44.0,35.0,67.0,0.0,91.0,0.0,64.0,51.0,0.0,70.0,76.0,35.0,0.0,0.0,26.0,71.0,0.0,425.0,97.0,77.0,0.0,89.0,52.0,0.0,0.0,59.0,55.0,44.0,0.0,362.0,0.0,57.0,53.0,0.0,86.0,50.0,0.0,0.0,71.0,0.0,52.0,76.0,0.0,69.0,393.0,0.0,55.0,0.0,64.0,62.0,36.0,0.0,420.0,0.0,0.0,36.0,59.0,68.0,70.0,0.0,24.0,0.0,0.0,0.0,0.0,55.0,12.0,37.0,36.0,20.0,63.0,0.0,64.0,0.0,396.0,47.0,0.0,48.0,74.0,0.0,42.0,0.0
35.0,20.0,55.0,52.0,390.0,63.0,34.0,71.0,27.0,21.0,82.0,27.0,77.0,25.0,15.0,0.0,47.0,0.0,439.0,20.0,6.0,406.0,31.0,53.0,23.0,63.0,6.0,81.0,33.0,42.0,404.0,27.0,23.0,52.0,38.0,14.0,33.0,28.0,44.0,373.0,413.0,67.0,0.0,65.0,60.0,58.0,0.0,47.0,16.0,0.0,48.0,77.0,80.0,51.0,0.0,380.0,73.0,86.0,74.0,0.0,63.0,38.0,72.0,408.0,54.0,42.0,45.0,51.0,54.0,58.0,57.0,443.0,0.0,62.0,80.0,0.0,383.0,38.0,65.0,47.0,33.0,54.0,72.0,72.0,95.0,31.0,52.0,75.0,54.0,0.0,40.0,54.0,96.0,55.0,54.0,66.0,46.0,75.0,374.0,18.0
0.0,0.0,0.0,0.0,0.0,0.0,0.0,0.0,0.0,0.0,0.0,362.0,0.0,0.0,0.0,0.0,0.0,0.0,0.0,0.0,0.0,0.0,0.0,0.0,0.0,0.0,0.0,0.0,0.0,0.0,0.0,0.0,81.0,0.0,0.0,0.0,0.0,33.0,0.0,0.0,0.0,0.0,0.0,0.0,0.0,0.0,27.0,0.0,0.0,0.0,0.0,0.0,0.0,0.0,57.0,0.0,0.0,0.0,0.0,0.0,0.0,0.0,0.0,2.0,69.0,0.0,0.0,0.0,0.0,0.0,0.0,0.0,0.0,0.0,0.0,0.0,39.0,0.0,0.0,0.0,0.0,0.0,0.0,0.0,0.0,0.0,69.0,57.0,0.0,0.0,0.0,0.0,0.0,0.0,0.0,49.0,0.0,0.0,0.0,0.0
0.0,0.0,0.0,0.0,0.0,0.0,0.0,0.0,0.0,0.0,0.0,0.0,0.0,0.0,0.0,0.0,33.0,0.0,0.0,0.0,0.0,0.0,0.0,0.0,48.0,0.0,0.0,0.0,0.0,0.0,34.0,0.0,0.0,10.0,0.0,359.0,0.0,0.0,0.0,0.0,0.0,0.0,0.0,65.0,42.0,0.0,0.0,0.0,0.0,77.0,0.0,0.0,0.0,0.0,0.0,0.0,0.0,77.0,0.0,0.0,414.0,0.0,0.0,0.0,0.0,0.0,0.0,82.0,0.0,0.0,0.0,16.0,0.0,60.0,0.0,0.0,0.0,0.0,0.0,0.0,32.0,0.0,0.0,0.0,91.0,0.0,4.0,0.0,0.0,0.0,0.0,59.0,0.0,0.0,32.0,66.0,0.0,0.0,0.0,0.0
49.0,21.0,0.0,89.0,0.0,62.0,67.0,0.0,55.0,0.0,0.0,74.0,370.0,0.0,56.0,0.0,0.0,406.0,0.0,0.0,0.0,404.0,0.0,46.0,0.0,64.0,0.0,0.0,369.0,63.0,0.0,91.0,0.0,38.0,0.0,84.0,77.0,71.0,30.0,53.0,74.0,0.0,0.0,64.0,0.0,0.0,60.0,417.0,65.0,0.0,0.0,62.0,0.0,52.0,27.0,69.0,85.0,43.0,43.0,52.0,0.0,0.0,33.0,62.0,71.0,73.0,0.0,20.0,0.0,0.0,44.0,24.0,404.0,0.0,0.0,10.0,67.0,36.0,47.0,0.0,43.0,65.0,27.0,90.0,0.0,0.0,0.0,0.0,0.0,52.0,421.0,66.0,0.0,0.0,0.0,0.0,55.0,77.0,418.0,0.0
0.0,50.0,0.0,0.0,0.0,0.0,0.0,32.0,0.0,60.0,0.0,0.0,59.0,0.0,0.0,0.0,0.0,20.0,0.0,0.0,26.0,0.0,0.0,0.0,0.0,43.0,0.0,0.0,0.0,0.0,48.0,0.0,0.0,0.0,0.0,57.0,35.0,0.0,0.0,58.0,52.0,60.0,0.0,0.0,66.0,54.0,0.0,0.0,0.0,7.0,0.0,0.0,0.0,0.0,0.0,0.0,0.0,38.0,0.0,44.0,0.0,0.0,0.0,43.0,0.0,0.0,0.0,360.0,0.0,0.0,54.0,0.0,41.0,83.0,0.0,0.0,41.0,29.0,61.0,20.0,25.0,37.0,0.0,0.0,16.0,0.0,0.0,0.0,99.0,62.0,0.0,0.0,387.0,390.0,0.0,30.0,0.0,0.0,0.0,0.0
0.0,52.0,42.0,44.0,0.0,40.0,0.0,47.0,44.0,26.0,0.0,0.0,50.0,0.0,72.0,0.0,0.0,86.0,83.0,0.0,0.0,10.0,0.0,71.0,0.0,34.0,69.0,25.0,66.0,0.0,0.0,56.0,69.0,0.0,37.0,0.0,0.0,80.0,442.0,88.0,24.0,0.0,0.0,0.0,37.0,391.0,83.0,0.0,0.0,21.0,0.0,44.0,0.0,36.0,0.0,0.0,0.0,95.0,79.0,0.0,406.0,79.0,0.0,0.0,67.0,0.0,0.0,0.0,0.0,0.0,70.0,0.0,0.0,0.0,88.0,0.0,70.0,51.0,0.0,0.0,12.0,0.0,0.0,57.0,32.0,42.0,0.0,32.0,0.0,0.0,23.0,0.0,0.0,0.0,26.0,34.0,0.0,0.0,65.0,0.0
0.0,0.0,0.0,0.0,0.0,0.0,0.0,0.0,0.0,0.0,0.0,0.0,0.0,0.0,0.0,0.0,0.0,0.0,0.0,0.0,0.0,0.0,0.0,0.0,0.0,0.0,0.0,0.0,0.0,0.0,0.0,0.0,0.0,0.0,62.0,0.0,74.0,0.0,0.0,0.0,0.0,43.0,0.0,30.0,36.0,0.0,87.0,0.0,0.0,0.0,31.0,49.0,41.0,0.0,0.0,70.0,0.0,0.0,0.0,0.0,56.0,38.0,69.0,0.0,78.0,0.0,63.0,0.0,0.0,0.0,0.0,0.0,0.0,0.0,0.0,2.0,0.0,0.0,400.0,0.0,0.0,0.0,82.0,20.0,0.0,0.0,0.0,0.0,0.0,0.0,0.0,36.0,0.0,0.0,0.0,0.0,0.0,0.0,0.0,0.0
71.0,0.0,63.0,398.0,9.0,0.0,387.0,30.0,95.0,392.0,17.0,53.0,0.0,29.0,84.0,357.0,2.0,418.0,33.0,0.0,38.0,39.0,61.0,54.0,0.0,61.0,382.0,57.0,81.0,0.0,416.0,376.0,75.0,75.0,38.0,55.0,31.0,96.0,38.0,15.0,0.0,50.0,31.0,413.0,67.0,0.0,71.0,76.0,88.0,44.0,83.0,57.0,71.0,19.0,427.0,14.0,0.0,39.0,50.0,0.0,69.0,82.0,432.0,59.0,399.0,60.0,30.0,0.0,76.0,60.0,0.0,29.0,418.0,51.0,37.0,31.0,86.0,60.0,49.0,53.0,84.0,5.0,98.0,29.0,49.0,61.0,95.0,0.0,39.0,82.0,63.0,79.0,32.0,74.0,0.0,14.0,0.0,398.0,368.0,42.0
44.0,61.0,0.0,447.0,0.0,6.0,37.0,70.0,64.0,47.0,0.0,0.0,0.0,73.0,59.0,70.0,0.0,0.0,0.0,0.0,46.0,41.0,10.0,0.0,0.0,0.0,0.0,0.0,64.0,63.0,60.0,4.0,28.0,0.0,0.0,0.0,395.0,58.0,0.0,0.0,63.0,38.0,63.0,64.0,0.0,70.0,28.0,0.0,63.0,0.0,24.0,0.0,0.0,42.0,0.0,33.0,82.0,0.0,0.0,35.0,0.0,0.0,0.0,91.0,0.0,0.0,0.0,53.0,0.0,0.0,62.0,36.0,0.0,0.0,0.0,0.0,0.0,0.0,6.0,62.0,0.0,0.0,0.0,32.0,0.0,46.0,0.0,0.0,0.0,0.0,0.0,0.0,89.0,0.0,55.0,0.0,0.0,48.0,0.0,39.0
0.0,76.0,79.0,80.0,70.0,28.0,60.0,88.0,43.0,12.0,24.0,58.0,52.0,73.0,57.0,29.0,31.0,71.0,30.0,25.0,0.0,30.0,63.0,49.0,44.0,7.0,0.0,51.0,413.0,58.0,418.0,77.0,56.0,53.0,60.0,23.0,0.0,70.0,8.0,44.0,52.0,94.0,0.0,382.0,427.0,41.0,34.0,53.0,67.0,43.0,47.0,0.0,51.0,443.0,17.0,416.0,0.0,25.0,386.0,11.0,52.0,431.0,59.0,56.0,34.0,52.0,63.0,0.0,43.0,0.0,79.0,413.0,438.0,56.0,59.0,29.0,54.0,41.0,54.0,35.0,56.0,0.0,77.0,0.0,41.0,12.0,0.0,67.0,34.0,0.0,39.0,54.0,56.0,76.0,62.0,55.0,76.0,412.0,87.0,46.0
50.0,37.0,72.0,42.0,394.0,65.0,0.0,58.0,0.0,78.0,0.0,0.0,88.0,89.0,7.0,0.0,62.0,0.0,27.0,370.0,69.0,56.0,42.0,78.0,13.0,0.0,95.0,0.0,47.0,55.0,62.0,36.0,78.0,96.0,69.0,60.0,0.0,37.0,0.0,16.0,39.0,43.0,93.0,13.0,0.0,19.0,62.0,41.0,83.0,37.0,73.0,23.0,426.0,77.0,43.0,34.0,58.0,53.0,90.0,41.0,31.0,63.0,85.0,53.0,359.0,63.0,82.0,58.0,44.0,74.0,0.0,47.0,69.0,0.0,5.0,38.0,62.0,42.0,22.0,43.0,94.0,51.0,409.0,66.0,69.0,23.0,61.0,66.0,27.0,51.0,52.0,28.0,58.0,0.0,41.0,0.0,76.0,16.0,41.0,71.0
42.0,401.0,92.0,39.0,0.0,76.0,0.0,0.0,91.0,62.0,0.0,28.0,31.0,58.0,0.0,0.0,31.0,0.0,0.0,79.0,366.0,61.0,0.0,0.0,0.0,0.0,0.0,0.0,0.0,0.0,94.0,404.0,77.0,0.0,39.0,33.0,0.0,0.0,0.0,76.0,0.0,0.0,0.0,0.0,0.0,43.0,0.0,0.0,0.0,0.0,0.0,0.0,0.0,40.0,26.0,38.0,27.0,0.0,28.0,55.0,66.0,0.0,0.0,38.0,79.0,48.0,13.0,39.0,0.0,83.0,0.0,71.0,13.0,0.0,36.0,70.0,19.0,0.0,42.0,50.0,0.0,28.0,0.0,21.0,96.0,0.0,6.0,0.0,0.0,61.0,0.0,404.0,76.0,390.0,61.0,21.0,0.0,23.0,42.0,50.0
58.0,25.0,78.0,11.0,0.0,0.0,0.0,36.0,52.0,0.0,0.0,0.0,55.0,50.0,0.0,0.0,34.0,0.0,29.0,0.0,0.0,0.0,64.0,23.0,0.0,31.0,0.0,0.0,58.0,0.0,0.0,0.0,0.0,412.0,46.0,61.0,0.0,13.0,81.0,52.0,0.0,66.0,44.0,0.0,0.0,0.0,0.0,0.0,0.0,0.0,87.0,0.0,65.0,0.0,26.0,0.0,16.0,0.0,63.0,0.0,71.0,0.0,0.0,46.0,0.0,39.0,0.0,0.0,0.0,32.0,0.0,0.0,0.0,61.0,0.0,0.0,28.0,0.0,71.0,0.0,18.0,0.0,0.0,0.0,0.0,0.0,0.0,0.0,32.0,50.0,0.0,402.0,0.0,0.0,54.0,0.0,0.0,0.0,80.0,0.0
0.0,0.0,0.0,0.0,59.0,0.0,53.0,34.0,47.0,0.0,351.0,0.0,398.0,36.0,0.0,0.0,0.0,25.0,0.0,0.0,82.0,21.0,55.0,0.0,0.0,80.0,49.0,0.0,42.0,0.0,0.0,43.0,28.0,0.0,0.0,0.0,10.0,0.0,0.0,0.0,0.0,0.0,0.0,0.0,0.0,57.0,0.0,0.0,0.0,38.0,48.0,67.0,0.0,37.0,0.0,54.0,0.0,61.0,0.0,21.0,35.0,0.0,67.0,0.0,0.0,0.0,0.0,0.0,0.0,56.0,24.0,0.0,385.0,48.0,46.0,0.0,0.0,39.0,430.0,0.0,73.0,0.0,0.0,0.0,0.0,40.0,0.0,68.0,0.0,93.0,67.0,56.0,406.0,58.0,0.0,84.0,7.0,0.0,0.0,10.0
0.0,66.0,38.0,84.0,76.0,50.0,60.0,53.0,22.0,45.0,17.0,83.0,424.0,70.0,40.0,0.0,52.0,0.0,78.0,0.0,21.0,0.0,74.0,28.0,0.0,48.0,57.0,70.0,0.0,0.0,10.0,0.0,0.0,0.0,82.0,66.0,0.0,31.0,419.0,28.0,59.0,86.0,40.0,49.0,92.0,0.0,80.0,95.0,38.0,0.0,0.0,376.0,77.0,0.0,60.0,0.0,29.0,0.0,0.0,0.0,99.0,47.0,92.0,64.0,0.0,75.0,29.0,59.0,46.0,36.0,0.0,62.0,76.0,67.0,0.0,81.0,14.0,51.0,89.0,28.0,62.0,75.0,0.0,78.0,60.0,0.0,1.0,3.0,0.0,48.0,71.0,83.0,0.0,0.0,14.0,29.0,0.0,23.0,43.0,66.0
46.0,26.0,0.0,0.0,32.0,0.0,11.0,0.0,443.0,26.0,58.0,66.0,37.0,79.0,79.0,38.0,428.0,40.0,21.0,372.0,83.0,91.0,0.0,25.0,0.0,64.0,87.0,384.0,46.0,48.0,0.0,40.0,0.0,72.0,44.0,42.0,0.0,57.0,15.0,51.0,16.0,85.0,0.0,71.0,56.0,39.0,45.0,85.0,71.0,16.0,40.0,54.0,22.0,69.0,0.0,51.0,37.0,80.0,81.0,47.0,47.0,424.0,60.0,0.0,61.0,56.0,32.0,65.0,39.0,48.0,78.0,96.0,50.0,0.0,26.0,379.0,36.0,430.0,37.0,31.0,88.0,0.0,21.0,47.0,0.0,55.0,30.0,48.0,34.0,64.0,43.0,58.0,64.0,41.0,51.0,0.0,0.0,75.0,25.0,74.0
90.0,81.0,0.0,40.0,18.0,46.0,9.0,14.0,60.0,0.0,94.0,0.0,0.0,19.0,34.0,25.0,375.0,416.0,0.0,43.0,58.0,15.0,19.0,38.0,0.0,0.0,0.0,68.0,68.0,41.0,357.0,379.0,25.0,0.0,65.0,409.0,74.0,81.0,40.0,10.0,59.0,0.0,0.0,81.0,45.0,51.0,0.0,0.0,54.0,37.0,56.0,42.0,0.0,61.0,0.0,33.0,0.0,0.0,74.0,400.0,60.0,54.0,28.0,64.0,83.0,0.0,396.0,0.0,53.0,55.0,78.0,77.0,19.0,39.0,25.0,56.0,13.0,38.0,42.0,444.0,62.0,32.0,0.0,26.0,71.0,33.0,34.0,24.0,71.0,54.0,58.0,38.0,42.0,0.0,31.0,58.0,35.0,368.0,86.0,41.0
92.0,16.0,39.0,70.0,75.0,80.0,23.0,0.0,53.0,70.0,59.0,411.0,36.0,27.0,66.0,47.0,0.0,40.0,22.0,37.0,15.0,76.0,23.0,19.0,0.0,22.0,0.0,54.0,78.0,0.0,79.0,0.0,57.0,45.0,0.0,52.0,22.0,66.0,30.0,39.0,34.0,76.0,0.0,72.0,12.0,42.0,43.0,60.0,35.0,25.0,88.0,28.0,0.0,59.0,89.0,43.0,82.0,0.0,33.0,40.0,69.0,39.0,428.0,76.0,46.0,44.0,0.0,394.0,43.0,26.0,0.0,0.0,90.0,26.0,0.0,410.0,83.0,31.0,62.0,74.0,96.0,67.0,37.0,0.0,38.0,81.0,68.0,29.0,53.0,55.0,51.0,47.0,64.0,71.0,47.0,33.0,38.0,45.0,8.0,447.0
0.0,53.0,0.0,62.0,34.0,69.0,8.0,51.0,49.0,27.0,48.0,58.0,66.0,1.0,77.0,0.0,47.0,49.0,58.0,52.0,89.0,63.0,46.0,88.0,82.0,16.0,62.0,54.0,47.0,58.0,44.0,406.0,56.0,47.0,91.0,0.0,0.0,86.0,51.0,18.0,45.0,0.0,39.0,55.0,31.0,34.0,25.0,75.0,46.0,53.0,82.0,52.0,48.0,31.0,21.0,64.0,0.0,13.0,22.0,84.0,33.0,39.0,95.0,55.0,56.0,28.0,0.0,89.0,33.0,20.0,72.0,21.0,31.0,55.0,18.0,24.0,51.0,61.0,395.0,440.0,63.0,58.0,49.0,37.0,69.0,26.0,39.0,425.0,9.0,24.0,93.0,20.0,68.0,53.0,74.0,0.0,54.0,93.0,44.0,0.0
0.0,0.0,0.0,75.0,32.0,0.0,0.0,0.0,0.0,0.0,0.0,0.0,0.0,0.0,0.0,0.0,43.0,0.0,0.0,60.0,25.0,74.0,42.0,438.0,0.0,0.0,0.0,375.0,0.0,0.0,32.0,35.0,53.0,39.0,0.0,0.0,0.0,0.0,0.0,46.0,0.0,73.0,46.0,0.0,0.0,0.0,0.0,0.0,0.0,0.0,0.0,11.0,0.0,0.0,53.0,0.0,26.0,0.0,377.0,415.0,381.0,73.0,36.0,0.0,0.0,62.0,0.0,0.0,0.0,12.0,0.0,0.0,0.0,0.0,34.0,0.0,0.0,0.0,43.0,57.0,0.0,388.0,0.0,403.0,0.0,56.0,0.0,0.0,0.0,0.0,47.0,0.0,56.0,85.0,0.0,0.0,0.0,33.0,0.0,0.0
0.0,57.0,45.0,61.0,0.0,0.0,79.0,0.0,37.0,41.0,72.0,0.0,0.0,45.0,413.0,41.0,68.0,54.0,0.0,0.0,419.0,0.0,78.0,0.0,60.0,67.0,0.0,47.0,22.0,38.0,37.0,87.0,41.0,0.0,0.0,68.0,45.0,0.0,50.0,0.0,25.0,85.0,0.0,57.0,0.0,30.0,65.0,0.0,0.0,407.0,25.0,389.0,0.0,21.0,51.0,391.0,49.0,17.0,18.0,66.0,0.0,32.0,53.0,15.0,16.0,0.0,0.0,31.0,22.0,21.0,66.0,26.0,0.0,81.0,0.0,0.0,70.0,47.0,33.0,0.0,10.0,54.0,64.0,45.0,44.0,40.0,415.0,54.0,23.0,0.0,0.0,7.0,0.0,45.0,0.0,92.0,0.0,0.0,399.0,22.0
46.0,77.0,0.0,35.0,46.0,373.0,0.0,0.0,0.0,0.0,0.0,74.0,0.0,43.0,0.0,0.0,0.0,0.0,0.0,58.0,0.0,0.0,85.0,74.0,0.0,391.0,1.0,0.0,0.0,0.0,0.0,0.0,0.0,24.0,0.0,0.0,59.0,365.0,0.0,0.0,0.0,93.0,14.0,90.0,58.0,0.0,70.0,0.0,0.0,50.0,0.0,82.0,0.0,0.0,82.0,389.0,46.0,409.0,29.0,0.0,0.0,378.0,0.0,0.0,0.0,87.0,27.0,0.0,0.0,0.0,86.0,376.0,0.0,93.0,0.0,93.0,52.0,0.0,0.0,59.0,0.0,33.0,0.0,31.0,74.0,63.0,0.0,0.0,0.0,34.0,0.0,68.0,0.0,0.0,0.0,0.0,0.0,0.0,0.0,23.0
0.0,0.0,0.0,30.0,0.0,0.0,0.0,45.0,0.0,0.0,87.0,0.0,0.0,0.0,20.0,0.0,0.0,0.0,411.0,366.0,0.0,0.0,0.0,0.0,71.0,0.0,0.0,37.0,0.0,0.0,0.0,0.0,75.0,0.0,0.0,0.0,0.0,0.0,0.0,0.0,0.0,29.0,0.0,381.0,0.0,74.0,0.0,0.0,0.0,30.0,0.0,0.0,0.0,16.0,0.0,0.0,0.0,60.0,33.0,0.0,60.0,0.0,0.0,0.0,0.0,0.0,0.0,0.0,0.0,0.0,24.0,0.0,0.0,0.0,0.0,0.0,0.0,0.0,75.0,378.0,0.0,38.0,0.0,0.0,0.0,0.0,0.0,409.0,14.0,69.0,0.0,0.0,49.0,0.0,92.0,53.0,0.0,32.0,0.0,0.0
61.0,43.0,41.0,0.0,0.0,0.0,29.0,0.0,397.0,415.0,65.0,88.0,59.0,71.0,47.0,46.0,0.0,377.0,30.0,0.0,0.0,57.0,22.0,0.0,84.0,43.0,96.0,72.0,35.0,42.0,43.0,86.0,0.0,27.0,52.0,61.0,0.0,0.0,0.0,0.0,0.0,0.0,76.0,370.0,0.0,0.0,65.0,43.0,0.0,0.0,0.0,73.0,0.0,50.0,419.0,34.0,0.0,59.0,63.0,84.0,426.0,37.0,56.0,57.0,63.0,0.0,40.0,372.0,53.0,90.0,0.0,47.0,22.0,377.0,40.0,0.0,0.0,51.0,72.0,400.0,83.0,0.0,374.0,0.0,0.0,0.0,0.0,0.0,40.0,51.0,41.0,0.0,0.0,407.0,0.0,81.0,52.0,7.0,33.0,36.0
409.0,90.0,25.0,0.0,32.0,21.0,61.0,384.0,0.0,0.0,0.0,71.0,35.0,386.0,30.0,0.0,82.0,72.0,24.0,28.0,0.0,79.0,33.0,0.0,39.0,51.0,0.0,54.0,0.0,93.0,414.0,0.0,37.0,98.0,47.0,32.0,0.0,26.0,60.0,59.0,63.0,0.0,405.0,31.0,0.0,0.0,26.0,11.0,0.0,93.0,6.0,72.0,70.0,0.0,20.0,30.0,18.0,18.0,0.0,46.0,12.0,413.0,79.0,52.0,0.0,24.0,70.0,28.0,30.0,3.0,50.0,0.0,78.0,0.0,0.0,377.0,58.0,48.0,29.0,49.0,0.0,78.0,28.0,23.0,39.0,40.0,38.0,81.0,66.0,61.0,0.0,32.0,0.0,0.0,389.0,79.0,53.0,0.0,39.0,0.0
0.0,0.0,397.0,0.0,99.0,0.0,0.0,61.0,37.0,60.0,397.0,0.0,32.0,0.0,0.0,87.0,405.0,54.0,0.0,6.0,0.0,0.0,67.0,0.0,23.0,85.0,73.0,0.0,70.0,60.0,56.0,0.0,39.0,40.0,40.0,68.0,53.0,18.0,4.0,71.0,66.0,69.0,0.0,30.0,29.0,33.0,71.0,0.0,40.0,83.0,41.0,0.0,36.0,21.0,86.0,68.0,40.0,0.0,0.0,89.0,78.0,0.0,28.0,53.0,0.0,23.0,41.0,71.0,85.0,45.0,65.0,69.0,70.0,0.0,0.0,94.0,89.0,43.0,33.0,35.0,0.0,58.0,0.0,0.0,67.0,69.0,67.0,0.0,77.0,25.0,75.0,20.0,3.0,69.0,21.0,0.0,3.0,51.0,72.0,0.0
33.0,44.0,36.0,87.0,39.0,77.0,69.0,18.0,29.0,42.0,21.0,0.0,0.0,10.0,53.0,45.0,76.0,43.0,66.0,78.0,0.0,31.0,83.0,26.0,69.0,44.0,62.0,0.0,0.0,19.0,77.0,0.0,37.0,57.0,0.0,55.0,0.0,85.0,0.0,37.0,0.0,68.0,60.0,0.0,68.0,51.0,428.0,67.0,19.0,59.0,22.0,395.0,37.0,76.0,3.0,0.0,56.0,11.0,0.0,94.0,49.0,23.0,0.0,0.0,31.0,77.0,48.0,392.0,80.0,428.0,0.0,64.0,0.0,44.0,42.0,0.0,27.0,63.0,24.0,0.0,85.0,0.0,366.0,58.0,409.0,73.0,34.0,56.0,79.0,39.0,92.0,33.0,60.0,443.0,63.0,0.0,75.0,99.0,29.0,389.0
52.0,67.0,0.0,43.0,392.0,0.0,78.0,74.0,0.0,0.0,0.0,27.0,65.0,0.0,43.0,73.0,0.0,38.0,0.0,0.0,51.0,413.0,59.0,0.0,57.0,35.0,63.0,0.0,0.0,390.0,41.0,55.0,0.0,44.0,0.0,64.0,0.0,0.0,0.0,0.0,0.0,0.0,406.0,55.0,0.0,54.0,0.0,28.0,35.0,48.0,30.0,56.0,0.0,17.0,0.0,26.0,53.0,35.0,94.0,46.0,0.0,0.0,0.0,0.0,28.0,0.0,0.0,42.0,0.0,50.0,75.0,0.0,64.0,67.0,42.0,42.0,0.0,33.0,35.0,58.0,0.0,58.0,0.0,75.0,0.0,0.0,0.0,56.0,0.0,0.0,0.0,0.0,0.0,0.0,0.0,0.0,0.0,22.0,70.0,0.0
39.0,54.0,0.0,39.0,38.0,58.0,44.0,57.0,0.0,0.0,29.0,36.0,63.0,405.0,59.0,41.0,38.0,63.0,0.0,28.0,15.0,54.0,395.0,58.0,62.0,51.0,50.0,0.0,61.0,440.0,84.0,31.0,58.0,401.0,45.0,27.0,76.0,80.0,90.0,0.0,73.0,8.0,33.0,13.0,28.0,0.0,0.0,69.0,78.0,60.0,57.0,0.0,73.0,27.0,88.0,61.0,78.0,71.0,381.0,33.0,56.0,79.0,46.0,429.0,57.0,71.0,22.0,0.0,99.0,0.0,23.0,40.0,40.0,74.0,37.0,0.0,37.0,47.0,75.0,0.0,38.0,34.0,0.0,63.0,382.0,54.0,52.0,0.0,0.0,67.0,87.0,53.0,32.0,0.0,26.0,21.0,0.0,0.0,0.0,0.0
0.0,0.0,0.0,0.0,0.0,0.0,0.0,0.0,0.0,0.0,0.0,0.0,0.0,0.0,0.0,0.0,0.0,0.0,0.0,0.0,0.0,61.0,0.0,0.0,0.0,0.0,0.0,0.0,0.0,0.0,0.0,0.0,0.0,0.0,0.0,0.0,0.0,0.0,0.0,0.0,0.0,0.0,0.0,400.0,0.0,0.0,0.0,0.0,0.0,0.0,0.0,0.0,0.0,398.0,0.0,0.0,0.0,0.0,0.0,0.0,0.0,0.0,0.0,0.0,0.0,0.0,0.0,0.0,0.0,0.0,0.0,0.0,0.0,382.0,0.0,0.0,53.0,0.0,34.0,0.0,0.0,0.0,0.0,0.0,8.0,0.0,0.0,60.0,0.0,0.0,0.0,51.0,0.0,0.0,423.0,0.0,0.0,0.0,0.0,0.0
76.0,11.0,0.0,69.0,0.0,54.0,0.0,26.0,0.0,0.0,54.0,0.0,31.0,0.0,0.0,0.0,71.0,0.0,0.0,0.0,0.0,0.0,88.0,0.0,0.0,0.0,49.0,0.0,0.0,0.0,0.0,0.0,0.0,54.0,0.0,48.0,77.0,30.0,404.0,0.0,0.0,24.0,0.0,0.0,38.0,33.0,0.0,0.0,0.0,0.0,0.0,12.0,68.0,0.0,0.0,0.0,0.0,84.0,0.0,0.0,0.0,0.0,0.0,0.0,50.0,36.0,0.0,0.0,0.0,0.0,0.0,0.0,0.0,0.0,34.0,0.0,43.0,0.0,0.0,89.0,45.0,0.0,0.0,57.0,64.0,0.0,55.0,0.0,15.0,0.0,0.0,0.0,53.0,0.0,0.0,0.0,0.0,30.0,0.0,0.0
46.0,0.0,83.0,17.0,56.0,85.0,16.0,0.0,90.0,66.0,75.0,72.0,46.0,39.0,0.0,49.0,55.0,48.0,62.0,49.0,0.0,81.0,42.0,56.0,0.0,64.0,0.0,28.0,42.0,0.0,49.0,83.0,0.0,7.0,61.0,29.0,47.0,92.0,14.0,24.0,56.0,51.0,0.0,94.0,62.0,73.0,62.0,443.0,0.0,78.0,81.0,45.0,34.0,45.0,32.0,37.0,0.0,60.0,76.0,50.0,55.0,27.0,0.0,0.0,16.0,26.0,43.0,0.0,54.0,0.0,75.0,46.0,52.0,49.0,22.0,28.0,54.0,67.0,0.0,368.0,0.0,32.0,71.0,46.0,0.0,35.0,32.0,81.0,0.0,25.0,0.0,44.0,86.0,18.0,45.0,72.0,28.0,65.0,65.0,53.0
0.0,0.0,84.0,55.0,80.0,0.0,0.0,0.0,399.0,0.0,0.0,69.0,54.0,68.0,0.0,87.0,0.0,430.0,78.0,29.0,60.0,8.0,48.0,0.0,0.0,0.0,0.0,1.0,51.0,0.0,26.0,0.0,432.0,391.0,0.0,10.0,50.0,0.0,0.0,41.0,45.0,0.0,64.0,0.0,29.0,0.0,47.0,0.0,39.0,0.0,59.0,96.0,0.0,44.0,0.0,25.0,37.0,24.0,40.0,28.0,33.0,36.0,0.0,33.0,77.0,0.0,37.0,40.0,12.0,72.0,46.0,0.0,77.0,91.0,0.0,72.0,73.0,18.0,32.0,0.0,390.0,31.0,423.0,0.0,0.0,392.0,0.0,0.0,424.0,72.0,33.0,58.0,0.0,0.0,21.0,0.0,38.0,85.0,0.0,402.0
59.0,89.0,448.0,368.0,415.0,364.0,58.0,35.0,73.0,64.0,5.0,45.0,65.0,67.0,367.0,74.0,50.0,381.0,403.0,73.0,79.0,61.0,394.0,55.0,5.0,55.0,9.0,18.0,58.0,47.0,16.0,52.0,23.0,415.0,58.0,41.0,45.0,62.0,73.0,62.0,94.0,47.0,48.0,59.0,41.0,390.0,60.0,49.0,61.0,48.0,0.0,48.0,388.0,38.0,0.0,85.0,60.0,407.0,5.0,79.0,87.0,66.0,0.0,77.0,45.0,25.0,46.0,371.0,25.0,79.0,28.0,22.0,91.0,25.0,417.0,89.0,62.0,72.0,19.0,29.0,51.0,41.0,62.0,49.0,21.0,70.0,40.0,63.0,40.0,46.0,22.0,51.0,48.0,48.0,384.0,40.0,55.0,0.0,0.0,62.0
0.0,0.0,0.0,0.0,0.0,0.0,0.0,0.0,0.0,0.0,0.0,0.0,0.0,0.0,0.0,0.0,0.0,72.0,42.0,0.0,0.0,0.0,0.0,0.0,65.0,68.0,24.0,0.0,0.0,0.0,0.0,0.0,0.0,58.0,0.0,0.0,0.0,45.0,0.0,0.0,0.0,49.0,0.0,0.0,0.0,0.0,0.0,0.0,0.0,69.0,0.0,0.0,0.0,0.0,0.0,0.0,0.0,0.0,0.0,0.0,0.0,0.0,52.0,0.0,64.0,0.0,385.0,0.0,0.0,0.0,54.0,48.0,0.0,40.0,56.0,97.0,0.0,0.0,0.0,85.0,0.0,69.0,25.0,0.0,0.0,39.0,42.0,41.0,0.0,0.0,0.0,76.0,0.0,39.0,87.0,0.0,0.0,0.0,0.0,0.0
59.0,0.0,51.0,0.0,0.0,48.0,401.0,15.0,26.0,5.0,73.0,0.0,61.0,0.0,0.0,63.0,385.0,0.0,51.0,62.0,0.0,0.0,0.0,31.0,61.0,15.0,0.0,65.0,10.0,0.0,50.0,44.0,0.0,0.0,49.0,0.0,380.0,0.0,55.0,366.0,0.0,14.0,0.0,0.0,52.0,364.0,0.0,35.0,51.0,79.0,91.0,0.0,0.0,87.0,74.0,0.0,53.0,0.0,0.0,0.0,0.0,0.0,0.0,0.0,78.0,394.0,38.0,36.0,33.0,73.0,0.0,62.0,0.0,28.0,43.0,392.0,49.0,51.0,0.0,39.0,0.0,0.0,52.0,82.0,0.0,0.0,0.0,8.0,0.0,0.0,18.0,87.0,49.0,0.0,77.0,0.0,12.0,46.0,0.0,62.0
0.0,0.0,0.0,0.0,0.0,0.0,0.0,0.0,0.0,0.0,0.0,0.0,386.0,0.0,0.0,25.0,38.0,0.0,0.0,53.0,0.0,0.0,0.0,0.0,0.0,0.0,0.0,0.0,0.0,0.0,0.0,0.0,0.0,0.0,377.0,0.0,0.0,0.0,0.0,0.0,0.0,0.0,0.0,0.0,0.0,0.0,0.0,0.0,0.0,0.0,0.0,0.0,0.0,0.0,0.0,0.0,0.0,0.0,0.0,31.0,0.0,0.0,0.0,0.0,0.0,0.0,56.0,0.0,86.0,62.0,0.0,0.0,0.0,0.0,0.0,80.0,0.0,0.0,0.0,0.0,0.0,396.0,0.0,0.0,0.0,0.0,0.0,0.0,0.0,44.0,0.0,0.0,0.0,0.0,0.0,0.0,0.0,0.0,0.0,0.0
0.0,0.0,0.0,42.0,0.0,0.0,0.0,0.0,0.0,37.0,0.0,0.0,0.0,0.0,0.0,72.0,0.0,0.0,0.0,38.0,55.0,0.0,362.0,0.0,0.0,0.0,0.0,65.0,0.0,0.0,0.0,76.0,0.0,0.0,0.0,16.0,8.0,0.0,0.0,54.0,0.0,0.0,0.0,0.0,46.0,0.0,0.0,0.0,0.0,0.0,0.0,0.0,0.0,26.0,0.0,0.0,0.0,43.0,0.0,65.0,0.0,449.0,0.0,0.0,0.0,0.0,0.0,0.0,0.0,36.0,0.0,0.0,0.0,375.0,0.0,23.0,0.0,0.0,0.0,64.0,26.0,23.0,0.0,0.0,32.0,0.0,0.0,0.0,34.0,85.0,47.0,0.0,402.0,17.0,0.0,26.0,30.0,18.0,0.0,0.0
0.0,47.0,0.0,72.0,0.0,72.0,0.0,78.0,60.0,22.0,0.0,22.0,88.0,0.0,63.0,17.0,38.0,412.0,0.0,0.0,0.0,62.0,0.0,16.0,90.0,44.0,0.0,26.0,0.0,46.0,0.0,89.0,0.0,392.0,45.0,41.0,0.0,58.0,63.0,87.0,59.0,0.0,32.0,0.0,80.0,30.0,43.0,0.0,74.0,85.0,44.0,38.0,54.0,58.0,0.0,0.0,391.0,26.0,39.0,35.0,0.0,0.0,0.0,0.0,70.0,0.0,58.0,38.0,0.0,94.0,0.0,403.0,0.0,60.0,0.0,0.0,75.0,33.0,5.0,0.0,0.0,45.0,73.0,0.0,0.0,48.0,0.0,0.0,0.0,0.0,69.0,0.0,58.0,0.0,0.0,0.0,0.0,91.0,44.0,82.0
65.0,29.0,45.0,37.0,404.0,52.0,0.0,0.0,15.0,35.0,6.0,8.0,20.0,0.0,0.0,50.0,75.0,28.0,0.0,0.0,0.0,0.0,19.0,57.0,26.0,24.0,0.0,0.0,388.0,26.0,0.0,0.0,0.0,0.0,35.0,0.0,0.0,46.0,28.0,0.0,58.0,0.0,49.0,47.0,70.0,385.0,0.0,63.0,377.0,35.0,0.0,27.0,0.0,52.0,0.0,86.0,0.0,19.0,58.0,57.0,0.0,8.0,77.0,0.0,47.0,53.0,70.0,40.0,411.0,1.0,29.0,71.0,58.0,0.0,17.0,0.0,15.0,45.0,0.0,37.0,84.0,0.0,37.0,42.0,63.0,0.0,3.0,0.0,0.0,97.0,55.0,26.0,0.0,0.0,35.0,70.0,17.0,0.0,0.0,409.0
0.0,405.0,0.0,0.0,383.0,58.0,54.0,0.0,0.0,0.0,0.0,0.0,0.0,0.0,0.0,0.0,0.0,7.0,0.0,371.0,0.0,0.0,0.0,0.0,0.0,0.0,0.0,0.0,0.0,0.0,0.0,0.0,0.0,0.0,0.0,0.0,0.0,0.0,0.0,0.0,0.0,86.0,0.0,0.0,0.0,0.0,0.0,54.0,0.0,0.0,0.0,73.0,0.0,0.0,0.0,0.0,0.0,0.0,0.0,53.0,0.0,0.0,57.0,0.0,380.0,0.0,0.0,0.0,0.0,0.0,24.0,0.0,0.0,0.0,0.0,0.0,0.0,46.0,0.0,0.0,0.0,2.0,0.0,0.0,0.0,0.0,0.0,0.0,0.0,0.0,0.0,0.0,0.0,69.0,0.0,0.0,0.0,0.0,0.0,0.0
0.0,88.0,426.0,81.0,7.0,43.0,0.0,0.0,45.0,58.0,0.0,52.0,49.0,21.0,0.0,54.0,58.0,0.0,64.0,57.0,32.0,67.0,48.0,46.0,33.0,0.0,52.0,46.0,0.0,48.0,16.0,0.0,0.0,0.0,28.0,28.0,0.0,0.0,0.0,69.0,80.0,99.0,66.0,69.0,0.0,0.0,0.0,65.0,42.0,59.0,34.0,0.0,0.0,0.0,388.0,38.0,0.0,383.0,0.0,91.0,46.0,86.0,79.0,0.0,74.0,0.0,92.0,53.0,0.0,0.0,0.0,49.0,34.0,0.0,16.0,51.0,0.0,47.0,0.0,0.0,0.0,46.0,0.0,38.0,63.0,0.0,20.0,82.0,23.0,56.0,0.0,0.0,49.0,386.0,43.0,0.0,372.0,0.0,54.0,44.0
77.0,47.0,0.0,47.0,0.0,0.0,0.0,0.0,0.0,0.0,21.0,0.0,0.0,0.0,0.0,0.0,0.0,0.0,0.0,0.0,0.0,0.0,0.0,70.0,0.0,0.0,0.0,0.0,0.0,0.0,0.0,0.0,0.0,0.0,43.0,0.0,0.0,0.0,0.0,0.0,0.0,0.0,0.0,0.0,0.0,0.0,0.0,0.0,0.0,0.0,0.0,0.0,0.0,0.0,0.0,0.0,0.0,0.0,0.0,0.0,0.0,0.0,0.0,0.0,0.0,0.0,61.0,0.0,0.0,0.0,0.0,22.0,0.0,57.0,63.0,0.0,0.0,0.0,0.0,0.0,0.0,0.0,0.0,0.0,0.0,0.0,0.0,0.0,0.0,0.0,39.0,0.0,0.0,0.0,0.0,0.0,0.0,49.0,0.0,56.0
58.0,84.0,65.0,49.0,438.0,34.0,371.0,35.0,81.0,0.0,71.0,0.0,0.0,0.0,37.0,82.0,55.0,0.0,28.0,15.0,415.0,47.0,25.0,48.0,33.0,27.0,32.0,0.0,56.0,45.0,66.0,71.0,425.0,65.0,82.0,0.0,57.0,72.0,42.0,77.0,90.0,23.0,92.0,35.0,35.0,51.0,382.0,82.0,48.0,33.0,359.0,10.0,38.0,0.0,0.0,396.0,0.0,37.0,70.0,0.0,0.0,26.0,85.0,39.0,49.0,56.0,24.0,362.0,0.0,0.0,41.0,386.0,0.0,26.0,0.0,0.0,41.0,0.0,0.0,39.0,404.0,71.0,79.0,47.0,39.0,40.0,71.0,62.0,79.0,64.0,0.0,11.0,395.0,78.0,51.0,36.0,77.0,68.0,90.0,39.0
74.0,0.0,0.0,69.0,0.0,0.0,0.0,0.0,0.0,0.0,0.0,52.0,0.0,0.0,44.0,0.0,0.0,0.0,363.0,0.0,0.0,0.0,71.0,68.0,63.0,0.0,0.0,0.0,0.0,0.0,0.0,82.0,40.0,0.0,41.0,24.0,0.0,0.0,0.0,0.0,0.0,0.0,0.0,0.0,0.0,0.0,0.0,0.0,0.0,0.0,0.0,0.0,0.0,0.0,0.0,26.0,66.0,77.0,0.0,0.0,0.0,0.0,0.0,0.0,0.0,0.0,0.0,55.0,0.0,0.0,67.0,72.0,0.0,0.0,44.0,48.0,0.0,0.0,0.0,0.0,0.0,45.0,0.0,0.0,0.0,0.0,59.0,0.0,0.0,41.0,0.0,0.0,55.0,0.0,0.0,52.0,0.0,0.0,0.0,0.0
69.0,0.0,31.0,31.0,31.0,0.0,66.0,0.0,0.0,391.0,0.0,54.0,404.0,16.0,77.0,0.0,41.0,25.0,70.0,58.0,16.0,66.0,13.0,46.0,39.0,74.0,374.0,39.0,20.0,23.0,0.0,52.0,32.0,64.0,52.0,391.0,59.0,0.0,72.0,12.0,54.0,70.0,48.0,0.0,20.0,48.0,59.0,91.0,38.0,12.0,24.0,79.0,8.0,60.0,16.0,50.0,71.0,52.0,28.0,68.0,49.0,34.0,0.0,17.0,0.0,25.0,91.0,53.0,38.0,29.0,62.0,48.0,89.0,41.0,51.0,65.0,33.0,429.0,14.0,5.0,56.0,83.0,64.0,58.0,0.0,54.0,382.0,0.0,0.0,49.0,7.0,45.0,71.0,0.0,75.0,24.0,32.0,80.0,49.0,49.0
0.0,0.0,0.0,0.0,0.0,50.0,0.0,0.0,0.0,0.0,16.0,0.0,0.0,0.0,54.0,0.0,0.0,0.0,21.0,0.0,0.0,12.0,0.0,0.0,0.0,0.0,0.0,0.0,0.0,0.0,0.0,0.0,0.0,0.0,0.0,66.0,0.0,0.0,0.0,0.0,0.0,0.0,0.0,0.0,0.0,0.0,0.0,0.0,0.0,0.0,0.0,0.0,84.0,92.0,0.0,0.0,0.0,0.0,0.0,0.0,0.0,0.0,0.0,0.0,48.0,41.0,0.0,0.0,0.0,0.0,0.0,0.0,0.0,0.0,0.0,0.0,0.0,0.0,0.0,0.0,0.0,0.0,0.0,0.0,40.0,0.0,0.0,0.0,0.0,0.0,0.0,0.0,0.0,0.0,0.0,0.0,0.0,0.0,50.0,0.0
0.0,0.0,38.0,0.0,0.0,0.0,0.0,0.0,0.0,0.0,0.0,0.0,0.0,0.0,0.0,0.0,0.0,0.0,0.0,0.0,0.0,72.0,0.0,0.0,361.0,0.0,0.0,0.0,65.0,0.0,0.0,0.0,0.0,0.0,0.0,14.0,46.0,0.0,83.0,386.0,0.0,0.0,0.0,0.0,86.0,0.0,0.0,0.0,0.0,0.0,93.0,0.0,0.0,0.0,0.0,0.0,36.0,0.0,0.0,0.0,0.0,0.0,0.0,0.0,0.0,43.0,0.0,0.0,0.0,0.0,0.0,0.0,0.0,53.0,0.0,0.0,0.0,0.0,0.0,0.0,43.0,0.0,0.0,0.0,0.0,0.0,0.0,0.0,58.0,50.0,0.0,0.0,0.0,0.0,0.0,0.0,28.0,0.0,0.0,15.0
0.0,33.0,0.0,33.0,0.0,60.0,0.0,0.0,0.0,394.0,32.0,0.0,0.0,55.0,0.0,0.0,0.0,0.0,0.0,0.0,0.0,0.0,0.0,0.0,0.0,0.0,0.0,0.0,57.0,0.0,426.0,0.0,0.0,0.0,0.0,82.0,33.0,53.0,42.0,75.0,0.0,45.0,0.0,0.0,0.0,38.0,35.0,0.0,45.0,0.0,0.0,0.0,0.0,0.0,0.0,0.0,0.0,0.0,0.0,0.0,0.0,0.0,0.0,0.0,0.0,0.0,0.0,0.0,0.0,0.0,0.0,0.0,0.0,0.0,0.0,0.0,29.0,0.0,0.0,32.0,0.0,38.0,0.0,0.0,0.0,0.0,0.0,0.0,0.0,0.0,0.0,0.0,82.0,0.0,0.0,0.0,72.0,43.0,22.0,0.0
33.0,67.0,23.0,53.0,48.0,377.0,0.0,77.0,74.0,0.0,27.0,47.0,387.0,49.0,34.0,57.0,0.0,52.0,39.0,51.0,38.0,94.0,49.0,56.0,4.0,387.0,82.0,71.0,0.0,48.0,0.0,13.0,38.0,59.0,9.0,45.0,61.0,31.0,33.0,65.0,59.0,36.0,0.0,92.0,56.0,43.0,71.0,41.0,65.0,30.0,66.0,65.0,438.0,79.0,22.0,22.0,48.0,42.0,58.0,50.0,0.0,0.0,0.0,0.0,95.0,0.0,0.0,38.0,38.0,84.0,24.0,62.0,404.0,16.0,393.0,67.0,0.0,62.0,0.0,52.0,23.0,50.0,18.0,0.0,77.0,31.0,19.0,70.0,65.0,83.0,4.0,19.0,0.0,53.0,36.0,43.0,0.0,62.0,53.0,25.0
382.0,79.0,61.0,0.0,49.0,0.0,79.0,49.0,0.0,48.0,29.0,0.0,36.0,0.0,0.0,15.0,55.0,0.0,0.0,48.0,0.0,0.0,361.0,0.0,0.0,0.0,47.0,49.0,0.0,61.0,0.0,0.0,0.0,60.0,0.0,0.0,61.0,0.0,0.0,0.0,0.0,0.0,0.0,0.0,46.0,40.0,34.0,0.0,0.0,0.0,84.0,38.0,0.0,13.0,0.0,0.0,93.0,0.0,49.0,0.0,0.0,0.0,0.0,54.0,47.0,0.0,72.0,0.0,57.0,0.0,0.0,24.0,32.0,27.0,0.0,0.0,0.0,67.0,0.0,56.0,0.0,70.0,0.0,40.0,0.0,36.0,0.0,0.0,0.0,412.0,0.0,0.0,0.0,0.0,56.0,62.0,0.0,52.0,390.0,12.0
0.0,50.0,33.0,0.0,0.0,0.0,398.0,45.0,0.0,388.0,0.0,38.0,50.0,0.0,0.0,0.0,84.0,0.0,20.0,0.0,393.0,80.0,388.0,0.0,0.0,91.0,0.0,0.0,53.0,0.0,0.0,0.0,46.0,47.0,35.0,0.0,58.0,0.0,0.0,75.0,0.0,49.0,81.0,0.0,433.0,414.0,0.0,91.0,37.0,0.0,386.0,0.0,0.0,0.0,12.0,0.0,0.0,0.0,0.0,0.0,33.0,0.0,0.0,0.0,0.0,55.0,0.0,0.0,0.0,32.0,0.0,417.0,0.0,68.0,0.0,41.0,28.0,0.0,10.0,38.0,25.0,376.0,0.0,0.0,40.0,0.0,76.0,0.0,403.0,0.0,36.0,0.0,26.0,0.0,34.0,0.0,407.0,0.0,0.0,0.0
0.0,0.0,449.0,421.0,42.0,0.0,40.0,67.0,0.0,0.0,33.0,0.0,0.0,0.0,64.0,0.0,0.0,0.0,0.0,0.0,0.0,0.0,0.0,34.0,0.0,0.0,0.0,54.0,0.0,0.0,50.0,0.0,0.0,0.0,0.0,0.0,0.0,0.0,0.0,0.0,0.0,0.0,0.0,45.0,0.0,39.0,0.0,0.0,0.0,36.0,0.0,0.0,40.0,0.0,0.0,0.0,0.0,0.0,0.0,48.0,45.0,0.0,23.0,0.0,0.0,49.0,0.0,0.0,0.0,0.0,70.0,0.0,0.0,0.0,49.0,0.0,0.0,0.0,0.0,0.0,0.0,0.0,71.0,45.0,0.0,0.0,0.0,9.0,0.0,0.0,384.0,18.0,0.0,0.0,0.0,0.0,91.0,0.0,0.0,0.0
1.0,10.0,0.0,23.0,45.0,0.0,47.0,0.0,66.0,33.0,374.0,66.0,1.0,57.0,0.0,27.0,21.0,30.0,45.0,0.0,41.0,0.0,0.0,29.0,58.0,0.0,39.0,45.0,87.0,0.0,0.0,50.0,60.0,60.0,62.0,371.0,48.0,64.0,0.0,68.0,0.0,21.0,66.0,70.0,0.0,60.0,0.0,47.0,73.0,86.0,0.0,0.0,0.0,411.0,0.0,80.0,73.0,49.0,44.0,81.0,30.0,0.0,0.0,93.0,0.0,91.0,38.0,77.0,66.0,0.0,0.0,90.0,78.0,33.0,63.0,48.0,0.0,38.0,44.0,57.0,40.0,41.0,0.0,30.0,79.0,45.0,76.0,54.0,0.0,53.0,0.0,75.0,415.0,0.0,74.0,91.0,48.0,24.0,72.0,0.0
0.0,0.0,0.0,50.0,0.0,56.0,0.0,45.0,0.0,0.0,27.0,0.0,86.0,0.0,0.0,62.0,0.0,0.0,0.0,0.0,0.0,81.0,0.0,42.0,46.0,0.0,0.0,0.0,0.0,0.0,0.0,0.0,45.0,0.0,0.0,0.0,0.0,0.0,0.0,49.0,0.0,57.0,83.0,0.0,0.0,0.0,0.0,0.0,0.0,0.0,0.0,0.0,0.0,0.0,0.0,0.0,0.0,0.0,0.0,40.0,0.0,0.0,0.0,0.0,0.0,0.0,39.0,0.0,0.0,60.0,0.0,0.0,0.0,0.0,0.0,0.0,0.0,45.0,0.0,0.0,0.0,0.0,0.0,43.0,0.0,0.0,0.0,72.0,0.0,0.0,0.0,0.0,0.0,0.0,0.0,0.0,0.0,0.0,0.0,0.0
71.0,0.0,0.0,0.0,0.0,40.0,0.0,0.0,0.0,0.0,21.0,0.0,0.0,0.0,0.0,0.0,0.0,0.0,0.0,0.0,0.0,25.0,0.0,6.0,69.0,38.0,0.0,81.0,0.0,0.0,35.0,0.0,0.0,0.0,34.0,0.0,0.0,0.0,36.0,0.0,13.0,0.0,0.0,0.0,0.0,0.0,67.0,0.0,0.0,0.0,0.0,78.0,0.0,15.0,0.0,0.0,88.0,0.0,0.0,360.0,0.0,0.0,0.0,0.0,0.0,0.0,0.0,78.0,0.0,0.0,0.0,0.0,0.0,0.0,0.0,0.0,0.0,0.0,12.0,0.0,53.0,0.0,0.0,0.0,0.0,0.0,0.0,0.0,0.0,0.0,0.0,0.0,0.0,0.0,0.0,50.0,0.0,393.0,0.0,0.0
49.0,28.0,46.0,11.0,31.0,39.0,33.0,42.0,53.0,32.0,26.0,0.0,79.0,0.0,70.0,0.0,0.0,0.0,45.0,55.0,92.0,0.0,49.0,0.0,61.0,56.0,73.0,12.0,0.0,69.0,0.0,432.0,19.0,41.0,0.0,39.0,0.0,0.0,55.0,71.0,30.0,15.0,33.0,53.0,55.0,63.0,49.0,0.0,91.0,0.0,48.0,54.0,67.0,0.0,0.0,0.0,65.0,50.0,50.0,0.0,45.0,68.0,56.0,48.0,0.0,0.0,44.0,4.0,41.0,0.0,0.0,0.0,51.0,0.0,0.0,89.0,26.0,0.0,33.0,0.0,0.0,15.0,0.0,87.0,0.0,0.0,0.0,0.0,0.0,54.0,48.0,2.0,83.0,0.0,13.0,61.0,55.0,0.0,404.0,61.0
0.0,62.0,0.0,7.0,66.0,0.0,0.0,80.0,0.0,61.0,45.0,62.0,28.0,73.0,34.0,3.0,435.0,36.0,0.0,0.0,81.0,389.0,0.0,425.0,44.0,0.0,65.0,0.0,0.0,36.0,53.0,37.0,0.0,19.0,0.0,0.0,64.0,0.0,35.0,0.0,0.0,394.0,72.0,71.0,60.0,0.0,58.0,56.0,0.0,78.0,0.0,57.0,43.0,69.0,33.0,46.0,0.0,58.0,0.0,0.0,20.0,49.0,56.0,0.0,0.0,61.0,26.0,0.0,0.0,73.0,34.0,8.0,0.0,37.0,0.0,0.0,61.0,33.0,60.0,0.0,93.0,0.0,52.0,0.0,34.0,0.0,36.0,93.0,0.0,49.0,45.0,37.0,45.0,11.0,56.0,0.0,46.0,0.0,0.0,0.0
0.0,0.0,46.0,79.0,0.0,0.0,33.0,0.0,65.0,0.0,0.0,0.0,0.0,27.0,0.0,0.0,0.0,0.0,0.0,0.0,0.0,0.0,0.0,408.0,0.0,0.0,0.0,0.0,71.0,0.0,0.0,0.0,0.0,397.0,0.0,0.0,0.0,0.0,0.0,0.0,0.0,0.0,0.0,0.0,0.0,84.0,0.0,0.0,0.0,0.0,41.0,85.0,0.0,0.0,51.0,0.0,366.0,0.0,0.0,371.0,31.0,0.0,0.0,0.0,95.0,0.0,0.0,72.0,0.0,0.0,0.0,0.0,0.0,37.0,0.0,0.0,0.0,0.0,0.0,8.0,0.0,0.0,0.0,0.0,0.0,0.0,0.0,0.0,0.0,66.0,67.0,0.0,0.0,67.0,0.0,0.0,33.0,0.0,0.0,46.0
417.0,44.0,24.0,70.0,14.0,29.0,93.0,0.0,0.0,54.0,67.0,60.0,43.0,36.0,70.0,9.0,28.0,58.0,98.0,97.0,27.0,25.0,56.0,390.0,66.0,84.0,34.0,59.0,386.0,13.0,48.0,67.0,69.0,430.0,22.0,54.0,19.0,37.0,40.0,92.0,8.0,98.0,20.0,34.0,72.0,0.0,23.0,0.0,34.0,37.0,0.0,67.0,50.0,50.0,388.0,62.0,371.0,64.0,92.0,0.0,90.0,44.0,39.0,38.0,403.0,28.0,18.0,51.0,33.0,76.0,29.0,65.0,0.0,96.0,81.0,0.0,0.0,40.0,37.0,75.0,0.0,0.0,54.0,51.0,21.0,24.0,407.0,49.0,60.0,29.0,75.0,82.0,32.0,0.0,89.0,0.0,76.0,47.0,423.0,97.0
73.0,0.0,33.0,30.0,86.0,63.0,27.0,0.0,21.0,65.0,0.0,0.0,0.0,0.0,61.0,69.0,0.0,39.0,353.0,38.0,71.0,54.0,49.0,49.0,391.0,37.0,42.0,35.0,30.0,38.0,30.0,18.0,76.0,0.0,46.0,22.0,0.0,10.0,66.0,37.0,38.0,62.0,66.0,65.0,73.0,46.0,36.0,0.0,54.0,0.0,67.0,49.0,68.0,32.0,67.0,56.0,0.0,74.0,0.0,0.0,0.0,70.0,0.0,73.0,354.0,52.0,0.0,0.0,67.0,397.0,17.0,387.0,43.0,16.0,0.0,73.0,37.0,0.0,409.0,0.0,26.0,0.0,416.0,16.0,37.0,0.0,40.0,51.0,66.0,82.0,64.0,48.0,27.0,49.0,14.0,93.0,60.0,39.0,44.0,47.0
49.0,15.0,21.0,63.0,65.0,52.0,4.0,392.0,421.0,49.0,40.0,31.0,77.0,54.0,30.0,80.0,24.0,38.0,19.0,18.0,15.0,0.0,48.0,80.0,88.0,0.0,79.0,404.0,59.0,0.0,26.0,12.0,32.0,69.0,405.0,51.0,407.0,84.0,393.0,76.0,56.0,8.0,13.0,36.0,23.0,44.0,22.0,8.0,29.0,65.0,61.0,48.0,0.0,39.0,99.0,0.0,46.0,48.0,9.0,67.0,61.0,16.0,20.0,23.0,388.0,82.0,415.0,44.0,64.0,369.0,381.0,47.0,0.0,0.0,29.0,63.0,44.0,23.0,0.0,13.0,71.0,404.0,79.0,65.0,31.0,60.0,32.0,85.0,33.0,45.0,33.0,67.0,425.0,60.0,58.0,55.0,18.0,62.0,65.0,0.0
0.0,65.0,0.0,47.0,65.0,67.0,0.0,59.0,97.0,23.0,0.0,32.0,27.0,45.0,22.0,31.0,37.0,0.0,0.0,401.0,92.0,53.0,433.0,24.0,5.0,42.0,33.0,0.0,15.0,18.0,0.0,39.0,68.0,0.0,49.0,19.0,0.0,55.0,354.0,0.0,0.0,38.0,36.0,399.0,58.0,78.0,46.0,97.0,54.0,0.0,0.0,0.0,0.0,0.0,29.0,0.0,0.0,71.0,23.0,46.0,0.0,0.0,0.0,18.0,85.0,55.0,82.0,70.0,39.0,55.0,81.0,0.0,65.0,56.0,37.0,0.0,24.0,62.0,0.0,0.0,0.0,45.0,0.0,74.0,67.0,59.0,0.0,17.0,0.0,76.0,75.0,53.0,65.0,40.0,0.0,58.0,61.0,63.0,0.0,0.0
0.0,22.0,436.0,0.0,0.0,22.0,43.0,38.0,1.0,0.0,397.0,61.0,20.0,0.0,0.0,66.0,81.0,28.0,66.0,72.0,76.0,0.0,0.0,92.0,0.0,24.0,76.0,36.0,40.0,31.0,0.0,58.0,79.0,41.0,373.0,4.0,47.0,87.0,25.0,76.0,3.0,70.0,33.0,55.0,19.0,65.0,0.0,93.0,43.0,52.0,0.0,25.0,40.0,0.0,52.0,0.0,0.0,50.0,22.0,0.0,0.0,432.0,448.0,20.0,57.0,77.0,0.0,47.0,0.0,0.0,49.0,24.0,44.0,25.0,0.0,57.0,32.0,433.0,50.0,42.0,0.0,34.0,73.0,54.0,45.0,50.0,15.0,0.0,0.0,433.0,56.0,76.0,44.0,39.0,0.0,37.0,71.0,57.0,0.0,61.0
69.0,0.0,0.0,68.0,386.0,0.0,0.0,0.0,22.0,27.0,0.0,373.0,0.0,0.0,22.0,65.0,0.0,40.0,12.0,0.0,16.0,34.0,0.0,0.0,84.0,0.0,374.0,48.0,0.0,23.0,86.0,48.0,0.0,0.0,0.0,0.0,51.0,0.0,0.0,77.0,0.0,69.0,0.0,0.0,0.0,10.0,0.0,9.0,402.0,59.0,0.0,0.0,0.0,397.0,46.0,0.0,42.0,79.0,42.0,71.0,0.0,16.0,0.0,69.0,40.0,50.0,0.0,23.0,410.0,0.0,33.0,0.0,0.0,0.0,40.0,28.0,0.0,0.0,0.0,0.0,0.0,0.0,43.0,0.0,0.0,0.0,89.0,88.0,0.0,45.0,0.0,0.0,0.0,0.0,418.0,90.0,0.0,0.0,27.0,62.0
408.0,0.0,0.0,55.0,0.0,0.0,67.0,16.0,0.0,46.0,39.0,0.0,68.0,16.0,42.0,29.0,25.0,48.0,0.0,0.0,27.0,37.0,73.0,92.0,0.0,55.0,67.0,77.0,76.0,44.0,31.0,0.0,1.0,0.0,370.0,0.0,77.0,63.0,0.0,0.0,63.0,0.0,35.0,0.0,425.0,0.0,39.0,60.0,36.0,67.0,63.0,76.0,19.0,82.0,41.0,0.0,67.0,64.0,48.0,35.0,0.0,81.0,25.0,47.0,0.0,0.0,71.0,56.0,45.0,33.0,0.0,53.0,39.0,0.0,0.0,43.0,44.0,94.0,51.0,0.0,71.0,45.0,0.0,6.0,396.0,54.0,47.0,30.0,0.0,78.0,0.0,89.0,86.0,45.0,39.0,396.0,0.0,11.0,0.0,48.0
0.0,0.0,0.0,24.0,52.0,80.0,0.0,0.0,0.0,0.0,0.0,0.0,422.0,0.0,0.0,15.0,0.0,0.0,0.0,0.0,0.0,0.0,0.0,63.0,21.0,0.0,0.0,446.0,0.0,0.0,66.0,59.0,0.0,0.0,407.0,30.0,0.0,0.0,0.0,0.0,0.0,0.0,0.0,0.0,0.0,53.0,0.0,0.0,0.0,0.0,0.0,0.0,64.0,0.0,0.0,0.0,0.0,0.0,0.0,64.0,0.0,26.0,0.0,0.0,0.0,0.0,58.0,0.0,87.0,0.0,71.0,0.0,0.0,0.0,0.0,0.0,0.0,0.0,0.0,53.0,52.0,0.0,0.0,0.0,0.0,0.0,0.0,0.0,0.0,0.0,0.0,0.0,0.0,0.0,56.0,0.0,0.0,27.0,52.0,0.0
0.0,0.0,0.0,0.0,0.0,0.0,0.0,0.0,48.0,0.0,0.0,0.0,6.0,0.0,0.0,0.0,0.0,0.0,17.0,0.0,81.0,70.0,0.0,0.0,0.0,9.0,0.0,409.0,94.0,0.0,0.0,0.0,58.0,0.0,0.0,0.0,0.0,0.0,0.0,0.0,0.0,0.0,43.0,26.0,0.0,0.0,0.0,0.0,0.0,0.0,0.0,0.0,0.0,0.0,0.0,0.0,0.0,0.0,83.0,0.0,0.0,0.0,0.0,0.0,0.0,0.0,0.0,0.0,0.0,0.0,0.0,0.0,0.0,0.0,0.0,98.0,0.0,31.0,0.0,23.0,0.0,0.0,45.0,25.0,0.0,0.0,0.0,0.0,0.0,0.0,0.0,0.0,0.0,0.0,0.0,0.0,74.0,0.0,0.0,0.0
0.0,0.0,61.0,27.0,61.0,0.0,0.0,0.0,0.0,71.0,0.0,87.0,422.0,0.0,51.0,91.0,0.0,0.0,30.0,27.0,0.0,0.0,0.0,33.0,80.0,72.0,0.0,0.0,67.0,0.0,0.0,42.0,0.0,0.0,53.0,0.0,59.0,29.0,0.0,0.0,0.0,0.0,0.0,0.0,0.0,0.0,60.0,0.0,91.0,0.0,0.0,0.0,67.0,0.0,42.0,0.0,0.0,0.0,0.0,0.0,0.0,0.0,0.0,0.0,0.0,28.0,0.0,49.0,411.0,393.0,0.0,0.0,62.0,0.0,0.0,0.0,0.0,0.0,0.0,404.0,71.0,63.0,0.0,78.0,62.0,0.0,18.0,13.0,0.0,0.0,0.0,33.0,79.0,0.0,407.0,47.0,0.0,0.0,0.0,0.0
0.0,0.0,53.0,0.0,0.0,95.0,20.0,0.0,0.0,45.0,46.0,0.0,29.0,0.0,34.0,0.0,21.0,51.0,30.0,0.0,69.0,89.0,0.0,0.0,0.0,0.0,394.0,0.0,19.0,54.0,0.0,0.0,0.0,0.0,77.0,66.0,0.0,0.0,24.0,0.0,0.0,20.0,0.0,0.0,65.0,0.0,0.0,0.0,0.0,0.0,390.0,75.0,0.0,0.0,0.0,0.0,75.0,0.0,0.0,84.0,0.0,0.0,0.0,0.0,0.0,0.0,0.0,83.0,75.0,0.0,62.0,29.0,0.0,17.0,0.0,0.0,0.0,0.0,74.0,85.0,34.0,0.0,0.0,22.0,46.0,0.0,0.0,0.0,51.0,0.0,421.0,16.0,23.0,0.0,0.0,0.0,52.0,0.0,388.0,0.0
0.0,0.0,0.0,0.0,0.0,0.0,0.0,0.0,54.0,0.0,0.0,0.0,0.0,0.0,0.0,0.0,0.0,0.0,65.0,0.0,0.0,15.0,0.0,0.0,0.0,0.0,0.0,0.0,0.0,0.0,0.0,0.0,0.0,0.0,0.0,0.0,0.0,0.0,0.0,79.0,0.0,50.0,0.0,0.0,0.0,0.0,0.0,399.0,0.0,0.0,86.0,0.0,0.0,0.0,0.0,0.0,0.0,0.0,0.0,0.0,0.0,0.0,79.0,0.0,31.0,37.0,41.0,0.0,0.0,0.0,0.0,0.0,0.0,0.0,0.0,0.0,0.0,0.0,42.0,0.0,0.0,0.0,0.0,0.0,0.0,0.0,0.0,0.0,0.0,0.0,35.0,0.0,0.0,0.0,0.0,0.0,0.0,0.0,0.0,0.0
34.0,0.0,42.0,0.0,20.0,68.0,65.0,58.0,55.0,418.0,0.0,443.0,0.0,37.0,396.0,0.0,63.0,44.0,0.0,23.0,70.0,405.0,88.0,34.0,66.0,31.0,48.0,48.0,0.0,45.0,54.0,28.0,0.0,24.0,0.0,381.0,8.0,24.0,71.0,0.0,31.0,76.0,35.0,78.0,30.0,444.0,27.0,64.0,0.0,56.0,75.0,19.0,59.0,61.0,89.0,42.0,0.0,99.0,47.0,15.0,37.0,42.0,0.0,43.0,3.0,46.0,47.0,58.0,69.0,79.0,21.0,391.0,0.0,64.0,69.0,28.0,60.0,47.0,14.0,94.0,75.0,60.0,0.0,92.0,26.0,18.0,0.0,85.0,0.0,0.0,388.0,34.0,51.0,38.0,56.0,387.0,55.0,34.0,399.0,0.0
0.0,0.0,0.0,0.0,19.0,75.0,0.0,0.0,0.0,0.0,0.0,0.0,52.0,0.0,0.0,0.0,0.0,54.0,0.0,76.0,51.0,0.0,0.0,0.0,0.0,0.0,0.0,0.0,0.0,415.0,0.0,0.0,0.0,0.0,0.0,0.0,0.0,0.0,0.0,0.0,24.0,0.0,0.0,56.0,0.0,0.0,0.0,0.0,0.0,0.0,73.0,0.0,0.0,50.0,0.0,0.0,16.0,0.0,0.0,82.0,0.0,0.0,0.0,0.0,0.0,0.0,0.0,56.0,0.0,64.0,0.0,0.0,65.0,60.0,61.0,0.0,0.0,0.0,86.0,41.0,0.0,50.0,22.0,0.0,0.0,0.0,28.0,0.0,0.0,0.0,0.0,0.0,0.0,0.0,0.0,0.0,0.0,0.0,28.0,0.0
0.0,62.0,54.0,48.0,44.0,0.0,40.0,68.0,44.0,73.0,29.0,0.0,42.0,85.0,19.0,0.0,23.0,7.0,38.0,53.0,0.0,95.0,45.0,0.0,0.0,0.0,95.0,60.0,71.0,78.0,428.0,19.0,20.0,30.0,37.0,33.0,68.0,54.0,40.0,0.0,52.0,26.0,0.0,378.0,49.0,405.0,33.0,59.0,33.0,0.0,0.0,70.0,41.0,59.0,33.0,86.0,0.0,0.0,38.0,0.0,417.0,46.0,0.0,65.0,0.0,0.0,50.0,0.0,56.0,66.0,28.0,0.0,69.0,31.0,0.0,39.0,23.0,0.0,54.0,0.0,425.0,0.0,0.0,35.0,63.0,83.0,0.0,59.0,49.0,48.0,0.0,28.0,46.0,40.0,64.0,0.0,56.0,84.0,0.0,53.0
0.0,0.0,0.0,0.0,25.0,0.0,0.0,63.0,37.0,0.0,0.0,0.0,0.0,0.0,0.0,0.0,0.0,0.0,0.0,0.0,0.0,0.0,0.0,0.0,65.0,0.0,0.0,53.0,0.0,0.0,0.0,0.0,0.0,0.0,0.0,0.0,0.0,0.0,0.0,0.0,0.0,0.0,0.0,0.0,0.0,404.0,67.0,0.0,27.0,0.0,0.0,0.0,0.0,13.0,0.0,34.0,0.0,39.0,0.0,0.0,0.0,0.0,0.0,0.0,0.0,75.0,50.0,0.0,97.0,0.0,85.0,0.0,0.0,0.0,0.0,74.0,0.0,0.0,0.0,0.0,0.0,0.0,0.0,0.0,0.0,0.0,0.0,0.0,0.0,0.0,0.0,0.0,0.0,0.0,0.0,75.0,0.0,62.0,0.0,18.0
0.0,0.0,61.0,0.0,55.0,41.0,63.0,0.0,23.0,61.0,48.0,41.0,52.0,0.0,62.0,82.0,38.0,0.0,0.0,0.0,0.0,0.0,0.0,0.0,0.0,0.0,0.0,423.0,0.0,33.0,0.0,0.0,0.0,0.0,367.0,88.0,0.0,78.0,0.0,371.0,0.0,391.0,86.0,0.0,64.0,0.0,0.0,0.0,49.0,66.0,0.0,0.0,66.0,9.0,44.0,65.0,19.0,55.0,22.0,88.0,41.0,17.0,42.0,0.0,15.0,0.0,0.0,63.0,90.0,40.0,59.0,0.0,71.0,0.0,46.0,0.0,53.0,0.0,94.0,0.0,39.0,0.0,67.0,0.0,0.0,0.0,63.0,69.0,69.0,0.0,0.0,0.0,0.0,35.0,40.0,24.0,0.0,0.0,48.0,388.0
0.0,47.0,50.0,0.0,23.0,0.0,83.0,0.0,0.0,0.0,0.0,89.0,0.0,25.0,0.0,0.0,26.0,0.0,0.0,69.0,0.0,50.0,0.0,0.0,0.0,0.0,0.0,0.0,0.0,0.0,0.0,16.0,0.0,13.0,0.0,0.0,41.0,0.0,0.0,0.0,91.0,0.0,0.0,61.0,0.0,0.0,0.0,0.0,0.0,39.0,0.0,0.0,59.0,28.0,391.0,0.0,0.0,0.0,0.0,0.0,82.0,0.0,30.0,0.0,0.0,0.0,0.0,0.0,0.0,0.0,0.0,0.0,58.0,0.0,0.0,0.0,0.0,51.0,0.0,0.0,0.0,0.0,0.0,0.0,0.0,0.0,0.0,10.0,20.0,38.0,0.0,0.0,0.0,0.0,56.0,0.0,33.0,30.0,0.0,0.0
52.0,16.0,0.0,0.0,0.0,0.0,0.0,91.0,32.0,15.0,0.0,0.0,74.0,0.0,0.0,41.0,0.0,15.0,82.0,7.0,0.0,0.0,0.0,0.0,33.0,43.0,0.0,0.0,43.0,38.0,0.0,0.0,3.0,30.0,15.0,39.0,0.0,90.0,7.0,0.0,0.0,84.0,96.0,0.0,45.0,55.0,430.0,61.0,50.0,32.0,33.0,48.0,0.0,41.0,81.0,45.0,375.0,0.0,76.0,0.0,0.0,38.0,0.0,0.0,0.0,23.0,438.0,0.0,25.0,415.0,69.0,0.0,43.0,0.0,0.0,58.0,31.0,43.0,36.0,0.0,48.0,81.0,34.0,0.0,13.0,0.0,31.0,57.0,47.0,34.0,64.0,430.0,0.0,0.0,0.0,50.0,13.0,0.0,41.0,62.0
46.0,46.0,53.0,0.0,0.0,0.0,0.0,0.0,0.0,0.0,0.0,0.0,29.0,0.0,0.0,48.0,0.0,0.0,0.0,31.0,0.0,0.0,0.0,0.0,24.0,371.0,59.0,0.0,0.0,44.0,0.0,0.0,37.0,0.0,405.0,0.0,34.0,0.0,60.0,10.0,0.0,0.0,0.0,0.0,0.0,0.0,81.0,0.0,0.0,0.0,0.0,70.0,0.0,0.0,0.0,0.0,0.0,59.0,58.0,50.0,0.0,0.0,0.0,0.0,62.0,0.0,63.0,60.0,53.0,58.0,54.0,21.0,0.0,39.0,61.0,0.0,82.0,72.0,0.0,0.0,0.0,0.0,35.0,22.0,41.0,10.0,63.0,0.0,61.0,43.0,0.0,0.0,61.0,38.0,0.0,0.0,41.0,0.0,0.0,51.0
48.0,0.0,388.0,0.0,0.0,0.0,0.0,0.0,9.0,54.0,23.0,0.0,0.0,10.0,17.0,48.0,0.0,0.0,66.0,9.0,0.0,0.0,0.0,0.0,50.0,0.0,14.0,0.0,0.0,415.0,0.0,0.0,0.0,0.0,0.0,39.0,0.0,415.0,71.0,77.0,56.0,0.0,49.0,34.0,56.0,55.0,0.0,0.0,0.0,0.0,0.0,5.0,90.0,67.0,48.0,35.0,0.0,0.0,38.0,0.0,0.0,24.0,0.0,0.0,0.0,9.0,0.0,57.0,0.0,60.0,0.0,39.0,0.0,48.0,0.0,0.0,0.0,33.0,0.0,67.0,37.0,0.0,0.0,0.0,39.0,56.0,54.0,0.0,80.0,37.0,0.0,0.0,0.0,42.0,0.0,0.0,0.0,0.0,21.0,0.0
0.0,0.0,0.0,19.0,43.0,6.0,417.0,39.0,41.0,0.0,411.0,47.0,31.0,61.0,89.0,74.0,29.0,61.0,0.0,82.0,72.0,19.0,40.0,35.0,79.0,40.0,48.0,80.0,46.0,0.0,0.0,360.0,12.0,67.0,0.0,0.0,44.0,64.0,66.0,54.0,45.0,55.0,67.0,5.0,0.0,0.0,0.0,57.0,57.0,79.0,52.0,0.0,54.0,0.0,0.0,0.0,35.0,56.0,69.0,35.0,88.0,48.0,71.0,407.0,18.0,27.0,38.0,361.0,24.0,438.0,75.0,0.0,0.0,64.0,77.0,425.0,30.0,0.0,0.0,0.0,45.0,20.0,41.0,26.0,0.0,0.0,410.0,0.0,23.0,2.0,35.0,0.0,14.0,0.0,0.0,29.0,0.0,0.0,71.0,0.0
0.0,25.0,0.0,75.0,45.0,49.0,50.0,407.0,419.0,0.0,52.0,50.0,0.0,0.0,63.0,71.0,82.0,28.0,43.0,58.0,40.0,0.0,31.0,0.0,64.0,68.0,17.0,0.0,0.0,53.0,0.0,67.0,84.0,0.0,0.0,73.0,0.0,50.0,432.0,94.0,0.0,30.0,0.0,0.0,409.0,0.0,79.0,51.0,85.0,0.0,6.0,36.0,54.0,0.0,0.0,11.0,47.0,0.0,0.0,0.0,54.0,0.0,48.0,0.0,78.0,55.0,75.0,0.0,23.0,0.0,44.0,0.0,24.0,36.0,0.0,69.0,40.0,67.0,91.0,18.0,72.0,0.0,89.0,0.0,0.0,0.0,42.0,29.0,66.0,74.0,27.0,54.0,0.0,53.0,0.0,0.0,0.0,0.0,0.0,378.0
85.0,35.0,375.0,435.0,58.0,37.0,0.0,38.0,87.0,0.0,70.0,50.0,0.0,22.0,28.0,54.0,420.0,6.0,377.0,0.0,20.0,82.0,33.0,0.0,48.0,68.0,84.0,44.0,35.0,82.0,14.0,66.0,96.0,413.0,33.0,54.0,3.0,34.0,53.0,32.0,0.0,98.0,51.0,0.0,48.0,30.0,74.0,91.0,395.0,34.0,52.0,0.0,0.0,28.0,15.0,63.0,40.0,53.0,62.0,418.0,406.0,23.0,46.0,39.0,61.0,45.0,39.0,0.0,48.0,43.0,402.0,0.0,54.0,10.0,50.0,69.0,31.0,48.0,0.0,26.0,0.0,50.0,46.0,51.0,408.0,51.0,34.0,49.0,3.0,72.0,31.0,40.0,398.0,38.0,56.0,69.0,33.0,88.0,44.0,0.0
