0.0,0.0,38.0,0.0,38.0,0.0,0.0,0.0,0.0,0.0,0.0,0.0,0.0,0.0,0.0,0.0,0.0,0.0,0.0,0.0,0.0,0.0,0.0,0.0,0.0,66.0,0.0,0.0,52.0,38.0,0.0,38.0,0.0,0.0,0.0,0.0,66.0,0.0,0.0,0.0,0.0,0.0,0.0,38.0,0.0,0.0,0.0,0.0,0.0,0.0,0.0,0.0,0.0,0.0,0.0,0.0,38.0,0.0,0.0,52.0,38.0,0.0,0.0,0.0,52.0,52.0,0.0,38.0,52.0,66.0,0.0,0.0,0.0,0.0,392.0,52.0,0.0,0.0,52.0,0.0,0.0,0.0,38.0,0.0,0.0,0.0,0.0,38.0,0.0,0.0,0.0,0.0,52.0,0.0,0.0,0.0,52.0,0.0,0.0,0.0
66.0,0.0,0.0,0.0,0.0,0.0,0.0,0.0,0.0,0.0,0.0,408.0,0.0,0.0,0.0,0.0,0.0,0.0,0.0,0.0,0.0,0.0,0.0,0.0,0.0,0.0,0.0,0.0,0.0,0.0,0.0,0.0,0.0,0.0,0.0,0.0,424.0,0.0,0.0,0.0,0.0,0.0,0.0,0.0,66.0,38.0,52.0,0.0,0.0,0.0,0.0,0.0,0.0,0.0,0.0,0.0,0.0,0.0,0.0,0.0,0.0,0.0,0.0,0.0,52.0,66.0,0.0,38.0,52.0,0.0,0.0,52.0,0.0,0.0,0.0,38.0,0.0,0.0,0.0,0.0,0.0,0.0,0.0,0.0,0.0,0.0,0.0,0.0,0.0,0.0,66.0,0.0,0.0,0.0,0.0,0.0,408.0,0.0,0.0,52.0
0.0,38.0,0.0,0.0,0.0,0.0,0.0,0.0,0.0,0.0,0.0,0.0,0.0,0.0,0.0,0.0,0.0,0.0,0.0,0.0,0.0,0.0,0.0,0.0,0.0,0.0,0.0,52.0,0.0,0.0,0.0,0.0,52.0,0.0,0.0,52.0,0.0,0.0,0.0,0.0,0.0,0.0,0.0,0.0,0.0,0.0,408.0,0.0,0.0,0.0,0.0,0.0,0.0,0.0,0.0,0.0,0.0,0.0,0.0,0.0,0.0,0.0,0.0,0.0,0.0,0.0,0.0,0.0,0.0,0.0,0.0,38.0,0.0,0.0,0.0,0.0,0.0,0.0,0.0,0.0,0.0,0.0,0.0,0.0,0.0,0.0,0.0,0.0,0.0,0.0,0.0,38.0,0.0,0.0,52.0,376.0,38.0,0.0,0.0,0.0
0.0,38.0,0.0,0.0,0.0,0.0,0.0,0.0,0.0,0.0,0.0,0.0,0.0,0.0,0.0,0.0,0.0,0.0,0.0,52.0,52.0,52.0,0.0,0.0,0.0,0.0,0.0,0.0,0.0,0.0,0.0,0.0,0.0,0.0,0.0,0.0,0.0,392.0,66.0,0.0,0.0,52.0,0.0,0.0,0.0,0.0,0.0,0.0,0.0,0.0,0.0,0.0,0.0,0.0,0.0,0.0,424.0,0.0,0.0,52.0,0.0,0.0,0.0,0.0,0.0,0.0,0.0,38.0,0.0,0.0,0.0,0.0,0.0,0.0,0.0,0.0,0.0,0.0,0.0,52.0,0.0,0.0,0.0,0.0,0.0,0.0,0.0,0.0,0.0,0.0,0.0,52.0,0.0,52.0,0.0,0.0,0.0,0.0,0.0,0.0
0.0,0.0,38.0,38.0,0.0,0.0,66.0,0.0,0.0,0.0,0.0,0.0,0.0,0.0,52.0,52.0,0.0,0.0,0.0,38.0,0.0,0.0,0.0,0.0,0.0,0.0,0.0,0.0,52.0,424.0,0.0,0.0,0.0,0.0,0.0,0.0,0.0,0.0,0.0,0.0,0.0,52.0,0.0,0.0,0.0,0.0,0.0,0.0,38.0,0.0,0.0,0.0,0.0,52.0,0.0,52.0,0.0,0.0,0.0,0.0,0.0,0.0,0.0,0.0,0.0,0.0,0.0,0.0,0.0,0.0,0.0,0.0,0.0,0.0,0.0,0.0,0.0,0.0,0.0,0.0,0.0,0.0,52.0,0.0,408.0,52.0,0.0,0.0,52.0,0.0,0.0,52.0,0.0,0.0,0.0,38.0,0.0,0.0,0.0,0.0
0.0,0.0,0.0,0.0,0.0,0.0,0.0,0.0,0.0,0.0,392.0,38.0,0.0,38.0,52.0,0.0,0.0,66.0,0.0,0.0,0.0,0.0,0.0,0.0,66.0,0.0,0.0,0.0,0.0,0.0,0.0,0.0,52.0,52.0,52.0,52.0,0.0,0.0,0.0,38.0,0.0,52.0,0.0,0.0,0.0,0.0,0.0,0.0,0.0,0.0,0.0,52.0,0.0,0.0,0.0,0.0,0.0,0.0,0.0,0.0,0.0,0.0,0.0,52.0,0.0,0.0,0.0,0.0,0.0,52.0,52.0,0.0,0.0,52.0,0.0,0.0,0.0,0.0,0.0,0.0,0.0,66.0,0.0,0.0,0.0,0.0,0.0,0.0,0.0,52.0,392.0,0.0,0.0,52.0,0.0,0.0,0.0,0.0,0.0,0.0
0.0,0.0,66.0,66.0,52.0,0.0,0.0,0.0,0.0,0.0,66.0,0.0,0.0,0.0,0.0,0.0,0.0,66.0,0.0,0.0,52.0,0.0,0.0,392.0,0.0,0.0,0.0,52.0,38.0,52.0,0.0,0.0,52.0,52.0,0.0,0.0,0.0,0.0,0.0,0.0,0.0,0.0,66.0,52.0,0.0,0.0,0.0,52.0,0.0,66.0,52.0,0.0,0.0,0.0,0.0,0.0,0.0,0.0,0.0,0.0,0.0,38.0,376.0,52.0,52.0,0.0,0.0,0.0,0.0,0.0,0.0,0.0,0.0,0.0,0.0,0.0,52.0,0.0,0.0,52.0,0.0,0.0,0.0,52.0,0.0,0.0,0.0,0.0,66.0,0.0,0.0,0.0,0.0,0.0,38.0,38.0,0.0,0.0,52.0,0.0
0.0,52.0,38.0,0.0,0.0,0.0,0.0,0.0,0.0,0.0,0.0,0.0,38.0,0.0,0.0,0.0,0.0,0.0,52.0,0.0,0.0,0.0,0.0,0.0,0.0,0.0,0.0,0.0,0.0,0.0,0.0,0.0,52.0,0.0,0.0,52.0,0.0,0.0,0.0,52.0,52.0,0.0,0.0,0.0,0.0,38.0,52.0,0.0,0.0,0.0,0.0,0.0,0.0,0.0,0.0,52.0,0.0,0.0,0.0,0.0,0.0,0.0,0.0,38.0,0.0,392.0,52.0,0.0,0.0,52.0,0.0,0.0,0.0,52.0,0.0,38.0,0.0,38.0,52.0,0.0,52.0,66.0,52.0,0.0,0.0,0.0,0.0,0.0,0.0,52.0,0.0,0.0,0.0,0.0,0.0,0.0,0.0,52.0,0.0,0.0
0.0,38.0,0.0,376.0,0.0,0.0,0.0,0.0,0.0,0.0,0.0,0.0,0.0,0.0,0.0,0.0,0.0,0.0,0.0,0.0,0.0,0.0,0.0,0.0,0.0,0.0,0.0,0.0,0.0,0.0,0.0,0.0,0.0,52.0,0.0,0.0,0.0,0.0,0.0,0.0,0.0,0.0,392.0,0.0,0.0,0.0,0.0,0.0,0.0,0.0,0.0,0.0,0.0,0.0,0.0,0.0,0.0,0.0,0.0,66.0,0.0,0.0,38.0,52.0,0.0,0.0,0.0,0.0,0.0,0.0,0.0,0.0,0.0,0.0,0.0,0.0,0.0,0.0,52.0,0.0,0.0,0.0,0.0,0.0,0.0,0.0,0.0,0.0,0.0,0.0,0.0,0.0,0.0,0.0,0.0,52.0,0.0,0.0,38.0,0.0
0.0,0.0,0.0,0.0,0.0,0.0,0.0,0.0,0.0,0.0,0.0,0.0,0.0,0.0,38.0,0.0,66.0,0.0,0.0,0.0,0.0,0.0,0.0,0.0,0.0,66.0,0.0,0.0,0.0,0.0,0.0,0.0,0.0,0.0,0.0,0.0,38.0,0.0,0.0,0.0,0.0,0.0,0.0,0.0,0.0,0.0,0.0,0.0,0.0,0.0,0.0,0.0,0.0,0.0,0.0,0.0,0.0,0.0,0.0,0.0,0.0,0.0,0.0,0.0,0.0,0.0,0.0,0.0,0.0,0.0,0.0,0.0,0.0,0.0,0.0,0.0,0.0,0.0,0.0,0.0,0.0,0.0,0.0,0.0,0.0,0.0,0.0,0.0,52.0,0.0,0.0,0.0,0.0,0.0,0.0,0.0,0.0,0.0,0.0,52.0
0.0,0.0,0.0,52.0,0.0,0.0,0.0,0.0,0.0,0.0,0.0,0.0,0.0,38.0,0.0,0.0,0.0,52.0,0.0,0.0,0.0,0.0,0.0,0.0,0.0,0.0,0.0,0.0,0.0,0.0,52.0,0.0,0.0,0.0,52.0,0.0,0.0,0.0,0.0,0.0,0.0,0.0,52.0,0.0,66.0,0.0,0.0,52.0,0.0,0.0,0.0,66.0,38.0,0.0,0.0,0.0,392.0,38.0,52.0,0.0,38.0,0.0,38.0,0.0,38.0,38.0,0.0,0.0,66.0,392.0,0.0,0.0,52.0,52.0,0.0,0.0,392.0,0.0,0.0,52.0,66.0,52.0,0.0,0.0,0.0,0.0,0.0,0.0,52.0,0.0,0.0,38.0,38.0,0.0,0.0,0.0,38.0,52.0,0.0,52.0
0.0,0.0,0.0,0.0,0.0,0.0,0.0,52.0,0.0,0.0,0.0,0.0,0.0,0.0,52.0,0.0,0.0,0.0,0.0,0.0,0.0,0.0,0.0,0.0,0.0,0.0,0.0,0.0,52.0,0.0,0.0,0.0,0.0,0.0,0.0,0.0,0.0,0.0,0.0,0.0,0.0,0.0,0.0,0.0,66.0,0.0,0.0,0.0,0.0,0.0,0.0,0.0,0.0,0.0,0.0,0.0,0.0,0.0,0.0,0.0,0.0,0.0,0.0,0.0,0.0,0.0,0.0,0.0,0.0,0.0,0.0,52.0,0.0,0.0,0.0,0.0,38.0,0.0,0.0,0.0,0.0,0.0,0.0,0.0,0.0,0.0,0.0,0.0,0.0,0.0,0.0,0.0,0.0,0.0,0.0,66.0,0.0,0.0,0.0,0.0
0.0,38.0,0.0,52.0,0.0,52.0,66.0,0.0,0.0,0.0,52.0,0.0,0.0,0.0,0.0,0.0,66.0,0.0,0.0,0.0,52.0,0.0,0.0,0.0,52.0,0.0,0.0,0.0,0.0,0.0,0.0,52.0,0.0,0.0,38.0,0.0,0.0,66.0,66.0,0.0,0.0,0.0,0.0,0.0,38.0,0.0,66.0,52.0,0.0,0.0,0.0,0.0,38.0,0.0,0.0,0.0,0.0,52.0,0.0,0.0,0.0,0.0,0.0,0.0,52.0,52.0,52.0,0.0,0.0,0.0,0.0,0.0,52.0,52.0,0.0,0.0,38.0,66.0,0.0,0.0,0.0,0.0,0.0,0.0,0.0,0.0,0.0,0.0,0.0,52.0,0.0,0.0,0.0,38.0,0.0,52.0,0.0,0.0,38.0,0.0
0.0,0.0,0.0,0.0,0.0,0.0,0.0,0.0,0.0,0.0,52.0,0.0,0.0,0.0,408.0,0.0,0.0,0.0,52.0,0.0,0.0,0.0,0.0,38.0,0.0,0.0,0.0,0.0,0.0,0.0,0.0,0.0,0.0,0.0,52.0,0.0,0.0,0.0,0.0,0.0,0.0,0.0,0.0,38.0,0.0,0.0,0.0,0.0,0.0,0.0,0.0,0.0,0.0,52.0,0.0,52.0,0.0,0.0,0.0,0.0,0.0,0.0,0.0,52.0,0.0,0.0,0.0,0.0,0.0,0.0,0.0,0.0,0.0,0.0,0.0,52.0,0.0,0.0,0.0,0.0,0.0,0.0,0.0,0.0,52.0,0.0,0.0,0.0,0.0,0.0,0.0,0.0,0.0,0.0,0.0,0.0,0.0,66.0,52.0,0.0
0.0,0.0,0.0,0.0,0.0,0.0,0.0,0.0,0.0,0.0,0.0,0.0,0.0,0.0,0.0,38.0,52.0,0.0,52.0,0.0,0.0,0.0,0.0,0.0,0.0,0.0,408.0,392.0,0.0,0.0,0.0,0.0,0.0,0.0,0.0,0.0,0.0,0.0,0.0,0.0,0.0,0.0,0.0,0.0,0.0,0.0,0.0,38.0,0.0,52.0,0.0,0.0,0.0,0.0,0.0,0.0,0.0,0.0,0.0,0.0,0.0,0.0,0.0,0.0,0.0,0.0,0.0,0.0,0.0,0.0,52.0,0.0,0.0,0.0,0.0,0.0,0.0,0.0,0.0,38.0,0.0,0.0,52.0,0.0,0.0,0.0,0.0,0.0,0.0,0.0,0.0,0.0,0.0,0.0,0.0,0.0,424.0,0.0,0.0,0.0
0.0,66.0,38.0,0.0,0.0,0.0,0.0,0.0,0.0,0.0,0.0,0.0,0.0,0.0,66.0,0.0,0.0,0.0,0.0,0.0,0.0,0.0,392.0,38.0,0.0,0.0,0.0,0.0,0.0,0.0,0.0,0.0,0.0,0.0,0.0,38.0,0.0,0.0,0.0,0.0,0.0,0.0,0.0,0.0,0.0,0.0,0.0,0.0,0.0,0.0,0.0,0.0,0.0,0.0,0.0,66.0,0.0,0.0,0.0,0.0,0.0,0.0,0.0,0.0,0.0,0.0,0.0,0.0,0.0,0.0,0.0,0.0,0.0,0.0,0.0,0.0,0.0,0.0,0.0,0.0,0.0,408.0,0.0,0.0,0.0,0.0,0.0,0.0,0.0,0.0,0.0,0.0,0.0,0.0,0.0,0.0,0.0,0.0,0.0,0.0
66.0,0.0,0.0,0.0,0.0,38.0,0.0,0.0,0.0,52.0,0.0,0.0,0.0,38.0,52.0,0.0,0.0,0.0,0.0,0.0,0.0,0.0,0.0,52.0,0.0,0.0,0.0,66.0,0.0,0.0,392.0,52.0,52.0,0.0,0.0,0.0,0.0,0.0,0.0,0.0,38.0,0.0,38.0,52.0,0.0,408.0,0.0,52.0,0.0,0.0,0.0,0.0,0.0,0.0,66.0,0.0,0.0,0.0,66.0,0.0,52.0,52.0,0.0,0.0,0.0,0.0,52.0,0.0,0.0,38.0,0.0,0.0,0.0,0.0,66.0,0.0,0.0,52.0,52.0,52.0,0.0,38.0,0.0,52.0,0.0,0.0,38.0,0.0,0.0,0.0,52.0,0.0,52.0,66.0,0.0,0.0,66.0,0.0,52.0,0.0
0.0,0.0,0.0,0.0,0.0,0.0,52.0,0.0,0.0,0.0,0.0,38.0,0.0,0.0,38.0,38.0,0.0,0.0,38.0,0.0,0.0,0.0,0.0,0.0,0.0,0.0,0.0,0.0,0.0,0.0,0.0,0.0,0.0,52.0,52.0,0.0,0.0,0.0,0.0,52.0,0.0,0.0,0.0,0.0,0.0,0.0,52.0,0.0,0.0,0.0,0.0,0.0,0.0,0.0,0.0,0.0,0.0,0.0,0.0,0.0,0.0,0.0,0.0,0.0,0.0,0.0,52.0,0.0,0.0,52.0,52.0,0.0,52.0,0.0,0.0,0.0,0.0,0.0,0.0,0.0,0.0,38.0,0.0,0.0,0.0,0.0,0.0,0.0,0.0,0.0,0.0,0.0,0.0,0.0,0.0,0.0,0.0,0.0,0.0,0.0
0.0,0.0,0.0,0.0,0.0,0.0,0.0,0.0,0.0,0.0,0.0,0.0,0.0,0.0,0.0,0.0,0.0,0.0,0.0,0.0,0.0,0.0,38.0,0.0,0.0,0.0,0.0,0.0,408.0,52.0,0.0,0.0,0.0,0.0,52.0,0.0,0.0,0.0,52.0,0.0,0.0,0.0,0.0,0.0,0.0,52.0,0.0,0.0,0.0,0.0,0.0,0.0,0.0,0.0,0.0,0.0,0.0,0.0,0.0,66.0,0.0,0.0,0.0,0.0,0.0,38.0,0.0,0.0,0.0,0.0,0.0,52.0,0.0,0.0,0.0,0.0,0.0,52.0,0.0,0.0,0.0,0.0,66.0,0.0,0.0,0.0,0.0,0.0,0.0,52.0,0.0,0.0,0.0,0.0,0.0,52.0,0.0,0.0,0.0,52.0
0.0,0.0,0.0,0.0,0.0,0.0,0.0,0.0,0.0,0.0,0.0,0.0,0.0,0.0,38.0,0.0,0.0,0.0,0.0,0.0,52.0,0.0,0.0,0.0,0.0,0.0,0.0,0.0,0.0,0.0,0.0,0.0,0.0,0.0,0.0,0.0,0.0,0.0,0.0,0.0,0.0,0.0,0.0,0.0,0.0,0.0,0.0,0.0,0.0,0.0,0.0,0.0,0.0,0.0,0.0,0.0,0.0,0.0,0.0,0.0,52.0,0.0,0.0,0.0,0.0,0.0,52.0,0.0,0.0,38.0,0.0,0.0,0.0,0.0,0.0,0.0,0.0,0.0,0.0,0.0,0.0,0.0,0.0,0.0,66.0,0.0,0.0,0.0,0.0,0.0,0.0,0.0,0.0,0.0,0.0,0.0,52.0,0.0,66.0,0.0
0.0,0.0,0.0,0.0,0.0,0.0,0.0,0.0,0.0,52.0,0.0,0.0,0.0,38.0,424.0,0.0,0.0,0.0,0.0,0.0,0.0,0.0,0.0,0.0,52.0,0.0,0.0,0.0,0.0,0.0,0.0,0.0,38.0,0.0,0.0,0.0,0.0,0.0,0.0,0.0,0.0,0.0,52.0,0.0,0.0,0.0,0.0,0.0,0.0,52.0,0.0,0.0,0.0,0.0,0.0,0.0,0.0,52.0,66.0,0.0,0.0,0.0,0.0,52.0,38.0,0.0,0.0,0.0,38.0,0.0,52.0,0.0,0.0,0.0,0.0,0.0,38.0,0.0,52.0,66.0,0.0,0.0,0.0,0.0,0.0,0.0,0.0,0.0,52.0,0.0,0.0,52.0,0.0,0.0,0.0,0.0,0.0,52.0,0.0,0.0
0.0,52.0,0.0,0.0,0.0,0.0,0.0,38.0,38.0,0.0,0.0,0.0,0.0,0.0,0.0,0.0,0.0,0.0,0.0,0.0,0.0,0.0,52.0,66.0,0.0,52.0,52.0,408.0,0.0,0.0,38.0,0.0,0.0,0.0,0.0,0.0,0.0,52.0,66.0,0.0,0.0,0.0,52.0,376.0,0.0,0.0,0.0,66.0,0.0,52.0,52.0,66.0,38.0,0.0,0.0,0.0,408.0,52.0,0.0,66.0,52.0,0.0,0.0,0.0,52.0,38.0,52.0,0.0,392.0,0.0,38.0,0.0,52.0,52.0,0.0,0.0,0.0,38.0,0.0,0.0,38.0,52.0,392.0,0.0,0.0,66.0,0.0,0.0,38.0,0.0,0.0,0.0,0.0,0.0,0.0,0.0,0.0,0.0,0.0,0.0
66.0,0.0,52.0,0.0,0.0,0.0,0.0,0.0,38.0,0.0,52.0,0.0,52.0,0.0,0.0,52.0,0.0,0.0,52.0,0.0,0.0,52.0,0.0,0.0,0.0,0.0,52.0,0.0,0.0,0.0,38.0,0.0,0.0,52.0,0.0,0.0,0.0,0.0,0.0,38.0,38.0,424.0,38.0,52.0,0.0,0.0,38.0,52.0,38.0,0.0,0.0,38.0,52.0,0.0,0.0,424.0,0.0,0.0,0.0,38.0,0.0,52.0,0.0,52.0,0.0,0.0,0.0,0.0,38.0,0.0,0.0,52.0,52.0,52.0,0.0,38.0,0.0,0.0,0.0,0.0,0.0,0.0,0.0,0.0,0.0,0.0,0.0,52.0,0.0,0.0,0.0,38.0,52.0,0.0,38.0,0.0,0.0,0.0,52.0,0.0
0.0,0.0,0.0,0.0,0.0,0.0,0.0,0.0,0.0,0.0,0.0,0.0,0.0,0.0,0.0,0.0,38.0,0.0,0.0,0.0,0.0,0.0,0.0,0.0,0.0,0.0,0.0,0.0,0.0,0.0,0.0,52.0,38.0,0.0,0.0,0.0,38.0,0.0,0.0,0.0,0.0,0.0,0.0,0.0,0.0,0.0,0.0,0.0,0.0,38.0,376.0,0.0,0.0,66.0,0.0,0.0,0.0,0.0,0.0,0.0,0.0,52.0,0.0,0.0,0.0,0.0,38.0,0.0,0.0,0.0,0.0,0.0,0.0,0.0,0.0,0.0,38.0,0.0,0.0,0.0,0.0,0.0,38.0,0.0,0.0,0.0,0.0,0.0,0.0,38.0,0.0,0.0,0.0,0.0,0.0,0.0,0.0,0.0,0.0,0.0
38.0,0.0,52.0,0.0,0.0,0.0,0.0,52.0,0.0,0.0,0.0,38.0,52.0,0.0,52.0,0.0,0.0,52.0,0.0,52.0,0.0,0.0,0.0,0.0,0.0,0.0,0.0,38.0,0.0,0.0,0.0,0.0,66.0,0.0,52.0,0.0,0.0,0.0,52.0,0.0,38.0,52.0,0.0,0.0,0.0,0.0,0.0,0.0,0.0,0.0,0.0,0.0,0.0,52.0,0.0,0.0,38.0,0.0,0.0,392.0,52.0,52.0,0.0,0.0,0.0,52.0,0.0,392.0,0.0,38.0,52.0,0.0,0.0,0.0,52.0,0.0,0.0,0.0,66.0,0.0,0.0,0.0,0.0,0.0,0.0,0.0,0.0,0.0,0.0,52.0,0.0,52.0,0.0,38.0,0.0,0.0,66.0,38.0,0.0,0.0
0.0,0.0,0.0,0.0,0.0,0.0,0.0,0.0,0.0,0.0,0.0,0.0,0.0,0.0,0.0,0.0,0.0,0.0,0.0,0.0,0.0,424.0,0.0,0.0,0.0,0.0,376.0,0.0,0.0,0.0,52.0,0.0,0.0,0.0,0.0,0.0,0.0,0.0,0.0,392.0,52.0,0.0,0.0,0.0,0.0,0.0,0.0,376.0,0.0,0.0,0.0,52.0,0.0,0.0,0.0,52.0,0.0,0.0,0.0,0.0,0.0,0.0,0.0,0.0,0.0,0.0,0.0,0.0,0.0,0.0,0.0,0.0,0.0,0.0,0.0,0.0,0.0,0.0,52.0,0.0,38.0,0.0,0.0,0.0,0.0,0.0,0.0,0.0,0.0,0.0,52.0,0.0,0.0,0.0,0.0,0.0,0.0,0.0,0.0,0.0
0.0,0.0,0.0,0.0,0.0,52.0,0.0,0.0,0.0,0.0,0.0,0.0,0.0,0.0,0.0,0.0,0.0,392.0,0.0,0.0,0.0,0.0,0.0,0.0,0.0,0.0,0.0,0.0,0.0,0.0,0.0,0.0,0.0,0.0,52.0,0.0,0.0,0.0,0.0,0.0,0.0,0.0,52.0,0.0,0.0,0.0,66.0,0.0,0.0,0.0,0.0,38.0,0.0,52.0,0.0,0.0,0.0,38.0,0.0,0.0,0.0,0.0,52.0,52.0,0.0,0.0,0.0,0.0,0.0,0.0,0.0,0.0,38.0,0.0,0.0,0.0,0.0,0.0,0.0,38.0,0.0,0.0,0.0,0.0,0.0,0.0,0.0,0.0,0.0,0.0,38.0,0.0,0.0,0.0,0.0,0.0,0.0,0.0,52.0,0.0
0.0,0.0,0.0,0.0,52.0,0.0,0.0,52.0,0.0,0.0,0.0,0.0,0.0,0.0,52.0,0.0,0.0,0.0,0.0,0.0,52.0,0.0,66.0,0.0,0.0,0.0,38.0,0.0,0.0,0.0,0.0,52.0,0.0,0.0,0.0,0.0,0.0,0.0,0.0,0.0,0.0,0.0,0.0,0.0,0.0,0.0,0.0,52.0,0.0,0.0,0.0,0.0,0.0,0.0,0.0,0.0,0.0,0.0,66.0,0.0,0.0,0.0,0.0,0.0,0.0,38.0,0.0,66.0,0.0,0.0,0.0,0.0,52.0,0.0,0.0,0.0,52.0,38.0,0.0,0.0,0.0,66.0,0.0,0.0,0.0,0.0,0.0,52.0,0.0,0.0,0.0,376.0,0.0,0.0,0.0,0.0,0.0,0.0,0.0,0.0
0.0,0.0,0.0,0.0,0.0,0.0,0.0,0.0,0.0,0.0,0.0,0.0,0.0,0.0,0.0,0.0,0.0,0.0,0.0,0.0,38.0,0.0,0.0,0.0,0.0,0.0,0.0,52.0,0.0,0.0,0.0,0.0,66.0,0.0,0.0,0.0,0.0,0.0,0.0,66.0,376.0,0.0,0.0,0.0,0.0,52.0,0.0,0.0,0.0,0.0,0.0,0.0,0.0,0.0,52.0,0.0,0.0,0.0,0.0,0.0,0.0,0.0,0.0,0.0,0.0,0.0,0.0,0.0,0.0,0.0,0.0,0.0,0.0,0.0,38.0,0.0,0.0,0.0,0.0,0.0,0.0,0.0,0.0,0.0,0.0,0.0,0.0,0.0,0.0,0.0,0.0,0.0,0.0,392.0,0.0,0.0,0.0,52.0,0.0,0.0
0.0,0.0,0.0,0.0,52.0,0.0,0.0,0.0,0.0,0.0,0.0,0.0,0.0,0.0,0.0,0.0,0.0,0.0,0.0,0.0,0.0,0.0,0.0,0.0,0.0,0.0,0.0,0.0,0.0,0.0,0.0,0.0,0.0,0.0,0.0,0.0,0.0,0.0,0.0,0.0,0.0,0.0,0.0,0.0,66.0,0.0,0.0,0.0,0.0,0.0,0.0,0.0,0.0,0.0,0.0,0.0,0.0,0.0,0.0,0.0,0.0,0.0,0.0,0.0,0.0,0.0,0.0,0.0,0.0,0.0,0.0,0.0,52.0,52.0,0.0,0.0,0.0,0.0,0.0,0.0,0.0,0.0,0.0,38.0,0.0,0.0,0.0,0.0,0.0,0.0,0.0,38.0,0.0,0.0,0.0,0.0,0.0,0.0,0.0,0.0
424.0,0.0,38.0,0.0,52.0,0.0,0.0,0.0,0.0,66.0,52.0,0.0,0.0,0.0,66.0,0.0,0.0,424.0,0.0,0.0,0.0,0.0,0.0,0.0,52.0,0.0,0.0,0.0,66.0,0.0,0.0,0.0,408.0,0.0,0.0,0.0,0.0,0.0,0.0,52.0,0.0,0.0,0.0,0.0,0.0,38.0,52.0,0.0,0.0,0.0,0.0,52.0,52.0,424.0,0.0,408.0,0.0,52.0,0.0,0.0,0.0,0.0,0.0,0.0,0.0,0.0,0.0,0.0,0.0,38.0,0.0,0.0,0.0,0.0,0.0,0.0,0.0,0.0,0.0,0.0,0.0,0.0,38.0,0.0,0.0,38.0,0.0,0.0,0.0,52.0,0.0,38.0,0.0,0.0,0.0,52.0,52.0,0.0,0.0,52.0
52.0,0.0,52.0,0.0,0.0,0.0,0.0,38.0,52.0,0.0,0.0,0.0,52.0,0.0,0.0,0.0,0.0,0.0,38.0,0.0,392.0,0.0,52.0,52.0,38.0,52.0,66.0,0.0,0.0,0.0,38.0,0.0,0.0,0.0,66.0,0.0,0.0,0.0,0.0,38.0,52.0,0.0,0.0,38.0,0.0,0.0,52.0,0.0,0.0,0.0,0.0,0.0,0.0,0.0,0.0,0.0,0.0,0.0,0.0,0.0,66.0,0.0,0.0,0.0,0.0,0.0,0.0,52.0,0.0,0.0,0.0,0.0,52.0,0.0,0.0,0.0,52.0,52.0,52.0,0.0,0.0,38.0,0.0,0.0,0.0,52.0,0.0,0.0,0.0,38.0,0.0,0.0,0.0,38.0,0.0,0.0,0.0,38.0,0.0,0.0
52.0,0.0,0.0,0.0,66.0,0.0,52.0,52.0,52.0,0.0,0.0,66.0,66.0,0.0,0.0,0.0,52.0,52.0,0.0,52.0,0.0,52.0,0.0,52.0,0.0,0.0,0.0,52.0,52.0,0.0,0.0,0.0,0.0,0.0,52.0,0.0,0.0,0.0,0.0,0.0,0.0,52.0,0.0,0.0,0.0,38.0,52.0,0.0,52.0,0.0,0.0,38.0,0.0,0.0,0.0,0.0,0.0,0.0,66.0,0.0,0.0,0.0,408.0,52.0,0.0,0.0,0.0,0.0,0.0,0.0,0.0,0.0,38.0,52.0,52.0,0.0,0.0,0.0,0.0,0.0,52.0,0.0,66.0,376.0,66.0,0.0,0.0,0.0,0.0,392.0,392.0,0.0,38.0,0.0,0.0,0.0,52.0,0.0,38.0,0.0
0.0,0.0,52.0,0.0,0.0,0.0,0.0,0.0,0.0,0.0,38.0,0.0,0.0,0.0,0.0,0.0,0.0,0.0,0.0,52.0,0.0,0.0,38.0,0.0,0.0,0.0,0.0,0.0,0.0,52.0,52.0,0.0,0.0,0.0,52.0,0.0,0.0,0.0,38.0,52.0,0.0,0.0,66.0,38.0,0.0,0.0,0.0,0.0,0.0,0.0,38.0,0.0,0.0,0.0,52.0,0.0,0.0,392.0,0.0,0.0,38.0,0.0,66.0,52.0,0.0,0.0,0.0,0.0,0.0,0.0,0.0,0.0,376.0,0.0,0.0,52.0,0.0,0.0,0.0,38.0,0.0,0.0,0.0,66.0,38.0,0.0,0.0,0.0,0.0,392.0,0.0,0.0,52.0,0.0,0.0,0.0,0.0,38.0,0.0,0.0
0.0,0.0,0.0,52.0,52.0,0.0,0.0,0.0,0.0,0.0,0.0,0.0,376.0,0.0,424.0,0.0,0.0,0.0,66.0,0.0,0.0,0.0,0.0,0.0,0.0,0.0,392.0,0.0,0.0,0.0,0.0,0.0,52.0,0.0,0.0,0.0,0.0,0.0,0.0,52.0,38.0,0.0,52.0,66.0,38.0,0.0,0.0,0.0,0.0,38.0,0.0,0.0,0.0,38.0,0.0,0.0,0.0,0.0,0.0,52.0,0.0,0.0,52.0,0.0,0.0,0.0,0.0,0.0,38.0,0.0,0.0,408.0,0.0,0.0,38.0,52.0,0.0,52.0,38.0,52.0,0.0,52.0,0.0,38.0,0.0,0.0,0.0,0.0,0.0,0.0,0.0,0.0,52.0,0.0,38.0,0.0,0.0,0.0,0.0,0.0
0.0,0.0,0.0,0.0,0.0,66.0,0.0,0.0,66.0,0.0,0.0,0.0,0.0,0.0,0.0,0.0,0.0,0.0,0.0,0.0,0.0,0.0,0.0,0.0,0.0,0.0,0.0,0.0,0.0,0.0,0.0,0.0,0.0,0.0,0.0,0.0,0.0,38.0,0.0,0.0,0.0,66.0,0.0,0.0,0.0,0.0,0.0,0.0,0.0,424.0,0.0,0.0,0.0,0.0,0.0,0.0,52.0,0.0,0.0,38.0,0.0,0.0,0.0,0.0,0.0,0.0,0.0,0.0,0.0,0.0,0.0,0.0,52.0,38.0,0.0,0.0,66.0,0.0,0.0,0.0,0.0,0.0,52.0,0.0,0.0,0.0,0.0,0.0,0.0,0.0,0.0,0.0,0.0,0.0,0.0,0.0,0.0,0.0,0.0,0.0
0.0,52.0,376.0,0.0,0.0,0.0,0.0,0.0,0.0,0.0,0.0,0.0,0.0,0.0,0.0,0.0,38.0,0.0,0.0,38.0,52.0,0.0,0.0,0.0,0.0,0.0,0.0,0.0,0.0,0.0,392.0,0.0,0.0,0.0,52.0,0.0,0.0,0.0,0.0,0.0,0.0,52.0,0.0,0.0,0.0,0.0,38.0,0.0,52.0,0.0,0.0,0.0,0.0,0.0,0.0,0.0,52.0,0.0,0.0,0.0,0.0,0.0,376.0,0.0,38.0,0.0,66.0,0.0,376.0,0.0,0.0,0.0,0.0,0.0,52.0,0.0,52.0,0.0,38.0,66.0,0.0,0.0,0.0,0.0,0.0,0.0,52.0,0.0,0.0,0.0,0.0,0.0,0.0,52.0,0.0,0.0,0.0,66.0,0.0,0.0
38.0,0.0,0.0,0.0,0.0,0.0,0.0,0.0,0.0,52.0,52.0,0.0,0.0,0.0,0.0,0.0,66.0,0.0,0.0,0.0,0.0,0.0,0.0,0.0,0.0,66.0,0.0,0.0,38.0,0.0,0.0,0.0,0.0,0.0,38.0,0.0,0.0,0.0,0.0,52.0,0.0,0.0,0.0,0.0,0.0,0.0,52.0,0.0,0.0,0.0,0.0,0.0,0.0,0.0,0.0,0.0,0.0,0.0,52.0,0.0,0.0,52.0,0.0,52.0,0.0,0.0,0.0,52.0,0.0,0.0,66.0,66.0,0.0,0.0,0.0,52.0,0.0,0.0,0.0,0.0,0.0,0.0,0.0,0.0,0.0,0.0,52.0,0.0,0.0,0.0,66.0,0.0,0.0,0.0,0.0,0.0,0.0,0.0,0.0,0.0
0.0,0.0,0.0,38.0,52.0,0.0,0.0,0.0,0.0,0.0,0.0,0.0,0.0,0.0,0.0,38.0,0.0,0.0,0.0,0.0,0.0,0.0,0.0,0.0,52.0,0.0,0.0,52.0,52.0,52.0,0.0,0.0,0.0,52.0,52.0,0.0,52.0,0.0,0.0,0.0,0.0,0.0,0.0,52.0,0.0,0.0,38.0,0.0,0.0,0.0,0.0,0.0,0.0,0.0,0.0,0.0,0.0,52.0,38.0,38.0,38.0,52.0,52.0,52.0,0.0,66.0,52.0,0.0,0.0,0.0,0.0,0.0,52.0,0.0,0.0,0.0,0.0,0.0,0.0,0.0,0.0,52.0,408.0,0.0,38.0,0.0,0.0,0.0,0.0,0.0,66.0,0.0,0.0,0.0,52.0,0.0,0.0,0.0,0.0,0.0
0.0,0.0,0.0,0.0,0.0,0.0,0.0,0.0,0.0,0.0,0.0,0.0,0.0,0.0,0.0,0.0,424.0,392.0,0.0,0.0,0.0,0.0,52.0,0.0,0.0,0.0,0.0,0.0,0.0,0.0,0.0,0.0,0.0,0.0,0.0,0.0,0.0,0.0,0.0,0.0,0.0,0.0,0.0,0.0,0.0,0.0,0.0,0.0,0.0,0.0,0.0,0.0,0.0,0.0,0.0,0.0,0.0,66.0,0.0,0.0,0.0,0.0,0.0,0.0,0.0,0.0,0.0,52.0,0.0,0.0,38.0,0.0,0.0,0.0,0.0,0.0,0.0,0.0,0.0,0.0,0.0,0.0,0.0,0.0,0.0,52.0,0.0,38.0,0.0,0.0,52.0,0.0,0.0,0.0,0.0,0.0,0.0,0.0,0.0,0.0
0.0,0.0,0.0,66.0,0.0,0.0,0.0,0.0,0.0,0.0,52.0,0.0,0.0,0.0,38.0,0.0,0.0,38.0,52.0,0.0,52.0,0.0,52.0,0.0,0.0,52.0,38.0,66.0,0.0,52.0,0.0,0.0,0.0,0.0,0.0,0.0,0.0,0.0,0.0,0.0,0.0,0.0,0.0,0.0,0.0,0.0,0.0,38.0,0.0,0.0,38.0,52.0,38.0,0.0,0.0,0.0,0.0,0.0,0.0,0.0,0.0,0.0,38.0,0.0,0.0,0.0,38.0,0.0,0.0,0.0,0.0,52.0,0.0,0.0,52.0,0.0,0.0,52.0,0.0,0.0,0.0,0.0,0.0,38.0,66.0,0.0,0.0,0.0,0.0,0.0,0.0,0.0,0.0,0.0,0.0,0.0,0.0,0.0,0.0,0.0
0.0,0.0,0.0,0.0,0.0,66.0,0.0,0.0,0.0,0.0,0.0,0.0,0.0,0.0,0.0,0.0,38.0,0.0,0.0,0.0,0.0,0.0,0.0,38.0,0.0,0.0,38.0,0.0,0.0,0.0,0.0,0.0,38.0,52.0,0.0,52.0,0.0,0.0,0.0,0.0,0.0,0.0,52.0,0.0,0.0,0.0,0.0,0.0,0.0,0.0,0.0,0.0,0.0,52.0,0.0,38.0,0.0,0.0,0.0,0.0,0.0,0.0,0.0,38.0,38.0,52.0,0.0,52.0,0.0,66.0,0.0,0.0,0.0,0.0,38.0,0.0,0.0,66.0,0.0,0.0,0.0,0.0,0.0,0.0,0.0,0.0,0.0,0.0,0.0,0.0,0.0,424.0,0.0,66.0,0.0,0.0,0.0,0.0,0.0,0.0
408.0,0.0,0.0,0.0,408.0,0.0,0.0,52.0,52.0,0.0,0.0,0.0,0.0,0.0,66.0,0.0,0.0,0.0,0.0,52.0,0.0,0.0,38.0,0.0,0.0,66.0,0.0,0.0,0.0,0.0,52.0,52.0,0.0,0.0,0.0,38.0,0.0,0.0,66.0,0.0,0.0,0.0,0.0,38.0,0.0,52.0,38.0,66.0,0.0,0.0,0.0,0.0,0.0,0.0,38.0,0.0,52.0,0.0,0.0,0.0,0.0,0.0,38.0,0.0,52.0,0.0,0.0,0.0,0.0,66.0,52.0,52.0,38.0,0.0,0.0,0.0,0.0,0.0,52.0,0.0,0.0,0.0,0.0,0.0,0.0,38.0,38.0,52.0,0.0,0.0,0.0,0.0,0.0,0.0,0.0,38.0,0.0,52.0,52.0,52.0
0.0,0.0,0.0,0.0,0.0,0.0,38.0,52.0,52.0,0.0,52.0,52.0,0.0,0.0,0.0,0.0,0.0,376.0,66.0,0.0,0.0,0.0,0.0,0.0,0.0,0.0,0.0,0.0,0.0,0.0,0.0,0.0,0.0,392.0,0.0,0.0,0.0,0.0,0.0,0.0,0.0,0.0,0.0,0.0,52.0,0.0,66.0,0.0,0.0,0.0,52.0,52.0,0.0,38.0,52.0,0.0,0.0,0.0,0.0,52.0,52.0,52.0,0.0,52.0,0.0,0.0,0.0,0.0,0.0,0.0,0.0,0.0,0.0,0.0,0.0,0.0,0.0,0.0,0.0,0.0,0.0,52.0,52.0,0.0,408.0,0.0,0.0,52.0,52.0,66.0,0.0,0.0,0.0,0.0,38.0,0.0,52.0,52.0,0.0,0.0
52.0,0.0,0.0,0.0,0.0,0.0,0.0,0.0,0.0,0.0,0.0,0.0,0.0,0.0,0.0,0.0,0.0,0.0,0.0,38.0,0.0,0.0,0.0,0.0,0.0,0.0,0.0,0.0,0.0,0.0,0.0,0.0,0.0,0.0,0.0,0.0,0.0,0.0,0.0,0.0,0.0,0.0,0.0,0.0,0.0,0.0,0.0,0.0,0.0,0.0,0.0,0.0,0.0,0.0,0.0,0.0,0.0,0.0,0.0,0.0,52.0,0.0,0.0,0.0,0.0,0.0,0.0,0.0,52.0,0.0,0.0,0.0,0.0,66.0,0.0,0.0,52.0,0.0,0.0,0.0,0.0,0.0,0.0,0.0,0.0,0.0,38.0,0.0,0.0,0.0,0.0,0.0,0.0,0.0,0.0,0.0,0.0,0.0,0.0,0.0
0.0,0.0,0.0,52.0,0.0,0.0,0.0,0.0,0.0,38.0,38.0,0.0,0.0,0.0,0.0,52.0,0.0,0.0,0.0,0.0,0.0,0.0,0.0,0.0,0.0,0.0,38.0,0.0,0.0,0.0,38.0,52.0,52.0,66.0,0.0,0.0,0.0,66.0,0.0,0.0,52.0,0.0,0.0,0.0,392.0,0.0,0.0,0.0,0.0,52.0,0.0,0.0,52.0,0.0,0.0,0.0,0.0,0.0,0.0,0.0,0.0,0.0,52.0,0.0,52.0,0.0,0.0,0.0,0.0,0.0,0.0,0.0,52.0,0.0,0.0,0.0,0.0,0.0,0.0,0.0,66.0,0.0,0.0,0.0,0.0,0.0,38.0,0.0,0.0,0.0,0.0,0.0,52.0,0.0,0.0,52.0,0.0,0.0,0.0,0.0
0.0,0.0,392.0,0.0,52.0,0.0,408.0,0.0,66.0,0.0,392.0,0.0,0.0,52.0,0.0,0.0,0.0,0.0,0.0,52.0,38.0,52.0,0.0,66.0,0.0,0.0,0.0,0.0,0.0,0.0,38.0,52.0,0.0,38.0,38.0,0.0,0.0,0.0,0.0,0.0,0.0,0.0,66.0,0.0,38.0,52.0,0.0,52.0,0.0,0.0,0.0,0.0,0.0,52.0,0.0,0.0,38.0,52.0,0.0,0.0,0.0,0.0,0.0,392.0,0.0,0.0,0.0,0.0,0.0,0.0,0.0,52.0,52.0,0.0,0.0,0.0,0.0,52.0,52.0,0.0,0.0,0.0,0.0,0.0,0.0,66.0,0.0,0.0,0.0,0.0,0.0,0.0,52.0,0.0,38.0,0.0,0.0,0.0,0.0,0.0
0.0,0.0,52.0,0.0,0.0,0.0,0.0,0.0,392.0,0.0,0.0,0.0,38.0,0.0,0.0,0.0,0.0,0.0,0.0,0.0,0.0,0.0,0.0,0.0,0.0,0.0,0.0,0.0,38.0,0.0,0.0,0.0,52.0,0.0,52.0,0.0,0.0,0.0,0.0,0.0,38.0,0.0,0.0,0.0,0.0,0.0,38.0,0.0,0.0,0.0,0.0,0.0,0.0,0.0,0.0,0.0,0.0,0.0,0.0,0.0,0.0,0.0,0.0,0.0,0.0,0.0,0.0,52.0,0.0,0.0,0.0,0.0,0.0,0.0,0.0,0.0,0.0,0.0,0.0,38.0,0.0,0.0,0.0,0.0,0.0,38.0,0.0,52.0,0.0,0.0,0.0,0.0,0.0,0.0,0.0,0.0,0.0,0.0,0.0,0.0
38.0,52.0,0.0,0.0,0.0,0.0,0.0,0.0,0.0,52.0,52.0,0.0,0.0,0.0,38.0,0.0,0.0,52.0,0.0,0.0,38.0,0.0,0.0,0.0,0.0,0.0,0.0,52.0,0.0,38.0,38.0,0.0,52.0,52.0,0.0,0.0,66.0,38.0,0.0,0.0,0.0,0.0,0.0,52.0,0.0,52.0,0.0,0.0,0.0,0.0,0.0,0.0,0.0,0.0,0.0,52.0,0.0,0.0,0.0,66.0,52.0,424.0,52.0,38.0,0.0,0.0,0.0,0.0,0.0,0.0,0.0,408.0,376.0,0.0,38.0,0.0,0.0,0.0,0.0,66.0,0.0,0.0,0.0,0.0,0.0,52.0,0.0,0.0,0.0,0.0,0.0,0.0,0.0,0.0,0.0,52.0,52.0,0.0,0.0,0.0
0.0,0.0,0.0,0.0,0.0,0.0,0.0,0.0,0.0,0.0,0.0,0.0,38.0,0.0,0.0,0.0,0.0,0.0,0.0,0.0,0.0,0.0,66.0,0.0,0.0,66.0,0.0,0.0,0.0,0.0,0.0,0.0,0.0,0.0,0.0,0.0,52.0,0.0,0.0,0.0,0.0,0.0,0.0,0.0,0.0,0.0,0.0,0.0,0.0,0.0,52.0,0.0,0.0,0.0,52.0,0.0,0.0,0.0,0.0,0.0,0.0,52.0,0.0,0.0,0.0,0.0,0.0,52.0,0.0,0.0,0.0,0.0,0.0,0.0,0.0,0.0,0.0,0.0,52.0,66.0,0.0,0.0,0.0,52.0,0.0,0.0,0.0,0.0,0.0,392.0,0.0,0.0,0.0,0.0,0.0,0.0,0.0,0.0,0.0,0.0
0.0,0.0,0.0,0.0,52.0,0.0,0.0,0.0,0.0,52.0,0.0,66.0,52.0,52.0,0.0,0.0,0.0,0.0,0.0,0.0,0.0,52.0,0.0,0.0,0.0,0.0,0.0,0.0,38.0,0.0,52.0,38.0,0.0,0.0,52.0,0.0,0.0,0.0,0.0,0.0,38.0,0.0,0.0,52.0,0.0,0.0,0.0,0.0,66.0,0.0,0.0,0.0,52.0,0.0,52.0,0.0,0.0,0.0,0.0,52.0,0.0,0.0,0.0,52.0,52.0,52.0,0.0,0.0,52.0,52.0,0.0,0.0,38.0,0.0,0.0,0.0,0.0,0.0,52.0,0.0,0.0,0.0,0.0,0.0,0.0,38.0,0.0,0.0,0.0,0.0,0.0,0.0,0.0,0.0,0.0,0.0,0.0,0.0,0.0,0.0
38.0,0.0,0.0,0.0,0.0,38.0,0.0,38.0,52.0,0.0,0.0,0.0,0.0,52.0,0.0,0.0,38.0,0.0,52.0,0.0,0.0,0.0,0.0,0.0,52.0,0.0,38.0,0.0,0.0,0.0,0.0,0.0,0.0,0.0,0.0,0.0,0.0,0.0,0.0,0.0,0.0,0.0,52.0,38.0,38.0,0.0,66.0,0.0,0.0,0.0,52.0,0.0,0.0,38.0,0.0,0.0,52.0,0.0,0.0,0.0,0.0,52.0,52.0,0.0,0.0,0.0,38.0,0.0,0.0,408.0,38.0,0.0,38.0,0.0,38.0,0.0,0.0,52.0,52.0,0.0,0.0,52.0,0.0,0.0,0.0,52.0,0.0,0.0,66.0,0.0,38.0,0.0,38.0,0.0,0.0,0.0,0.0,0.0,52.0,0.0
0.0,0.0,0.0,0.0,0.0,0.0,52.0,0.0,0.0,38.0,0.0,0.0,0.0,0.0,0.0,0.0,0.0,0.0,38.0,52.0,52.0,52.0,66.0,0.0,0.0,0.0,0.0,0.0,0.0,0.0,0.0,0.0,0.0,0.0,0.0,0.0,0.0,0.0,0.0,0.0,0.0,0.0,38.0,0.0,0.0,38.0,0.0,52.0,0.0,0.0,0.0,0.0,0.0,0.0,0.0,0.0,0.0,0.0,0.0,0.0,0.0,0.0,0.0,0.0,52.0,0.0,0.0,0.0,0.0,0.0,0.0,0.0,0.0,0.0,0.0,0.0,0.0,392.0,38.0,52.0,0.0,0.0,0.0,0.0,0.0,0.0,0.0,0.0,0.0,0.0,0.0,0.0,0.0,0.0,0.0,0.0,392.0,0.0,0.0,0.0
0.0,0.0,0.0,0.0,0.0,0.0,0.0,0.0,0.0,0.0,0.0,0.0,0.0,52.0,0.0,0.0,0.0,0.0,0.0,0.0,52.0,0.0,0.0,0.0,0.0,0.0,0.0,0.0,0.0,0.0,0.0,0.0,52.0,66.0,0.0,0.0,0.0,0.0,0.0,0.0,52.0,0.0,0.0,0.0,0.0,0.0,0.0,0.0,0.0,0.0,0.0,0.0,0.0,0.0,0.0,0.0,0.0,0.0,0.0,0.0,0.0,52.0,0.0,0.0,0.0,0.0,0.0,52.0,0.0,0.0,0.0,0.0,0.0,0.0,0.0,0.0,0.0,0.0,0.0,0.0,0.0,0.0,0.0,0.0,0.0,0.0,0.0,0.0,0.0,0.0,52.0,0.0,0.0,0.0,0.0,0.0,52.0,0.0,0.0,0.0
0.0,0.0,0.0,52.0,0.0,0.0,0.0,0.0,66.0,0.0,52.0,38.0,0.0,0.0,0.0,0.0,0.0,0.0,0.0,0.0,0.0,0.0,38.0,38.0,0.0,0.0,392.0,0.0,0.0,0.0,52.0,0.0,0.0,0.0,0.0,0.0,0.0,0.0,0.0,38.0,0.0,0.0,0.0,0.0,0.0,0.0,38.0,0.0,52.0,0.0,0.0,0.0,0.0,0.0,0.0,38.0,0.0,66.0,0.0,0.0,0.0,0.0,0.0,66.0,0.0,408.0,0.0,0.0,0.0,0.0,0.0,0.0,52.0,0.0,0.0,376.0,0.0,0.0,0.0,0.0,52.0,0.0,0.0,66.0,0.0,0.0,0.0,0.0,0.0,0.0,52.0,0.0,52.0,0.0,38.0,0.0,0.0,0.0,0.0,0.0
52.0,0.0,0.0,38.0,0.0,52.0,0.0,0.0,0.0,52.0,392.0,66.0,0.0,0.0,0.0,0.0,0.0,0.0,0.0,0.0,0.0,0.0,0.0,0.0,0.0,0.0,0.0,0.0,0.0,66.0,0.0,0.0,0.0,0.0,0.0,0.0,0.0,0.0,0.0,52.0,0.0,0.0,52.0,0.0,0.0,0.0,0.0,0.0,0.0,0.0,0.0,0.0,38.0,0.0,0.0,0.0,0.0,0.0,0.0,0.0,0.0,38.0,52.0,0.0,0.0,0.0,0.0,0.0,0.0,0.0,0.0,0.0,0.0,0.0,0.0,0.0,0.0,0.0,0.0,0.0,0.0,0.0,0.0,0.0,0.0,0.0,0.0,0.0,0.0,0.0,0.0,0.0,0.0,0.0,0.0,52.0,0.0,0.0,0.0,0.0
0.0,0.0,0.0,0.0,0.0,0.0,0.0,0.0,0.0,0.0,0.0,0.0,0.0,0.0,52.0,0.0,0.0,0.0,0.0,38.0,38.0,0.0,0.0,38.0,0.0,0.0,0.0,0.0,0.0,0.0,0.0,0.0,0.0,0.0,66.0,52.0,0.0,0.0,0.0,0.0,0.0,0.0,0.0,0.0,0.0,0.0,0.0,0.0,0.0,0.0,0.0,0.0,0.0,0.0,0.0,0.0,0.0,0.0,0.0,0.0,38.0,0.0,0.0,0.0,0.0,52.0,0.0,0.0,0.0,0.0,0.0,0.0,0.0,0.0,0.0,0.0,0.0,66.0,0.0,0.0,38.0,0.0,0.0,38.0,0.0,0.0,52.0,0.0,0.0,0.0,38.0,0.0,0.0,0.0,0.0,0.0,0.0,0.0,0.0,0.0
0.0,0.0,66.0,392.0,0.0,0.0,52.0,38.0,0.0,0.0,0.0,0.0,0.0,38.0,0.0,0.0,0.0,0.0,0.0,0.0,0.0,0.0,0.0,0.0,38.0,52.0,0.0,66.0,0.0,0.0,38.0,0.0,0.0,0.0,0.0,0.0,0.0,0.0,0.0,0.0,0.0,0.0,0.0,0.0,0.0,66.0,0.0,0.0,0.0,0.0,0.0,0.0,0.0,0.0,408.0,0.0,38.0,0.0,0.0,0.0,0.0,0.0,0.0,0.0,38.0,0.0,0.0,0.0,0.0,0.0,0.0,0.0,392.0,0.0,38.0,0.0,0.0,0.0,0.0,0.0,0.0,0.0,392.0,0.0,0.0,0.0,0.0,0.0,0.0,0.0,0.0,0.0,0.0,52.0,0.0,0.0,0.0,0.0,0.0,0.0
0.0,0.0,0.0,38.0,0.0,0.0,0.0,0.0,0.0,52.0,0.0,0.0,0.0,0.0,38.0,0.0,0.0,0.0,0.0,0.0,38.0,0.0,0.0,0.0,0.0,0.0,0.0,38.0,0.0,38.0,0.0,52.0,0.0,0.0,38.0,0.0,0.0,0.0,0.0,0.0,424.0,0.0,0.0,0.0,66.0,38.0,0.0,0.0,392.0,0.0,0.0,0.0,0.0,0.0,66.0,0.0,66.0,0.0,0.0,0.0,0.0,38.0,0.0,0.0,0.0,0.0,0.0,0.0,0.0,0.0,0.0,0.0,52.0,0.0,0.0,0.0,0.0,38.0,0.0,0.0,0.0,0.0,0.0,52.0,52.0,0.0,0.0,0.0,38.0,52.0,0.0,66.0,0.0,0.0,0.0,66.0,0.0,0.0,0.0,0.0
52.0,0.0,66.0,0.0,0.0,0.0,0.0,0.0,0.0,0.0,0.0,408.0,408.0,0.0,52.0,0.0,0.0,0.0,0.0,0.0,38.0,52.0,0.0,0.0,0.0,0.0,52.0,0.0,0.0,0.0,0.0,38.0,52.0,0.0,0.0,38.0,0.0,0.0,0.0,0.0,0.0,38.0,0.0,0.0,52.0,0.0,38.0,52.0,52.0,0.0,66.0,52.0,0.0,0.0,0.0,66.0,0.0,52.0,0.0,0.0,0.0,0.0,0.0,0.0,0.0,0.0,0.0,0.0,0.0,0.0,0.0,0.0,38.0,0.0,38.0,0.0,0.0,0.0,0.0,0.0,0.0,0.0,0.0,392.0,0.0,0.0,52.0,0.0,0.0,0.0,52.0,52.0,66.0,0.0,66.0,0.0,52.0,0.0,0.0,0.0
392.0,0.0,0.0,0.0,66.0,0.0,0.0,0.0,0.0,0.0,52.0,0.0,0.0,0.0,0.0,0.0,0.0,52.0,0.0,0.0,52.0,0.0,0.0,0.0,0.0,0.0,52.0,0.0,0.0,0.0,52.0,0.0,0.0,0.0,0.0,0.0,0.0,0.0,0.0,0.0,0.0,0.0,0.0,0.0,0.0,392.0,0.0,0.0,392.0,0.0,0.0,0.0,38.0,0.0,0.0,0.0,0.0,0.0,0.0,0.0,0.0,0.0,0.0,0.0,0.0,0.0,0.0,0.0,38.0,52.0,0.0,52.0,52.0,0.0,52.0,66.0,0.0,0.0,0.0,0.0,0.0,0.0,0.0,0.0,38.0,0.0,0.0,0.0,0.0,0.0,0.0,52.0,0.0,0.0,0.0,0.0,0.0,0.0,0.0,0.0
0.0,0.0,0.0,0.0,38.0,0.0,0.0,0.0,0.0,0.0,0.0,0.0,0.0,0.0,0.0,38.0,0.0,52.0,38.0,0.0,0.0,0.0,0.0,0.0,0.0,0.0,0.0,0.0,0.0,0.0,0.0,0.0,0.0,0.0,0.0,0.0,0.0,0.0,38.0,0.0,0.0,0.0,0.0,0.0,0.0,52.0,0.0,0.0,0.0,0.0,0.0,0.0,0.0,0.0,0.0,52.0,0.0,0.0,0.0,0.0,66.0,0.0,0.0,66.0,0.0,0.0,0.0,0.0,0.0,0.0,0.0,0.0,0.0,0.0,0.0,0.0,0.0,0.0,52.0,0.0,0.0,408.0,0.0,0.0,392.0,0.0,0.0,0.0,66.0,52.0,0.0,0.0,0.0,0.0,0.0,52.0,0.0,0.0,52.0,0.0
52.0,52.0,0.0,52.0,0.0,0.0,52.0,0.0,38.0,0.0,0.0,0.0,408.0,0.0,0.0,0.0,0.0,0.0,0.0,0.0,38.0,0.0,0.0,0.0,0.0,52.0,0.0,0.0,0.0,0.0,0.0,0.0,52.0,0.0,0.0,408.0,0.0,0.0,0.0,66.0,0.0,52.0,66.0,0.0,0.0,0.0,0.0,52.0,52.0,0.0,0.0,0.0,0.0,0.0,52.0,0.0,0.0,0.0,66.0,0.0,0.0,52.0,0.0,0.0,0.0,0.0,0.0,52.0,0.0,38.0,0.0,0.0,408.0,0.0,0.0,0.0,376.0,392.0,0.0,0.0,0.0,0.0,0.0,0.0,0.0,0.0,0.0,0.0,0.0,0.0,0.0,0.0,0.0,0.0,52.0,52.0,38.0,52.0,38.0,0.0
0.0,0.0,0.0,38.0,0.0,0.0,0.0,66.0,52.0,0.0,0.0,52.0,0.0,52.0,38.0,52.0,0.0,0.0,0.0,0.0,0.0,0.0,0.0,0.0,0.0,0.0,52.0,0.0,0.0,38.0,0.0,52.0,408.0,52.0,0.0,0.0,38.0,0.0,52.0,0.0,52.0,0.0,0.0,0.0,0.0,0.0,0.0,0.0,0.0,52.0,0.0,66.0,66.0,0.0,0.0,0.0,0.0,38.0,0.0,0.0,0.0,38.0,0.0,0.0,0.0,52.0,0.0,38.0,52.0,0.0,408.0,66.0,0.0,0.0,0.0,0.0,0.0,38.0,0.0,52.0,0.0,52.0,0.0,0.0,0.0,0.0,0.0,0.0,52.0,0.0,0.0,0.0,0.0,0.0,52.0,38.0,52.0,0.0,0.0,0.0
0.0,0.0,0.0,0.0,0.0,0.0,0.0,0.0,0.0,0.0,0.0,0.0,0.0,0.0,38.0,0.0,0.0,0.0,0.0,0.0,0.0,0.0,0.0,0.0,0.0,0.0,52.0,0.0,0.0,0.0,0.0,0.0,0.0,0.0,38.0,52.0,408.0,0.0,0.0,0.0,0.0,0.0,0.0,52.0,0.0,0.0,0.0,0.0,0.0,0.0,0.0,0.0,0.0,392.0,0.0,0.0,0.0,0.0,0.0,66.0,52.0,52.0,0.0,0.0,0.0,0.0,0.0,0.0,52.0,0.0,0.0,0.0,0.0,0.0,0.0,0.0,52.0,0.0,0.0,0.0,0.0,52.0,0.0,0.0,0.0,0.0,0.0,0.0,0.0,0.0,52.0,0.0,0.0,0.0,0.0,38.0,0.0,0.0,52.0,0.0
0.0,66.0,0.0,0.0,52.0,0.0,38.0,0.0,0.0,0.0,52.0,0.0,0.0,0.0,0.0,0.0,0.0,0.0,0.0,0.0,0.0,52.0,38.0,0.0,38.0,0.0,0.0,38.0,0.0,376.0,0.0,0.0,52.0,52.0,376.0,52.0,0.0,0.0,0.0,392.0,0.0,0.0,0.0,0.0,0.0,0.0,0.0,0.0,0.0,0.0,0.0,0.0,0.0,0.0,0.0,0.0,38.0,0.0,0.0,0.0,0.0,52.0,0.0,38.0,0.0,0.0,0.0,0.0,0.0,38.0,0.0,0.0,52.0,0.0,38.0,0.0,0.0,0.0,0.0,0.0,38.0,0.0,0.0,0.0,0.0,0.0,0.0,0.0,0.0,0.0,0.0,392.0,0.0,0.0,0.0,52.0,0.0,52.0,0.0,0.0
0.0,0.0,0.0,0.0,0.0,0.0,0.0,0.0,0.0,0.0,376.0,0.0,52.0,0.0,0.0,0.0,0.0,0.0,0.0,0.0,0.0,0.0,0.0,0.0,376.0,0.0,0.0,38.0,0.0,0.0,0.0,0.0,0.0,0.0,0.0,0.0,0.0,0.0,0.0,0.0,0.0,0.0,0.0,0.0,0.0,0.0,0.0,0.0,0.0,0.0,0.0,0.0,0.0,0.0,0.0,38.0,0.0,0.0,0.0,0.0,0.0,0.0,0.0,0.0,0.0,0.0,0.0,0.0,0.0,0.0,0.0,0.0,0.0,0.0,0.0,52.0,52.0,38.0,0.0,52.0,0.0,0.0,0.0,0.0,0.0,0.0,0.0,0.0,408.0,0.0,0.0,0.0,0.0,0.0,0.0,0.0,0.0,0.0,0.0,0.0
0.0,0.0,0.0,52.0,0.0,0.0,66.0,0.0,52.0,0.0,0.0,0.0,38.0,0.0,0.0,0.0,392.0,52.0,0.0,0.0,0.0,0.0,0.0,52.0,0.0,0.0,0.0,0.0,0.0,0.0,0.0,0.0,0.0,52.0,0.0,66.0,52.0,0.0,38.0,38.0,52.0,0.0,0.0,0.0,52.0,38.0,0.0,0.0,424.0,0.0,0.0,0.0,0.0,0.0,0.0,38.0,52.0,0.0,0.0,0.0,66.0,0.0,0.0,0.0,0.0,0.0,0.0,0.0,0.0,0.0,0.0,0.0,0.0,0.0,0.0,0.0,0.0,0.0,0.0,0.0,0.0,0.0,0.0,52.0,38.0,0.0,0.0,0.0,0.0,0.0,38.0,0.0,52.0,52.0,52.0,52.0,0.0,0.0,52.0,52.0
0.0,0.0,0.0,0.0,0.0,0.0,0.0,38.0,0.0,52.0,0.0,52.0,38.0,408.0,0.0,38.0,0.0,0.0,0.0,0.0,0.0,0.0,0.0,0.0,0.0,52.0,52.0,0.0,0.0,0.0,0.0,0.0,0.0,0.0,38.0,38.0,0.0,52.0,0.0,0.0,38.0,0.0,0.0,0.0,0.0,0.0,0.0,0.0,0.0,0.0,0.0,0.0,0.0,0.0,0.0,424.0,0.0,0.0,0.0,0.0,0.0,0.0,38.0,0.0,0.0,0.0,0.0,0.0,0.0,0.0,0.0,66.0,52.0,0.0,38.0,0.0,0.0,376.0,0.0,424.0,0.0,0.0,0.0,0.0,38.0,0.0,38.0,66.0,408.0,38.0,0.0,52.0,52.0,38.0,0.0,0.0,0.0,0.0,0.0,0.0
0.0,0.0,0.0,0.0,0.0,0.0,38.0,38.0,0.0,0.0,0.0,0.0,392.0,0.0,0.0,0.0,0.0,0.0,0.0,0.0,0.0,0.0,38.0,0.0,38.0,0.0,0.0,0.0,0.0,52.0,0.0,0.0,0.0,0.0,0.0,0.0,0.0,0.0,0.0,0.0,0.0,0.0,0.0,0.0,52.0,0.0,0.0,66.0,0.0,0.0,0.0,38.0,0.0,66.0,66.0,0.0,0.0,38.0,0.0,0.0,52.0,0.0,0.0,52.0,0.0,0.0,424.0,52.0,52.0,0.0,52.0,0.0,52.0,0.0,0.0,0.0,0.0,0.0,0.0,0.0,392.0,392.0,0.0,392.0,66.0,38.0,38.0,0.0,0.0,0.0,0.0,52.0,0.0,0.0,0.0,0.0,0.0,0.0,0.0,0.0
0.0,52.0,0.0,66.0,0.0,0.0,0.0,0.0,0.0,0.0,0.0,0.0,0.0,0.0,0.0,0.0,0.0,0.0,0.0,0.0,0.0,0.0,0.0,0.0,0.0,0.0,0.0,0.0,0.0,0.0,0.0,0.0,0.0,0.0,0.0,0.0,0.0,0.0,0.0,0.0,0.0,0.0,0.0,38.0,0.0,52.0,0.0,0.0,0.0,0.0,0.0,0.0,0.0,0.0,0.0,0.0,0.0,0.0,0.0,0.0,0.0,0.0,424.0,0.0,0.0,0.0,0.0,0.0,0.0,0.0,0.0,0.0,0.0,0.0,0.0,0.0,0.0,0.0,0.0,0.0,0.0,0.0,0.0,0.0,0.0,0.0,0.0,0.0,0.0,0.0,0.0,0.0,0.0,0.0,0.0,0.0,0.0,0.0,0.0,0.0
0.0,38.0,38.0,38.0,66.0,0.0,0.0,0.0,0.0,38.0,0.0,0.0,38.0,0.0,0.0,52.0,0.0,0.0,0.0,0.0,0.0,0.0,66.0,0.0,0.0,52.0,0.0,0.0,52.0,0.0,0.0,0.0,0.0,52.0,0.0,0.0,0.0,52.0,52.0,0.0,0.0,66.0,392.0,0.0,0.0,52.0,408.0,38.0,0.0,0.0,0.0,0.0,0.0,0.0,0.0,0.0,38.0,0.0,0.0,52.0,0.0,0.0,0.0,0.0,0.0,0.0,0.0,52.0,0.0,0.0,0.0,0.0,0.0,0.0,52.0,0.0,0.0,0.0,0.0,0.0,52.0,0.0,52.0,52.0,0.0,0.0,66.0,0.0,0.0,0.0,408.0,0.0,0.0,66.0,0.0,0.0,0.0,0.0,0.0,0.0
0.0,38.0,0.0,0.0,0.0,0.0,0.0,0.0,0.0,0.0,408.0,0.0,0.0,0.0,0.0,0.0,0.0,0.0,52.0,0.0,0.0,0.0,52.0,0.0,408.0,0.0,0.0,0.0,0.0,0.0,52.0,52.0,0.0,0.0,0.0,0.0,0.0,38.0,0.0,0.0,0.0,0.0,52.0,0.0,0.0,0.0,0.0,0.0,52.0,38.0,0.0,66.0,66.0,0.0,0.0,0.0,0.0,52.0,0.0,0.0,0.0,0.0,66.0,0.0,52.0,38.0,0.0,0.0,0.0,52.0,0.0,0.0,0.0,0.0,52.0,392.0,0.0,0.0,0.0,0.0,0.0,0.0,38.0,0.0,0.0,38.0,38.0,0.0,52.0,0.0,0.0,0.0,0.0,0.0,0.0,52.0,0.0,0.0,376.0,52.0
0.0,0.0,0.0,0.0,0.0,0.0,0.0,0.0,408.0,0.0,0.0,0.0,0.0,0.0,0.0,0.0,0.0,0.0,0.0,0.0,0.0,0.0,0.0,0.0,0.0,0.0,0.0,0.0,66.0,0.0,0.0,0.0,0.0,0.0,52.0,0.0,0.0,0.0,0.0,0.0,0.0,0.0,0.0,0.0,0.0,0.0,0.0,0.0,0.0,52.0,0.0,38.0,0.0,0.0,66.0,0.0,0.0,0.0,0.0,0.0,0.0,0.0,0.0,0.0,0.0,0.0,0.0,0.0,0.0,0.0,0.0,0.0,0.0,0.0,0.0,0.0,0.0,0.0,0.0,0.0,0.0,0.0,0.0,0.0,0.0,66.0,0.0,0.0,0.0,0.0,0.0,0.0,0.0,0.0,0.0,0.0,0.0,0.0,0.0,0.0
0.0,0.0,0.0,0.0,0.0,0.0,0.0,0.0,0.0,0.0,0.0,38.0,0.0,0.0,0.0,0.0,0.0,0.0,0.0,0.0,0.0,0.0,0.0,0.0,0.0,66.0,0.0,0.0,0.0,0.0,0.0,0.0,0.0,0.0,0.0,0.0,0.0,0.0,0.0,0.0,0.0,52.0,0.0,0.0,0.0,0.0,0.0,0.0,0.0,0.0,0.0,0.0,0.0,0.0,0.0,0.0,0.0,0.0,0.0,0.0,0.0,0.0,0.0,0.0,0.0,0.0,0.0,52.0,0.0,0.0,0.0,0.0,0.0,38.0,0.0,0.0,0.0,0.0,0.0,0.0,66.0,0.0,0.0,0.0,0.0,0.0,0.0,0.0,0.0,0.0,0.0,0.0,0.0,0.0,0.0,0.0,0.0,38.0,0.0,0.0
52.0,0.0,0.0,0.0,0.0,0.0,0.0,0.0,0.0,0.0,0.0,0.0,0.0,52.0,0.0,408.0,0.0,0.0,52.0,0.0,52.0,52.0,0.0,0.0,0.0,0.0,52.0,66.0,0.0,0.0,0.0,0.0,0.0,0.0,0.0,38.0,0.0,0.0,0.0,0.0,0.0,0.0,0.0,0.0,0.0,0.0,0.0,0.0,52.0,0.0,0.0,0.0,0.0,0.0,52.0,0.0,408.0,0.0,0.0,52.0,0.0,0.0,52.0,0.0,0.0,0.0,52.0,0.0,392.0,0.0,52.0,0.0,0.0,0.0,38.0,0.0,0.0,0.0,38.0,52.0,52.0,0.0,0.0,0.0,52.0,0.0,0.0,38.0,0.0,0.0,0.0,0.0,52.0,0.0,0.0,0.0,0.0,0.0,0.0,0.0
0.0,0.0,0.0,0.0,0.0,0.0,0.0,0.0,0.0,0.0,0.0,0.0,0.0,0.0,0.0,424.0,0.0,408.0,0.0,0.0,0.0,0.0,0.0,0.0,0.0,0.0,0.0,0.0,52.0,0.0,0.0,0.0,0.0,0.0,0.0,0.0,0.0,0.0,52.0,0.0,0.0,0.0,0.0,0.0,0.0,0.0,0.0,0.0,0.0,0.0,0.0,52.0,0.0,0.0,0.0,0.0,0.0,52.0,0.0,52.0,0.0,0.0,0.0,0.0,0.0,0.0,0.0,66.0,0.0,0.0,38.0,0.0,52.0,0.0,0.0,0.0,0.0,0.0,38.0,0.0,0.0,0.0,0.0,0.0,0.0,66.0,0.0,0.0,0.0,52.0,0.0,0.0,0.0,0.0,0.0,0.0,0.0,0.0,0.0,0.0
0.0,0.0,52.0,0.0,0.0,0.0,0.0,52.0,52.0,0.0,66.0,0.0,0.0,0.0,0.0,52.0,52.0,0.0,0.0,0.0,38.0,0.0,0.0,52.0,0.0,0.0,0.0,52.0,52.0,0.0,0.0,0.0,0.0,0.0,0.0,0.0,0.0,38.0,38.0,52.0,0.0,0.0,0.0,0.0,0.0,0.0,0.0,0.0,0.0,0.0,0.0,52.0,0.0,0.0,0.0,0.0,0.0,52.0,0.0,52.0,0.0,0.0,0.0,0.0,0.0,0.0,0.0,376.0,0.0,0.0,38.0,0.0,0.0,0.0,0.0,0.0,0.0,0.0,0.0,0.0,52.0,0.0,0.0,0.0,0.0,0.0,0.0,0.0,0.0,392.0,52.0,0.0,0.0,0.0,0.0,0.0,0.0,0.0,0.0,38.0
52.0,0.0,52.0,0.0,0.0,0.0,0.0,0.0,52.0,0.0,0.0,0.0,0.0,0.0,0.0,0.0,0.0,52.0,0.0,0.0,0.0,0.0,0.0,0.0,0.0,0.0,0.0,66.0,0.0,38.0,38.0,0.0,0.0,0.0,0.0,0.0,0.0,0.0,0.0,0.0,0.0,52.0,0.0,0.0,0.0,0.0,0.0,0.0,0.0,0.0,0.0,0.0,0.0,38.0,0.0,0.0,0.0,0.0,0.0,0.0,0.0,38.0,0.0,0.0,0.0,0.0,0.0,66.0,0.0,38.0,52.0,0.0,0.0,0.0,0.0,38.0,38.0,0.0,0.0,0.0,0.0,0.0,0.0,0.0,376.0,0.0,0.0,0.0,52.0,52.0,0.0,0.0,0.0,0.0,0.0,0.0,0.0,38.0,0.0,0.0
0.0,0.0,52.0,0.0,0.0,52.0,0.0,0.0,0.0,0.0,66.0,0.0,52.0,0.0,0.0,0.0,0.0,0.0,0.0,0.0,0.0,0.0,0.0,0.0,0.0,0.0,0.0,0.0,0.0,0.0,0.0,0.0,0.0,0.0,0.0,0.0,0.0,0.0,0.0,0.0,0.0,0.0,0.0,0.0,0.0,0.0,0.0,0.0,0.0,0.0,0.0,0.0,52.0,0.0,0.0,0.0,0.0,0.0,0.0,52.0,0.0,38.0,424.0,0.0,0.0,0.0,52.0,0.0,52.0,424.0,0.0,0.0,0.0,0.0,0.0,0.0,0.0,52.0,0.0,0.0,0.0,0.0,0.0,0.0,0.0,0.0,0.0,0.0,52.0,0.0,0.0,0.0,0.0,0.0,0.0,0.0,0.0,0.0,38.0,0.0
0.0,0.0,0.0,0.0,0.0,0.0,0.0,0.0,0.0,0.0,0.0,0.0,0.0,0.0,0.0,0.0,0.0,0.0,0.0,0.0,0.0,0.0,0.0,52.0,0.0,52.0,0.0,38.0,0.0,66.0,0.0,52.0,52.0,0.0,0.0,0.0,0.0,38.0,0.0,0.0,0.0,0.0,0.0,0.0,0.0,0.0,0.0,0.0,0.0,0.0,0.0,0.0,0.0,0.0,0.0,0.0,0.0,0.0,0.0,0.0,0.0,0.0,0.0,0.0,0.0,0.0,0.0,0.0,0.0,0.0,0.0,0.0,0.0,0.0,0.0,0.0,0.0,0.0,0.0,0.0,0.0,0.0,0.0,0.0,0.0,0.0,0.0,0.0,0.0,52.0,0.0,0.0,0.0,0.0,0.0,0.0,0.0,0.0,0.0,0.0
0.0,0.0,0.0,0.0,0.0,0.0,0.0,0.0,0.0,0.0,0.0,0.0,0.0,0.0,0.0,0.0,66.0,0.0,0.0,0.0,0.0,0.0,0.0,0.0,0.0,0.0,0.0,0.0,0.0,0.0,0.0,0.0,0.0,38.0,0.0,0.0,0.0,0.0,0.0,0.0,0.0,0.0,0.0,0.0,0.0,0.0,0.0,0.0,0.0,0.0,0.0,0.0,0.0,0.0,0.0,0.0,38.0,0.0,0.0,52.0,0.0,0.0,0.0,0.0,0.0,0.0,0.0,0.0,0.0,0.0,0.0,0.0,0.0,0.0,0.0,0.0,0.0,0.0,0.0,52.0,0.0,0.0,0.0,0.0,0.0,0.0,0.0,0.0,0.0,0.0,0.0,0.0,38.0,408.0,0.0,0.0,0.0,0.0,0.0,0.0
0.0,0.0,0.0,0.0,0.0,52.0,0.0,0.0,0.0,0.0,0.0,0.0,0.0,0.0,0.0,38.0,0.0,0.0,0.0,0.0,0.0,0.0,38.0,0.0,0.0,0.0,0.0,0.0,408.0,0.0,0.0,0.0,0.0,0.0,0.0,0.0,0.0,0.0,0.0,0.0,0.0,0.0,0.0,0.0,0.0,0.0,0.0,0.0,0.0,0.0,0.0,0.0,38.0,0.0,0.0,0.0,0.0,0.0,0.0,0.0,0.0,0.0,0.0,0.0,0.0,0.0,38.0,0.0,0.0,0.0,66.0,0.0,0.0,66.0,0.0,0.0,0.0,52.0,0.0,52.0,0.0,0.0,0.0,0.0,0.0,0.0,0.0,0.0,0.0,0.0,0.0,0.0,0.0,0.0,0.0,0.0,0.0,0.0,0.0,0.0
0.0,0.0,0.0,0.0,0.0,0.0,0.0,0.0,0.0,0.0,0.0,52.0,0.0,0.0,0.0,0.0,0.0,0.0,0.0,0.0,0.0,0.0,0.0,0.0,0.0,52.0,0.0,0.0,0.0,0.0,0.0,0.0,0.0,66.0,0.0,0.0,52.0,0.0,0.0,0.0,0.0,0.0,0.0,52.0,0.0,0.0,0.0,0.0,0.0,0.0,0.0,0.0,0.0,0.0,0.0,52.0,38.0,52.0,0.0,52.0,0.0,0.0,0.0,0.0,0.0,0.0,0.0,0.0,0.0,0.0,0.0,0.0,52.0,0.0,38.0,0.0,0.0,52.0,0.0,0.0,0.0,0.0,66.0,0.0,0.0,0.0,0.0,0.0,0.0,0.0,0.0,0.0,0.0,0.0,0.0,38.0,0.0,0.0,0.0,0.0
0.0,0.0,0.0,0.0,0.0,0.0,0.0,0.0,0.0,66.0,0.0,0.0,0.0,0.0,0.0,38.0,0.0,0.0,0.0,0.0,0.0,0.0,0.0,0.0,0.0,0.0,0.0,0.0,0.0,0.0,0.0,0.0,52.0,52.0,0.0,0.0,0.0,0.0,0.0,0.0,0.0,0.0,0.0,52.0,52.0,0.0,0.0,0.0,0.0,0.0,52.0,0.0,0.0,0.0,0.0,0.0,0.0,0.0,0.0,0.0,0.0,0.0,0.0,0.0,0.0,0.0,0.0,0.0,0.0,0.0,0.0,0.0,0.0,0.0,0.0,0.0,0.0,0.0,0.0,0.0,52.0,0.0,0.0,0.0,0.0,38.0,0.0,0.0,52.0,0.0,0.0,38.0,0.0,0.0,0.0,392.0,0.0,0.0,52.0,0.0
0.0,0.0,0.0,0.0,0.0,0.0,0.0,0.0,0.0,52.0,0.0,0.0,38.0,0.0,52.0,0.0,52.0,0.0,0.0,0.0,0.0,0.0,0.0,52.0,52.0,0.0,0.0,0.0,0.0,424.0,0.0,0.0,0.0,0.0,0.0,0.0,52.0,0.0,0.0,0.0,52.0,0.0,0.0,0.0,52.0,0.0,0.0,0.0,0.0,66.0,0.0,52.0,0.0,0.0,0.0,0.0,66.0,0.0,0.0,0.0,66.0,0.0,52.0,0.0,66.0,66.0,0.0,0.0,0.0,0.0,0.0,0.0,0.0,0.0,0.0,0.0,0.0,66.0,0.0,0.0,0.0,0.0,66.0,52.0,0.0,0.0,0.0,0.0,0.0,0.0,0.0,0.0,0.0,0.0,52.0,0.0,52.0,0.0,38.0,52.0
0.0,0.0,0.0,38.0,0.0,0.0,0.0,0.0,0.0,0.0,0.0,0.0,66.0,0.0,66.0,38.0,408.0,0.0,0.0,0.0,0.0,0.0,0.0,0.0,66.0,0.0,0.0,0.0,52.0,0.0,0.0,0.0,0.0,0.0,0.0,0.0,0.0,0.0,0.0,0.0,0.0,0.0,0.0,0.0,66.0,0.0,0.0,0.0,0.0,0.0,0.0,0.0,0.0,0.0,0.0,0.0,0.0,0.0,0.0,0.0,0.0,0.0,0.0,0.0,38.0,66.0,0.0,0.0,0.0,0.0,0.0,0.0,0.0,0.0,0.0,0.0,0.0,0.0,0.0,0.0,0.0,0.0,0.0,0.0,0.0,0.0,0.0,0.0,0.0,0.0,424.0,0.0,0.0,0.0,0.0,0.0,0.0,0.0,0.0,0.0
0.0,0.0,0.0,0.0,0.0,0.0,0.0,0.0,0.0,0.0,0.0,0.0,0.0,0.0,0.0,0.0,0.0,0.0,0.0,0.0,0.0,0.0,0.0,0.0,0.0,0.0,0.0,0.0,0.0,0.0,52.0,66.0,0.0,0.0,0.0,0.0,0.0,0.0,0.0,0.0,0.0,0.0,0.0,0.0,0.0,0.0,66.0,0.0,0.0,0.0,0.0,0.0,0.0,0.0,0.0,0.0,0.0,0.0,0.0,0.0,0.0,0.0,0.0,0.0,0.0,0.0,0.0,0.0,0.0,0.0,0.0,0.0,0.0,0.0,0.0,0.0,52.0,0.0,0.0,38.0,52.0,0.0,0.0,0.0,0.0,0.0,0.0,0.0,38.0,0.0,0.0,392.0,0.0,0.0,0.0,0.0,66.0,52.0,0.0,0.0
0.0,0.0,0.0,0.0,0.0,0.0,0.0,0.0,66.0,0.0,0.0,0.0,0.0,0.0,0.0,0.0,0.0,0.0,0.0,0.0,0.0,0.0,0.0,0.0,0.0,0.0,52.0,0.0,0.0,0.0,0.0,0.0,52.0,0.0,0.0,0.0,0.0,0.0,0.0,0.0,0.0,0.0,0.0,0.0,0.0,0.0,0.0,0.0,0.0,0.0,0.0,52.0,0.0,0.0,0.0,0.0,0.0,0.0,0.0,424.0,0.0,0.0,0.0,0.0,0.0,0.0,0.0,0.0,0.0,0.0,0.0,0.0,0.0,424.0,0.0,0.0,0.0,0.0,0.0,0.0,0.0,0.0,0.0,0.0,0.0,0.0,0.0,0.0,0.0,0.0,0.0,0.0,0.0,0.0,0.0,0.0,0.0,0.0,424.0,0.0
0.0,0.0,0.0,0.0,0.0,0.0,0.0,0.0,0.0,52.0,52.0,0.0,66.0,0.0,0.0,66.0,0.0,0.0,0.0,52.0,0.0,52.0,0.0,0.0,0.0,0.0,0.0,0.0,0.0,0.0,0.0,0.0,38.0,38.0,0.0,0.0,0.0,0.0,0.0,0.0,52.0,0.0,52.0,0.0,0.0,0.0,0.0,0.0,52.0,0.0,0.0,0.0,0.0,0.0,0.0,0.0,0.0,0.0,0.0,0.0,0.0,0.0,0.0,0.0,0.0,52.0,0.0,376.0,52.0,0.0,0.0,0.0,0.0,0.0,0.0,52.0,0.0,38.0,0.0,0.0,52.0,0.0,0.0,0.0,38.0,0.0,0.0,0.0,0.0,0.0,38.0,0.0,52.0,0.0,52.0,0.0,0.0,0.0,38.0,0.0
0.0,0.0,0.0,0.0,0.0,0.0,0.0,0.0,0.0,0.0,0.0,0.0,38.0,0.0,0.0,0.0,0.0,0.0,0.0,0.0,0.0,52.0,0.0,0.0,0.0,52.0,0.0,52.0,0.0,0.0,0.0,0.0,0.0,0.0,392.0,0.0,0.0,0.0,0.0,0.0,0.0,0.0,0.0,52.0,0.0,0.0,0.0,0.0,0.0,0.0,0.0,0.0,0.0,0.0,0.0,0.0,0.0,0.0,0.0,0.0,0.0,38.0,0.0,0.0,52.0,0.0,0.0,0.0,66.0,0.0,0.0,0.0,0.0,0.0,0.0,0.0,0.0,66.0,0.0,0.0,38.0,0.0,0.0,0.0,66.0,0.0,0.0,0.0,0.0,0.0,0.0,0.0,0.0,0.0,0.0,0.0,0.0,0.0,66.0,38.0
52.0,0.0,0.0,38.0,66.0,0.0,0.0,0.0,0.0,0.0,0.0,0.0,0.0,0.0,0.0,0.0,408.0,52.0,66.0,52.0,0.0,0.0,0.0,38.0,0.0,52.0,0.0,0.0,0.0,66.0,52.0,0.0,52.0,52.0,0.0,38.0,38.0,0.0,0.0,0.0,0.0,0.0,0.0,52.0,0.0,52.0,52.0,0.0,0.0,38.0,66.0,0.0,0.0,0.0,0.0,52.0,0.0,52.0,0.0,0.0,0.0,52.0,0.0,66.0,0.0,38.0,0.0,0.0,52.0,0.0,0.0,0.0,0.0,0.0,0.0,392.0,52.0,0.0,0.0,0.0,0.0,0.0,0.0,52.0,38.0,0.0,0.0,0.0,0.0,0.0,0.0,0.0,0.0,0.0,0.0,66.0,0.0,392.0,66.0,66.0
0.0,0.0,38.0,0.0,0.0,0.0,0.0,0.0,0.0,0.0,0.0,0.0,66.0,38.0,0.0,0.0,0.0,0.0,0.0,52.0,0.0,52.0,0.0,0.0,392.0,38.0,52.0,0.0,0.0,0.0,38.0,38.0,0.0,66.0,0.0,0.0,0.0,0.0,0.0,0.0,0.0,52.0,0.0,0.0,0.0,0.0,0.0,66.0,0.0,0.0,0.0,0.0,0.0,0.0,0.0,0.0,38.0,38.0,0.0,0.0,0.0,0.0,0.0,0.0,0.0,0.0,0.0,0.0,0.0,0.0,0.0,0.0,38.0,0.0,0.0,392.0,0.0,52.0,0.0,0.0,0.0,66.0,0.0,52.0,0.0,0.0,0.0,0.0,0.0,0.0,0.0,0.0,0.0,0.0,0.0,52.0,0.0,0.0,52.0,38.0
0.0,0.0,38.0,0.0,0.0,0.0,0.0,0.0,0.0,0.0,0.0,0.0,0.0,0.0,0.0,0.0,52.0,0.0,0.0,52.0,0.0,0.0,38.0,0.0,52.0,0.0,0.0,0.0,0.0,0.0,0.0,0.0,52.0,66.0,0.0,52.0,0.0,0.0,0.0,52.0,0.0,0.0,0.0,0.0,38.0,0.0,0.0,52.0,0.0,0.0,0.0,0.0,52.0,0.0,0.0,0.0,0.0,0.0,52.0,0.0,424.0,0.0,0.0,0.0,0.0,0.0,38.0,0.0,0.0,0.0,66.0,0.0,0.0,0.0,0.0,0.0,0.0,0.0,66.0,0.0,0.0,0.0,0.0,0.0,0.0,0.0,0.0,0.0,0.0,0.0,0.0,0.0,0.0,0.0,0.0,0.0,52.0,0.0,0.0,0.0
0.0,0.0,0.0,0.0,0.0,52.0,38.0,0.0,0.0,0.0,0.0,0.0,0.0,0.0,0.0,0.0,0.0,0.0,38.0,0.0,38.0,0.0,0.0,0.0,0.0,66.0,0.0,52.0,0.0,0.0,0.0,0.0,0.0,0.0,0.0,38.0,392.0,0.0,0.0,66.0,0.0,0.0,0.0,0.0,0.0,0.0,52.0,38.0,0.0,0.0,0.0,424.0,0.0,0.0,52.0,0.0,0.0,0.0,66.0,0.0,0.0,0.0,0.0,0.0,38.0,0.0,0.0,52.0,0.0,0.0,0.0,0.0,0.0,0.0,0.0,0.0,0.0,0.0,0.0,0.0,0.0,0.0,0.0,0.0,0.0,38.0,38.0,408.0,0.0,0.0,0.0,0.0,38.0,0.0,0.0,0.0,0.0,0.0,0.0,0.0
0.0,0.0,0.0,0.0,0.0,0.0,0.0,0.0,0.0,0.0,0.0,0.0,0.0,0.0,0.0,0.0,0.0,0.0,52.0,0.0,0.0,0.0,0.0,0.0,0.0,0.0,0.0,0.0,0.0,0.0,0.0,0.0,0.0,0.0,0.0,0.0,0.0,0.0,0.0,0.0,38.0,0.0,0.0,0.0,0.0,0.0,0.0,0.0,0.0,0.0,38.0,0.0,0.0,0.0,0.0,0.0,0.0,0.0,0.0,424.0,0.0,0.0,0.0,0.0,0.0,0.0,0.0,0.0,0.0,0.0,0.0,0.0,0.0,0.0,0.0,0.0,0.0,52.0,0.0,0.0,0.0,0.0,0.0,0.0,0.0,0.0,0.0,0.0,0.0,0.0,0.0,0.0,0.0,0.0,0.0,0.0,0.0,0.0,0.0,0.0
0.0,0.0,0.0,0.0,0.0,52.0,38.0,0.0,52.0,0.0,0.0,0.0,0.0,0.0,0.0,0.0,0.0,0.0,0.0,0.0,0.0,0.0,66.0,52.0,0.0,52.0,0.0,0.0,0.0,0.0,0.0,0.0,0.0,0.0,0.0,0.0,0.0,38.0,0.0,52.0,66.0,0.0,0.0,52.0,0.0,66.0,52.0,0.0,0.0,0.0,0.0,0.0,0.0,0.0,0.0,0.0,0.0,66.0,0.0,66.0,0.0,0.0,0.0,0.0,0.0,0.0,0.0,0.0,0.0,0.0,0.0,0.0,0.0,0.0,0.0,0.0,0.0,0.0,0.0,0.0,66.0,0.0,0.0,52.0,0.0,0.0,0.0,0.0,0.0,0.0,0.0,0.0,0.0,0.0,0.0,0.0,0.0,0.0,0.0,0.0
0.0,52.0,0.0,52.0,0.0,0.0,0.0,0.0,38.0,0.0,0.0,0.0,0.0,0.0,0.0,0.0,0.0,0.0,0.0,0.0,0.0,0.0,0.0,0.0,0.0,392.0,52.0,0.0,0.0,52.0,0.0,38.0,0.0,38.0,0.0,0.0,0.0,0.0,0.0,0.0,0.0,52.0,0.0,0.0,66.0,0.0,0.0,0.0,0.0,52.0,0.0,52.0,52.0,0.0,0.0,0.0,0.0,0.0,52.0,52.0,0.0,0.0,0.0,0.0,0.0,0.0,0.0,0.0,0.0,0.0,52.0,0.0,0.0,52.0,66.0,0.0,0.0,0.0,38.0,0.0,0.0,38.0,0.0,0.0,0.0,0.0,376.0,52.0,0.0,0.0,0.0,0.0,0.0,0.0,52.0,0.0,0.0,0.0,0.0,0.0
0.0,0.0,0.0,52.0,0.0,52.0,52.0,0.0,0.0,0.0,0.0,0.0,0.0,66.0,0.0,0.0,0.0,0.0,0.0,0.0,0.0,0.0,0.0,0.0,66.0,0.0,0.0,0.0,0.0,0.0,0.0,66.0,0.0,0.0,0.0,0.0,0.0,66.0,0.0,0.0,38.0,0.0,0.0,0.0,0.0,0.0,52.0,0.0,52.0,52.0,0.0,0.0,0.0,0.0,38.0,0.0,0.0,52.0,0.0,52.0,0.0,0.0,0.0,52.0,0.0,52.0,0.0,0.0,0.0,0.0,52.0,0.0,0.0,0.0,0.0,0.0,52.0,52.0,0.0,0.0,0.0,0.0,0.0,0.0,0.0,38.0,0.0,0.0,0.0,0.0,38.0,0.0,0.0,0.0,66.0,0.0,0.0,0.0,0.0,66.0
0.0,0.0,0.0,0.0,0.0,52.0,0.0,0.0,0.0,0.0,0.0,52.0,0.0,52.0,0.0,0.0,38.0,0.0,0.0,0.0,0.0,0.0,0.0,0.0,0.0,0.0,0.0,0.0,0.0,52.0,0.0,0.0,0.0,0.0,0.0,52.0,38.0,0.0,0.0,0.0,0.0,0.0,52.0,0.0,0.0,0.0,0.0,52.0,0.0,52.0,0.0,0.0,0.0,0.0,0.0,0.0,0.0,0.0,0.0,0.0,66.0,0.0,0.0,52.0,0.0,0.0,0.0,38.0,376.0,0.0,0.0,0.0,0.0,38.0,0.0,0.0,0.0,0.0,0.0,0.0,38.0,0.0,38.0,38.0,0.0,0.0,0.0,0.0,0.0,0.0,0.0,0.0,0.0,0.0,0.0,0.0,52.0,0.0,0.0,0.0
