src,dst,spec,slots_used,core_src,core_dst,cores_used,tfk_slot
41,44,0,23,0,0,1,532.0
0,23,78,2,0,0,1,3.0
15,37,0,22,0,0,1,505.0
2,66,78,2,0,0,1,3.0
3,13,78,2,0,0,1,3.0
7,35,78,2,0,0,1,3.0
7,66,76,2,0,0,1,3.0
7,75,74,2,0,0,1,3.0
51,30,0,22,0,0,1,502.0
10,13,76,2,0,0,1,3.0
11,53,78,2,0,0,1,3.0
12,1,78,2,0,0,1,3.0
60,39,0,21,0,0,1,496.0
12,5,76,2,0,0,1,3.0
14,98,78,2,0,0,1,3.0
16,29,78,2,0,0,1,3.0
16,46,76,2,0,0,1,3.0
16,60,74,2,0,0,1,3.0
41,54,23,20,0,0,1,472.0
17,34,78,2,0,0,1,3.0
48,56,0,20,0,0,1,466.0
9,31,0,20,0,0,1,460.0
18,58,78,2,0,0,1,3.0
4,32,0,20,0,0,1,460.0
19,56,78,2,0,0,1,3.0
20,9,78,2,0,0,1,3.0
25,48,78,2,0,0,1,3.0
28,97,78,2,0,0,1,3.0
32,86,78,2,0,0,1,3.0
64,25,0,20,0,0,1,457.0
33,28,76,2,0,0,1,3.0
33,53,74,2,0,0,1,3.0
34,94,76,2,0,0,1,3.0
48,70,20,19,0,0,1,442.0
38,54,78,2,0,0,1,3.0
38,97,76,2,0,0,1,3.0
79,55,0,19,0,0,1,430.0
40,90,78,2,0,0,1,3.0
8,6,0,19,0,0,1,427.0
44,17,76,2,0,0,1,3.0
90,37,22,18,0,0,1,424.0
44,18,74,2,0,0,1,3.0
47,37,40,18,0,0,1,421.0
45,34,74,2,0,0,1,3.0
46,68,78,2,0,0,1,3.0
17,79,19,18,0,0,1,418.0
49,0,76,2,0,0,1,3.0
60,40,21,18,0,0,1,412.0
99,47,0,18,0,0,1,409.0
49,62,78,2,0,0,1,3.0
90,34,0,18,0,0,1,406.0
57,3,76,2,0,0,1,3.0
61,14,76,2,0,0,1,3.0
61,54,74,2,0,0,1,3.0
61,94,78,2,0,0,1,3.0
69,0,74,2,0,0,1,3.0
69,63,78,2,0,0,1,3.0
40,51,39,18,0,0,1,406.0
71,40,76,2,0,0,1,3.0
16,72,0,18,0,0,1,406.0
72,58,76,2,0,0,1,3.0
73,29,76,2,0,0,1,3.0
75,3,72,2,0,0,1,3.0
75,70,78,2,0,0,1,3.0
76,95,78,2,0,0,1,3.0
78,80,78,2,0,0,1,3.0
55,39,21,18,0,0,1,403.0
80,79,76,2,0,0,1,3.0
81,48,76,2,0,0,1,3.0
82,58,74,2,0,0,1,3.0
83,71,78,2,0,0,1,3.0
85,80,74,2,0,0,1,3.0
86,31,76,2,0,0,1,3.0
86,88,74,2,0,0,1,3.0
89,43,78,2,0,0,1,3.0
81,37,58,17,0,0,1,400.0
91,28,74,2,0,0,1,3.0
92,80,72,2,0,0,1,3.0
93,48,74,2,0,0,1,3.0
93,70,76,2,0,0,1,3.0
95,2,76,2,0,0,1,3.0
96,56,76,2,0,0,1,3.0
96,59,78,2,0,0,1,3.0
97,66,74,2,0,0,1,3.0
19,25,20,17,0,0,1,397.0
97,79,72,2,0,0,1,3.0
98,39,76,2,0,0,1,3.0
0,60,72,2,0,0,1,5.0
1,76,76,2,0,0,1,5.0
2,55,74,2,0,0,1,5.0
34,48,39,17,0,0,1,394.0
56,32,20,17,0,0,1,391.0
34,93,18,17,0,0,1,391.0
5,43,74,2,0,0,1,5.0
13,83,74,2,0,0,1,5.0
99,31,20,17,0,0,1,388.0
14,70,74,2,0,0,1,5.0
15,76,74,2,0,0,1,5.0
20,0,70,2,0,0,1,5.0
51,55,57,17,0,0,1,388.0
21,1,74,2,0,0,1,5.0
21,70,72,2,0,0,1,5.0
21,71,70,2,0,0,1,5.0
22,34,72,2,0,0,1,5.0
23,58,72,2,0,0,1,5.0
72,71,18,17,0,0,1,385.0
72,62,35,17,0,0,1,385.0
26,30,78,2,0,0,1,5.0
27,29,74,2,0,0,1,5.0
65,54,0,17,0,0,1,382.0
32,21,76,2,0,0,1,5.0
31,60,39,17,0,0,1,382.0
32,36,74,2,0,0,1,5.0
33,29,72,2,0,0,1,5.0
33,93,78,2,0,0,1,5.0
38,84,74,2,0,0,1,5.0
40,35,74,2,0,0,1,5.0
45,85,78,2,0,0,1,5.0
25,30,37,17,0,0,1,382.0
50,0,68,2,0,0,1,5.0
50,82,78,2,0,0,1,5.0
51,34,37,2,0,0,1,5.0
59,47,76,2,0,0,1,5.0
2,51,0,17,0,1,1,382.0
64,26,76,2,0,0,1,5.0
64,52,78,2,0,0,1,5.0
26,68,0,17,0,0,1,379.0
64,83,72,2,0,0,1,5.0
68,83,76,2,0,0,1,5.0
73,7,72,2,0,0,1,5.0
73,66,70,2,0,0,1,5.0
75,62,76,2,0,0,1,5.0
75,89,70,2,0,0,1,5.0
77,94,74,2,0,0,1,5.0
47,62,18,16,0,0,1,373.0
80,75,68,2,0,0,1,5.0
16,36,18,16,0,0,1,373.0
80,84,70,2,0,0,1,5.0
83,16,70,2,0,0,1,5.0
84,95,72,2,0,0,1,5.0
88,74,78,2,0,0,1,5.0
90,73,74,2,0,0,1,5.0
91,92,78,2,0,0,1,5.0
92,44,70,2,0,0,1,5.0
19,93,0,16,0,0,1,370.0
48,39,56,16,0,0,1,367.0
92,62,74,2,0,0,1,5.0
94,49,72,2,0,0,1,5.0
95,1,70,2,0,0,1,5.0
92,70,0,16,0,0,1,358.0
96,43,72,2,0,0,1,5.0
98,37,74,2,0,1,1,5.0
43,31,56,16,0,0,1,358.0
1,86,72,2,0,0,1,7.0
15,56,37,16,0,0,1,358.0
2,20,72,2,0,0,1,7.0
3,28,70,2,0,0,1,7.0
3,33,68,2,0,0,1,7.0
31,18,0,16,1,0,1,355.0
67,99,37,16,0,0,1,352.0
3,58,66,2,0,0,1,7.0
6,41,78,2,0,0,1,7.0
7,76,70,2,0,0,1,7.0
10,14,72,2,0,0,1,7.0
14,9,70,2,0,0,1,7.0
14,80,66,2,0,0,1,7.0
32,53,37,16,0,0,1,352.0
17,89,74,2,0,0,1,7.0
27,75,66,2,0,0,1,7.0
28,40,72,2,0,0,1,7.0
34,50,70,2,0,0,1,7.0
62,9,52,15,0,0,1,349.0
35,1,68,2,0,0,1,7.0
36,28,68,2,0,0,1,7.0
37,61,78,2,0,1,1,7.0
38,71,72,2,0,0,1,7.0
43,29,54,2,0,0,1,7.0
95,53,0,15,0,0,1,346.0
49,90,70,2,0,0,1,7.0
53,59,72,2,0,0,1,7.0
55,81,78,2,0,0,1,7.0
57,79,78,2,0,0,1,7.0
59,68,74,2,0,0,1,7.0
62,29,70,2,0,0,1,7.0
63,33,70,2,0,0,1,7.0
63,76,72,2,0,0,1,7.0
63,85,76,2,0,0,1,7.0
65,25,76,2,0,0,1,7.0
65,28,66,2,0,0,1,7.0
68,89,72,2,0,0,1,7.0
69,88,76,2,0,0,1,7.0
73,35,66,2,0,0,1,7.0
73,94,68,2,0,0,1,7.0
74,38,70,2,0,0,1,7.0
74,48,72,2,0,0,1,7.0
62,68,0,15,0,1,1,346.0
75,6,64,2,0,0,1,7.0
75,18,62,2,0,0,1,7.0
75,74,60,2,0,0,1,7.0
76,8,68,2,0,0,1,7.0
78,33,66,2,0,0,1,7.0
82,84,76,2,0,0,1,7.0
84,25,68,2,0,0,1,7.0
85,31,72,2,0,0,1,7.0
26,53,17,15,0,0,1,343.0
85,79,70,2,0,0,1,7.0
56,47,58,15,0,0,1,340.0
9,82,20,15,0,0,1,340.0
88,0,66,2,0,0,1,7.0
89,32,68,2,0,0,1,7.0
93,68,70,2,0,0,1,7.0
70,42,39,15,0,0,1,337.0
94,62,16,2,0,0,1,7.0
95,77,68,2,0,0,1,7.0
96,9,74,2,0,0,1,7.0
96,19,70,2,0,0,1,7.0
96,66,68,2,0,0,1,7.0
66,1,0,15,0,0,1,337.0
98,11,72,2,0,0,1,7.0
99,3,74,2,0,0,1,7.0
0,81,56,2,0,0,1,9.0
0,87,64,2,0,0,1,9.0
1,87,66,2,0,0,1,9.0
3,51,35,2,0,0,1,9.0
43,15,22,15,0,0,1,337.0
5,30,72,2,0,0,1,9.0
14,1,64,2,0,0,1,9.0
14,29,68,2,0,0,1,9.0
17,60,70,2,0,0,1,9.0
18,5,70,2,0,0,1,9.0
29,24,0,15,0,0,1,337.0
18,53,76,2,0,0,1,9.0
27,6,76,2,0,0,1,9.0
10,31,16,15,0,1,1,337.0
27,22,78,2,0,0,1,9.0
27,99,72,2,0,0,1,9.0
28,36,64,2,0,0,1,9.0
33,11,64,2,0,0,1,9.0
33,14,62,2,0,0,1,9.0
38,44,68,2,0,0,1,9.0
38,63,66,2,0,0,1,9.0
39,87,78,2,0,0,1,9.0
16,47,34,15,0,1,1,334.0
66,16,49,14,0,0,1,322.0
42,69,72,2,0,0,1,9.0
42,91,76,2,0,0,1,9.0
50,70,54,14,0,0,1,322.0
43,91,52,2,0,0,1,9.0
45,53,70,2,0,0,1,9.0
50,62,72,2,0,0,1,9.0
52,40,70,2,0,0,1,9.0
52,88,72,2,0,0,1,9.0
57,10,74,2,0,0,1,9.0
57,88,70,2,0,0,1,9.0
58,74,68,2,0,0,1,9.0
45,24,15,14,0,0,1,322.0
59,95,66,2,0,0,1,9.0
61,98,70,2,0,0,1,9.0
64,2,70,2,0,0,1,9.0
67,8,78,2,0,0,1,9.0
53,82,53,14,0,0,1,316.0
68,57,68,2,0,0,1,9.0
70,62,68,2,0,0,1,9.0
74,75,58,2,0,0,1,9.0
75,65,56,2,0,0,1,9.0
26,90,40,14,0,0,1,316.0
77,3,64,2,0,0,1,9.0
78,92,76,2,0,0,1,9.0
99,6,53,14,0,1,1,310.0
87,71,0,14,0,0,1,310.0
80,99,18,2,0,0,1,9.0
82,46,72,2,0,0,1,9.0
87,60,14,14,0,1,1,310.0
83,2,68,2,0,0,1,9.0
83,92,66,2,0,0,1,9.0
84,15,78,2,0,0,1,9.0
86,48,70,2,0,1,1,9.0
86,56,56,2,0,0,1,9.0
87,10,70,2,0,0,1,9.0
87,94,62,2,0,0,1,9.0
88,11,68,2,0,0,1,9.0
88,21,64,2,0,0,1,9.0
90,10,68,2,0,0,1,9.0
90,62,76,2,0,1,1,9.0
92,87,68,2,0,0,1,9.0
94,36,70,2,0,0,1,9.0
19,51,37,14,0,1,1,310.0
95,39,74,2,0,0,1,9.0
30,17,54,14,0,0,1,304.0
96,2,66,2,0,0,1,9.0
0,70,18,2,0,0,1,11.0
1,75,54,2,0,0,1,11.0
2,63,64,2,0,0,1,11.0
5,45,68,2,0,0,1,11.0
8,56,74,2,0,0,1,11.0
92,9,35,14,0,0,1,301.0
9,46,68,2,0,0,1,11.0
18,50,52,2,0,0,1,11.0
19,47,74,2,0,0,1,11.0
22,7,68,2,0,0,1,11.0
23,1,62,2,0,0,1,11.0
23,54,76,2,0,0,1,11.0
23,56,54,2,0,0,1,11.0
24,43,76,2,0,0,1,11.0
29,18,66,2,0,0,1,11.0
57,28,0,14,0,0,1,301.0
32,10,66,2,0,0,1,11.0
32,33,60,2,0,0,1,11.0
32,49,64,2,0,0,1,11.0
33,1,58,2,0,0,1,11.0
33,32,56,2,0,0,1,11.0
28,47,14,14,0,1,1,301.0
13,81,0,13,0,0,1,289.0
89,63,0,13,0,0,1,286.0
33,76,54,2,0,0,1,11.0
40,47,0,12,0,1,1,268.0
36,10,78,2,0,0,1,11.0
92,16,16,12,0,1,1,265.0
36,83,62,2,0,0,1,11.0
38,0,62,2,0,0,1,11.0
38,24,64,2,0,0,1,11.0
15,40,57,12,0,0,1,265.0
44,53,35,2,0,0,1,11.0
44,87,72,2,0,0,1,11.0
37,70,0,12,1,1,1,256.0
45,17,72,2,0,0,1,11.0
46,67,74,2,0,0,1,11.0
48,7,66,2,1,0,1,11.0
48,61,72,2,1,0,1,11.0
49,41,74,2,0,0,1,11.0
50,11,76,2,0,0,1,11.0
50,77,50,2,0,0,1,11.0
50,93,48,2,0,0,1,11.0
55,6,55,2,0,0,1,11.0
57,37,72,2,0,1,1,11.0
61,16,68,2,0,0,1,11.0
61,38,60,2,0,0,1,11.0
30,4,22,9,0,0,1,199.0
63,35,62,2,0,0,1,11.0
63,37,68,2,0,1,1,11.0
64,56,74,2,0,1,1,11.0
65,14,60,2,0,0,1,11.0
65,49,68,2,0,0,1,11.0
65,79,74,2,0,0,1,11.0
13,37,13,9,0,1,1,199.0
66,52,66,2,0,0,1,11.0
68,38,58,2,0,0,1,11.0
69,44,66,2,0,0,1,11.0
73,33,52,2,0,0,1,11.0
73,19,54,9,0,0,1,197.0
73,39,50,2,0,0,1,11.0
73,67,64,2,0,0,1,11.0
78,30,74,2,0,0,1,11.0
66,37,22,9,0,1,1,197.0
78,62,72,2,0,1,1,11.0
78,69,70,2,0,0,1,11.0
80,37,64,2,0,1,1,11.0
82,40,18,2,0,0,1,11.0
83,38,56,2,0,0,1,11.0
84,43,50,2,0,0,1,11.0
86,94,66,2,0,0,1,11.0
39,79,39,9,0,0,1,197.0
25,46,54,9,0,0,1,197.0
23,81,13,9,0,0,1,197.0
88,29,62,2,0,0,1,11.0
90,52,64,2,0,0,1,11.0
8,5,19,9,0,0,1,197.0
64,36,34,9,0,0,1,195.0
21,35,0,9,0,0,1,195.0
97,18,16,9,0,0,1,193.0
90,61,66,2,0,0,1,11.0
90,94,60,2,0,0,1,11.0
91,14,58,2,0,0,1,11.0
95,82,51,2,0,0,1,11.0
96,30,35,2,0,0,1,11.0
90,6,19,9,1,0,1,193.0
96,39,54,2,0,0,1,11.0
97,94,64,2,0,0,1,11.0
97,96,62,2,0,0,1,11.0
89,68,17,9,0,0,1,193.0
98,69,68,2,0,0,1,11.0
4,50,74,2,0,0,1,13.0
4,62,78,2,0,1,1,13.0
5,28,62,2,0,0,1,13.0
5,87,60,2,0,0,1,13.0
7,16,64,2,0,0,1,13.0
7,33,50,2,0,0,1,13.0
7,96,60,2,0,0,1,13.0
10,93,64,2,0,0,1,13.0
13,16,72,2,0,0,1,13.0
14,75,52,2,0,0,1,13.0
20,82,68,2,0,0,1,13.0
20,88,60,2,0,0,1,13.0
21,7,62,2,0,0,1,13.0
22,38,54,2,0,0,1,13.0
23,24,74,2,0,0,1,13.0
27,74,64,2,0,0,1,13.0
80,71,35,9,0,0,1,193.0
28,1,60,2,0,0,1,13.0
29,95,64,2,0,0,1,13.0
30,13,70,2,0,0,1,13.0
30,53,68,2,0,0,1,13.0
30,90,76,2,0,1,1,13.0
33,6,48,2,0,0,1,13.0
70,3,12,9,1,0,1,193.0
34,4,68,2,0,0,1,13.0
34,10,62,2,0,0,1,13.0
36,84,66,2,0,0,1,13.0
38,49,52,2,0,0,1,13.0
38,55,50,2,0,0,1,13.0
38,57,48,2,0,0,1,13.0
42,79,68,2,0,0,1,13.0
50,43,46,2,0,0,1,13.0
52,10,60,2,0,0,1,13.0
52,39,52,2,0,0,1,13.0
61,50,44,2,0,0,1,13.0
58,8,28,9,0,0,1,193.0
63,16,74,2,0,1,1,13.0
32,7,0,9,1,0,1,193.0
65,5,78,2,0,0,1,13.0
66,15,72,2,0,0,1,13.0
26,60,56,9,0,0,1,193.0
68,23,66,2,0,0,1,13.0
69,61,64,2,0,0,1,13.0
70,11,70,2,0,0,1,13.0
72,98,66,2,0,0,1,13.0
73,18,48,2,0,0,1,13.0
74,84,62,2,0,0,1,13.0
76,94,58,2,0,0,1,13.0
78,98,64,2,0,0,1,13.0
10,64,43,9,0,0,1,193.0
80,41,62,2,0,0,1,13.0
84,6,60,2,0,0,1,13.0
85,2,62,2,0,0,1,13.0
4,60,31,9,0,1,1,193.0
85,8,66,2,0,0,1,13.0
87,98,58,2,0,0,1,13.0
1,88,15,9,0,0,1,193.0
89,81,26,9,0,0,1,191.0
91,86,68,2,0,0,1,13.0
92,31,64,2,0,1,1,13.0
82,28,35,9,0,0,1,191.0
32,52,9,9,1,0,1,191.0
94,25,56,2,0,1,1,13.0
95,58,62,2,0,0,1,13.0
97,6,70,2,0,0,1,13.0
98,53,33,2,0,0,1,13.0
0,26,54,2,0,0,1,15.0
1,70,56,2,0,1,1,15.0
3,61,62,2,0,0,1,15.0
14,89,35,9,0,0,1,191.0
89,69,44,9,0,0,1,189.0
5,27,58,2,0,0,1,15.0
6,75,50,2,0,0,1,15.0
6,92,62,2,0,0,1,15.0
7,37,58,2,0,1,1,15.0
44,30,23,9,0,1,1,189.0
7,71,56,2,0,0,1,15.0
7,87,54,2,0,0,1,15.0
9,60,0,9,1,1,1,189.0
13,33,46,2,0,0,1,15.0
13,56,68,2,0,1,1,15.0
14,33,44,2,0,0,1,15.0
86,44,37,9,0,0,1,187.0
16,51,66,2,0,1,1,15.0
19,21,68,2,0,0,1,15.0
20,6,74,2,0,0,1,15.0
20,30,33,2,0,0,1,15.0
80,81,44,9,0,0,1,187.0
20,58,64,2,0,0,1,15.0
78,35,9,9,0,0,1,187.0
27,10,56,2,0,0,1,15.0
27,34,60,2,0,0,1,15.0
27,96,52,2,0,0,1,15.0
59,1,24,9,0,0,1,187.0
28,58,58,2,0,0,1,15.0
30,72,31,2,0,1,1,15.0
33,44,33,2,0,0,1,15.0
36,88,58,2,0,0,1,15.0
50,39,0,9,0,1,1,187.0
38,19,18,2,0,0,1,15.0
45,68,64,2,0,0,1,15.0
49,7,48,2,0,0,1,15.0
33,79,0,9,0,1,1,187.0
50,57,42,2,0,0,1,15.0
50,73,40,2,0,0,1,15.0
50,74,38,2,0,0,1,15.0
51,41,76,2,0,0,1,15.0
55,11,53,2,0,0,1,15.0
55,79,48,2,0,0,1,15.0
58,24,70,2,0,0,1,15.0
59,11,62,2,0,0,1,15.0
59,75,48,2,0,0,1,15.0
61,66,47,2,0,0,1,15.0
62,39,48,2,1,0,1,15.0
29,67,15,9,0,0,1,187.0
64,87,56,2,0,0,1,15.0
11,81,35,9,0,0,1,187.0
65,11,58,2,0,0,1,15.0
65,45,62,2,0,0,1,15.0
66,65,64,2,0,0,1,15.0
67,77,76,2,0,0,1,15.0
67,78,68,2,0,0,1,15.0
68,75,46,2,0,0,1,15.0
69,18,60,2,0,0,1,15.0
69,46,42,2,0,0,1,15.0
69,86,62,2,0,0,1,15.0
70,33,16,2,0,0,1,15.0
73,31,78,2,0,0,1,15.0
73,53,15,2,0,0,1,15.0
73,88,46,2,0,0,1,15.0
73,90,20,2,0,0,1,15.0
85,41,43,9,0,0,1,185.0
74,47,36,2,0,0,1,15.0
74,53,76,2,0,1,1,15.0
72,31,52,9,0,1,1,185.0
74,87,74,2,0,0,1,15.0
62,31,31,9,1,1,1,185.0
77,20,66,2,0,0,1,15.0
78,36,60,2,0,0,1,15.0
52,54,43,9,0,0,1,185.0
82,92,49,2,0,0,1,15.0
83,81,54,2,0,0,1,15.0
84,51,33,2,0,0,1,15.0
87,19,76,2,0,0,1,15.0
47,5,49,9,1,0,1,185.0
27,51,22,9,0,0,1,185.0
88,46,52,2,0,0,1,15.0
88,87,50,2,0,0,1,15.0
89,46,66,2,0,0,1,15.0
89,77,62,2,0,0,1,15.0
90,58,56,2,0,0,1,15.0
91,94,54,2,0,0,1,15.0
93,6,72,2,0,0,1,15.0
94,30,52,2,0,1,1,15.0
96,99,64,2,0,1,1,15.0
9,29,24,9,1,0,1,185.0
97,49,66,2,0,0,1,15.0
77,12,0,9,0,0,1,183.0
98,17,52,2,0,0,1,15.0
98,76,62,2,0,0,1,15.0
0,48,60,2,0,1,1,17.0
3,66,45,2,0,0,1,17.0
10,57,58,2,0,0,1,17.0
14,42,56,2,0,0,1,17.0
18,60,68,2,0,0,1,17.0
22,43,48,2,0,0,1,17.0
75,60,0,9,0,2,1,183.0
24,64,68,2,0,0,1,17.0
25,87,74,2,0,1,1,17.0
27,9,50,2,0,0,1,17.0
27,21,54,2,0,0,1,17.0
29,11,60,2,0,0,1,17.0
29,13,58,2,0,0,1,17.0
67,81,0,9,0,1,1,183.0
30,47,78,2,1,0,1,17.0
52,68,26,9,0,0,1,183.0
32,22,70,2,0,0,1,17.0
34,74,66,2,0,0,1,17.0
39,12,72,2,0,0,1,17.0
40,29,16,2,0,1,1,17.0
41,76,66,2,0,0,1,17.0
42,23,70,2,0,0,1,17.0
42,72,78,2,0,0,1,17.0
44,49,62,2,0,0,1,17.0
49,74,56,2,0,0,1,17.0
50,42,36,2,0,0,1,17.0
52,32,62,2,0,0,1,17.0
44,56,46,9,0,1,1,183.0
52,86,58,2,0,0,1,17.0
56,64,66,2,1,0,1,17.0
58,90,54,2,0,0,1,17.0
59,84,64,2,0,0,1,17.0
44,12,9,9,1,0,1,183.0
61,44,58,2,0,0,1,17.0
38,35,20,9,0,0,1,183.0
17,39,9,9,0,1,1,183.0
62,99,70,2,1,0,1,17.0
95,16,28,9,0,1,1,181.0
63,23,60,2,0,0,1,17.0
69,55,40,2,0,0,1,17.0
69,72,58,2,0,1,1,17.0
73,3,43,2,0,0,1,17.0
94,68,35,9,0,0,1,181.0
76,96,56,2,0,0,1,17.0
77,14,54,2,0,0,1,17.0
77,65,72,2,0,0,1,17.0
77,87,52,2,0,0,1,17.0
78,44,56,2,0,0,1,17.0
80,39,60,2,0,1,1,17.0
90,19,0,9,1,1,1,181.0
81,9,22,2,0,1,1,17.0
82,62,46,2,0,1,1,17.0
84,17,48,2,0,0,1,17.0
88,12,24,9,0,0,1,181.0
86,2,60,2,0,0,1,17.0
89,30,76,2,0,1,1,17.0
91,1,50,2,0,0,1,17.0
55,0,0,9,1,0,1,181.0
92,14,33,2,0,0,1,17.0
95,37,60,2,0,1,1,17.0
96,28,50,2,0,0,1,17.0
98,9,60,2,0,1,1,17.0
0,57,52,2,0,0,1,19.0
7,59,52,2,0,0,1,19.0
91,79,9,9,0,1,1,179.0
81,16,37,9,1,1,1,179.0
8,32,72,2,0,0,1,19.0
8,44,64,2,0,0,1,19.0
78,15,0,9,0,1,1,179.0
18,23,64,2,0,0,1,19.0
21,75,44,2,0,0,1,19.0
21,94,50,2,0,0,1,19.0
65,18,25,9,0,0,1,179.0
22,52,76,2,0,0,1,19.0
64,5,20,9,0,1,1,179.0
24,94,48,2,0,0,1,19.0
57,65,14,9,0,1,1,179.0
27,36,48,2,0,0,1,19.0
50,71,9,9,0,1,1,179.0
27,90,62,2,0,0,1,19.0
29,97,56,2,0,0,1,19.0
35,67,72,2,0,0,1,19.0
33,70,21,9,0,1,1,179.0
38,14,46,2,0,0,1,19.0
38,80,33,2,0,0,1,19.0
44,89,60,2,0,0,1,19.0
33,51,35,9,0,2,1,179.0
45,84,58,2,0,0,1,19.0
93,82,35,9,0,1,1,177.0
46,14,50,2,0,0,1,19.0
50,18,34,2,0,0,1,19.0
50,69,32,2,0,0,1,19.0
50,98,30,2,0,0,1,19.0
82,89,0,9,0,1,1,177.0
56,26,72,2,1,0,1,19.0
57,71,66,2,0,0,1,19.0
59,35,70,2,0,0,1,19.0
61,6,53,2,0,0,1,19.0
61,93,56,2,0,0,1,19.0
63,77,58,2,0,0,1,19.0
65,12,70,2,0,0,1,19.0
66,24,31,9,0,0,1,177.0
60,19,40,9,1,1,1,177.0
57,26,23,9,0,1,1,177.0
65,73,38,2,0,0,1,19.0
66,56,43,2,0,1,1,19.0
67,6,66,2,0,0,1,19.0
52,31,0,9,0,2,1,177.0
69,33,30,2,0,0,1,19.0
33,34,0,9,1,1,1,177.0
69,39,56,2,0,1,1,19.0
69,62,54,2,0,1,1,19.0
33,9,9,9,1,1,1,177.0
76,44,64,2,0,1,1,19.0
28,37,31,9,1,1,1,177.0
77,68,60,2,0,0,1,19.0
13,1,33,9,0,0,1,177.0
78,76,52,2,0,0,1,19.0
99,30,0,8,1,1,1,175.0
80,96,58,2,0,0,1,19.0
85,66,41,2,0,0,1,19.0
85,88,56,2,0,0,1,19.0
89,2,58,2,0,0,1,19.0
91,32,72,2,0,1,1,19.0
72,29,68,8,0,1,1,175.0
69,9,0,8,0,2,1,175.0
67,63,24,8,0,0,1,175.0
92,27,31,2,0,0,1,19.0
94,50,28,2,0,0,1,19.0
94,85,33,2,0,0,1,19.0
95,5,47,2,0,0,1,19.0
95,84,56,2,0,0,1,19.0
97,21,60,2,0,0,1,19.0
97,46,48,2,0,0,1,19.0
97,64,58,2,0,0,1,19.0
60,77,49,8,1,1,1,175.0
99,70,78,2,0,1,1,19.0
0,79,58,2,0,0,1,21.0
57,39,32,8,0,1,1,175.0
6,77,46,2,0,0,1,21.0
12,60,66,2,0,0,1,21.0
14,60,29,2,0,1,1,21.0
14,82,16,2,0,0,1,21.0
16,9,76,2,1,0,1,21.0
40,31,40,8,1,1,1,175.0
20,42,62,2,0,0,1,21.0
37,87,40,8,1,0,1,175.0
20,63,56,2,0,0,1,21.0
21,33,19,2,0,0,1,21.0
21,83,58,2,0,0,1,21.0
23,69,38,2,0,0,1,21.0
27,2,46,2,0,0,1,21.0
21,99,9,8,0,1,1,175.0
27,60,70,2,0,1,1,21.0
72,66,0,8,1,1,1,173.0
32,93,58,2,0,0,1,21.0
61,25,0,8,0,1,1,173.0
33,68,14,2,0,2,1,21.0
44,72,78,2,0,1,1,21.0
45,46,46,2,0,0,1,21.0
47,3,38,2,0,0,1,21.0
58,32,18,8,0,1,1,173.0
49,37,54,2,0,1,1,21.0
50,21,26,2,0,0,1,21.0
52,14,24,2,0,0,1,21.0
57,25,64,2,0,0,1,21.0
58,39,52,2,0,1,1,21.0
58,61,50,2,0,0,1,21.0
59,89,56,2,0,0,1,21.0
63,72,54,2,0,1,1,21.0
64,76,60,2,0,0,1,21.0
65,76,50,2,0,0,1,21.0
67,25,70,2,0,0,1,21.0
69,52,36,2,0,0,1,21.0
70,9,72,2,1,0,1,21.0
72,0,64,2,0,1,1,21.0
76,70,48,2,0,1,1,21.0
76,98,46,2,0,0,1,21.0
77,9,78,2,0,1,1,21.0
77,42,34,2,0,0,1,21.0
77,71,48,2,0,0,1,21.0
45,95,37,8,0,0,1,173.0
79,1,52,2,0,0,1,21.0
28,13,22,8,1,0,1,173.0
79,75,37,2,0,0,1,21.0
80,0,31,2,0,0,1,21.0
2,37,17,8,0,2,1,173.0
82,34,9,8,1,1,1,171.0
80,78,54,2,0,0,1,21.0
81,4,46,8,1,0,1,171.0
83,31,37,2,0,0,1,21.0
86,1,48,2,0,0,1,21.0
74,79,18,8,0,1,1,171.0
86,19,64,2,0,0,1,21.0
72,39,18,8,1,1,1,171.0
87,3,48,2,0,0,1,21.0
87,77,38,2,0,0,1,21.0
89,37,64,2,0,2,1,21.0
91,0,48,2,0,0,1,21.0
67,43,53,8,0,1,1,171.0
63,82,44,8,0,1,1,171.0
97,58,46,2,0,0,1,21.0
98,86,54,2,0,0,1,21.0
0,73,36,2,0,0,1,23.0
3,76,41,2,0,0,1,23.0
3,85,60,2,0,0,1,23.0
37,93,0,8,2,1,1,171.0
3,90,58,2,0,0,1,23.0
12,79,64,2,0,0,1,23.0
33,41,52,8,1,0,1,171.0
13,54,66,2,0,0,1,23.0
14,31,48,2,0,1,1,23.0
20,49,58,2,0,0,1,23.0
21,74,52,2,0,0,1,23.0
21,90,78,2,0,1,1,23.0
26,49,38,2,0,0,1,23.0
26,99,68,2,0,0,1,23.0
30,68,15,8,1,1,1,171.0
27,23,68,2,0,0,1,23.0
27,55,44,2,0,0,1,23.0
30,78,62,2,1,0,1,23.0
32,81,54,2,0,1,1,23.0
28,34,40,8,1,1,1,171.0
33,36,12,2,0,0,1,23.0
36,35,76,2,0,0,1,23.0
37,4,76,2,0,0,1,23.0
38,5,44,2,0,0,1,23.0
38,7,42,2,0,0,1,23.0
38,34,35,2,0,0,1,23.0
41,5,64,2,0,0,1,23.0
42,73,32,2,0,0,1,23.0
42,95,58,2,0,0,1,23.0
46,85,64,2,0,0,1,23.0
49,8,60,2,0,0,1,23.0
49,38,40,2,0,0,1,23.0
55,52,19,2,0,0,1,23.0
27,39,0,8,0,2,1,171.0
56,79,62,2,1,0,1,23.0
14,25,8,8,0,1,1,171.0
57,16,62,2,0,1,1,23.0
59,15,54,2,0,0,1,23.0
5,63,32,8,0,0,1,171.0
61,71,16,2,0,0,1,23.0
63,79,52,2,0,1,1,23.0
65,36,54,2,0,0,1,23.0
65,46,44,2,0,0,1,23.0
69,79,34,2,0,1,1,23.0
69,89,15,2,0,0,1,23.0
72,51,62,2,0,1,1,23.0
73,36,10,2,0,0,1,23.0
74,41,54,2,0,1,1,23.0
74,59,50,2,0,0,1,23.0
76,79,44,2,0,1,1,23.0
77,5,42,2,0,0,1,23.0
77,13,56,2,0,0,1,23.0
77,30,70,2,0,1,1,23.0
77,84,44,2,0,0,1,23.0
78,37,50,2,0,1,1,23.0
80,2,56,2,0,0,1,23.0
5,12,0,8,0,1,1,171.0
4,10,54,8,0,1,1,171.0
83,0,50,2,0,0,1,23.0
83,74,48,2,0,0,1,23.0
98,10,0,8,0,0,1,169.0
83,75,42,2,0,0,1,23.0
83,84,52,2,0,0,1,23.0
86,9,52,2,0,1,1,23.0
97,47,0,8,0,2,1,169.0
86,95,26,2,0,0,1,23.0
87,61,36,2,0,0,1,23.0
88,80,13,2,0,0,1,23.0
88,84,54,2,0,0,1,23.0
85,39,8,8,0,2,1,169.0
91,17,46,2,0,0,1,23.0
95,23,49,2,0,0,1,23.0
95,96,45,2,0,0,1,23.0
74,19,9,8,0,1,1,169.0
63,5,13,8,0,2,1,169.0
97,22,52,2,0,0,1,23.0
56,86,0,8,1,0,1,169.0
97,53,68,2,0,1,1,23.0
97,63,42,2,0,0,1,23.0
99,89,76,2,0,1,1,23.0
3,17,50,2,0,0,1,25.0
3,91,56,2,0,0,1,25.0
51,93,17,8,1,1,1,169.0
8,65,52,2,0,0,1,25.0
8,81,76,2,0,1,1,25.0
8,90,70,2,0,1,1,25.0
14,19,31,2,0,1,1,25.0
14,32,27,2,0,1,1,25.0
14,46,22,2,0,0,1,25.0
45,81,29,8,0,1,1,169.0
15,83,76,2,0,1,1,25.0
44,59,0,8,1,0,1,169.0
16,30,72,2,1,1,1,25.0
17,24,44,2,0,0,1,25.0
17,66,68,2,0,1,1,25.0
17,75,40,2,0,0,1,25.0
26,6,32,8,1,0,1,169.0
18,59,58,2,0,0,1,25.0
25,23,22,8,1,0,1,169.0
19,89,72,2,0,1,1,25.0
10,18,8,8,0,1,1,169.0
20,75,35,2,0,0,1,25.0
95,51,15,8,0,2,1,167.0
21,29,48,2,0,0,1,25.0
92,95,51,8,0,1,1,167.0
89,23,30,8,1,0,1,167.0
26,7,36,2,0,0,1,25.0
52,9,33,8,1,1,1,167.0
36,4,0,8,0,1,1,167.0
28,2,54,2,0,0,1,25.0
29,9,50,2,0,1,1,25.0
31,85,74,2,0,1,1,25.0
33,24,10,2,0,1,1,25.0
34,39,62,8,1,1,1,167.0
11,54,0,8,0,1,1,167.0
34,40,64,2,0,1,1,25.0
34,58,58,2,0,1,1,25.0
36,66,16,2,0,0,1,25.0
43,0,44,2,0,0,1,25.0
44,11,74,2,1,0,1,25.0
44,97,54,2,1,0,1,25.0
85,28,0,8,0,1,1,165.0
73,9,22,8,0,2,1,165.0
47,45,34,2,0,1,1,25.0
50,63,22,2,0,0,1,25.0
52,26,74,2,0,0,1,25.0
55,93,46,2,0,0,1,25.0
69,34,17,8,0,1,1,165.0
56,59,60,2,1,0,1,25.0
57,97,50,2,0,0,1,25.0
68,55,48,8,0,1,1,165.0
58,15,60,2,0,1,1,25.0
53,61,8,8,1,0,1,165.0
59,7,46,2,0,0,1,25.0
62,11,66,2,1,0,1,25.0
63,94,40,2,0,1,1,25.0
69,19,28,2,0,1,1,25.0
69,76,26,2,0,0,1,25.0
71,26,74,2,0,1,1,25.0
52,99,17,8,1,1,1,165.0
72,37,76,2,1,1,1,25.0
32,73,29,8,1,1,1,165.0
20,1,0,8,0,1,1,165.0
74,71,46,2,0,0,1,25.0
74,95,44,2,0,1,1,25.0
75,47,32,2,0,1,1,25.0
76,14,20,2,0,0,1,25.0
76,63,39,2,0,1,1,25.0
13,17,48,8,0,1,1,165.0
76,69,13,2,0,0,1,25.0
77,50,24,2,0,0,1,25.0
77,51,31,2,0,0,1,25.0
9,47,62,8,1,1,1,165.0
80,5,29,2,0,0,1,25.0
5,66,8,8,0,1,1,165.0
96,35,37,8,0,0,1,163.0
93,1,8,8,1,1,1,163.0
82,3,10,2,0,0,1,25.0
82,70,70,2,0,1,1,25.0
85,55,68,2,0,1,1,25.0
87,32,34,2,0,2,1,25.0
89,36,54,2,0,1,1,25.0
91,4,70,2,0,0,1,25.0
91,84,42,2,0,0,1,25.0
94,45,13,2,0,0,1,25.0
96,80,27,2,0,0,1,25.0
85,93,25,8,0,1,1,163.0
96,89,13,2,0,0,1,25.0
98,94,44,2,0,0,1,25.0
99,42,74,2,1,0,1,25.0
80,25,0,8,0,2,1,163.0
79,72,36,8,1,1,1,163.0
0,11,28,3,0,0,1,27.0
0,84,39,3,0,0,1,27.0
3,24,53,3,0,0,1,27.0
4,59,43,3,0,0,1,27.0
5,10,16,3,0,1,1,27.0
5,61,41,3,1,0,1,27.0
5,99,77,3,1,1,1,27.0
6,69,57,3,0,1,1,27.0
7,49,33,3,0,0,1,27.0
14,28,5,3,0,2,1,27.0
77,1,16,8,0,1,1,163.0
69,35,29,8,1,0,1,163.0
66,95,16,8,1,1,1,163.0
17,5,37,3,0,1,1,27.0
63,40,0,8,1,1,1,163.0
17,19,6,3,0,2,1,27.0
18,68,55,3,0,1,1,27.0
18,76,36,3,0,0,1,27.0
21,80,23,3,0,0,1,27.0
23,99,57,3,0,1,1,27.0
25,17,77,3,1,1,1,27.0
25,38,37,3,1,0,1,27.0
27,86,34,3,0,0,1,27.0
29,69,45,3,0,1,1,27.0
29,86,42,3,0,1,1,27.0
32,38,77,3,1,1,1,27.0
58,70,37,8,0,1,1,163.0
36,18,45,3,0,0,1,27.0
38,66,30,3,0,1,1,27.0
38,90,15,3,0,1,1,27.0
40,93,13,3,0,2,1,27.0
43,17,3,3,0,0,1,27.0
52,56,8,8,1,1,1,163.0
52,25,41,8,1,1,1,163.0
45,74,6,3,0,0,1,27.0
46,4,39,3,0,1,1,27.0
46,28,32,3,0,0,1,27.0
49,32,45,3,0,1,1,27.0
50,97,8,8,1,0,1,163.0
52,72,55,3,0,2,1,27.0
55,75,29,3,1,0,1,27.0
57,48,55,3,0,1,1,27.0
59,88,40,3,0,0,1,27.0
59,92,37,3,0,1,1,27.0
45,23,48,8,0,1,1,163.0
59,96,21,3,0,0,1,27.0
60,74,77,3,0,1,1,27.0
61,18,38,3,0,1,1,27.0
61,28,29,3,0,0,1,27.0
63,61,33,3,1,0,1,27.0
65,48,47,3,0,1,1,27.0
41,31,66,8,1,1,1,163.0
65,71,41,3,0,1,1,27.0
65,91,35,3,0,0,1,27.0
69,22,10,3,0,0,1,27.0
72,63,73,3,1,1,1,27.0
73,26,17,3,0,1,1,27.0
76,4,33,3,0,1,1,27.0
77,59,13,3,0,0,1,27.0
77,92,28,3,0,0,1,27.0
78,7,39,3,0,0,1,27.0
80,50,20,3,0,1,1,27.0
80,97,15,3,0,1,1,27.0
83,25,34,3,0,1,1,27.0
83,97,39,3,0,0,1,27.0
84,2,36,3,0,0,1,27.0
84,61,26,3,0,0,1,27.0
39,74,40,8,1,1,1,163.0
86,77,10,3,0,0,1,27.0
86,84,30,3,0,0,1,27.0
87,23,31,3,0,1,1,27.0
87,56,28,3,0,1,1,27.0
91,27,39,3,0,0,1,27.0
91,81,65,3,0,1,1,27.0
39,61,70,8,1,1,1,163.0
92,18,59,3,0,1,1,27.0
29,41,33,8,0,1,1,163.0
94,82,30,3,0,1,1,27.0
94,99,25,3,0,1,1,27.0
18,42,0,8,1,0,1,163.0
96,17,0,3,0,0,1,27.0
97,7,30,3,0,0,1,27.0
98,92,49,3,0,1,1,27.0
0,77,33,3,0,1,1,29.0
2,14,51,3,0,1,1,29.0
2,52,40,3,0,0,1,29.0
16,13,0,8,1,1,1,163.0
2,93,48,3,0,1,1,29.0
3,74,32,3,0,0,1,29.0
97,39,18,8,1,2,1,161.0
92,89,9,8,1,1,1,161.0
5,62,63,3,1,1,1,29.0
90,17,28,8,1,1,1,161.0
5,95,53,3,1,0,1,29.0
75,56,16,8,0,1,1,161.0
74,35,48,8,1,0,1,161.0
69,81,9,8,1,1,1,161.0
8,35,57,3,0,0,1,29.0
11,83,45,3,0,0,1,29.0
11,89,55,3,0,1,1,29.0
13,61,63,3,0,1,1,29.0
14,90,2,3,0,2,1,29.0
65,37,17,8,0,3,1,161.0
16,65,69,3,1,1,1,29.0
18,24,41,3,0,0,1,29.0
55,76,9,8,1,1,1,161.0
21,51,34,3,0,1,1,29.0
22,49,42,3,0,0,1,29.0
23,51,51,3,0,1,1,29.0
23,75,10,3,0,0,1,29.0
55,24,56,8,1,0,1,161.0
25,79,74,3,1,1,1,29.0
31,40,77,3,1,1,1,29.0
34,14,77,3,1,1,1,29.0
34,81,73,3,1,1,1,29.0
37,82,13,3,2,0,1,29.0
38,56,12,3,0,2,1,29.0
42,2,29,3,0,0,1,29.0
48,82,0,8,1,1,1,161.0
42,82,65,3,0,1,1,29.0
34,7,25,8,1,1,1,161.0
43,79,41,3,0,2,1,29.0
45,9,10,3,0,2,1,29.0
46,29,36,3,0,1,1,29.0
46,58,15,3,0,0,1,29.0
27,15,9,8,0,1,1,161.0
48,87,77,3,1,1,1,29.0
49,48,30,3,0,1,1,29.0
50,81,19,3,0,1,1,29.0
58,69,6,3,0,1,1,29.0
24,32,37,8,1,1,1,161.0
61,30,23,3,0,2,1,29.0
61,72,20,3,0,2,1,29.0
64,74,29,3,0,0,1,29.0
23,10,0,8,0,1,1,161.0
66,55,19,3,0,1,1,29.0
66,62,60,3,1,1,1,29.0
69,99,71,3,1,1,1,29.0
74,51,26,3,0,1,1,29.0
77,18,77,3,1,1,1,29.0
78,31,47,3,0,2,1,29.0
78,90,44,3,0,1,1,29.0
80,31,10,3,0,2,1,29.0
16,70,8,8,1,2,1,161.0
80,57,45,3,1,0,1,29.0
10,17,31,8,0,2,1,161.0
9,99,41,8,1,1,1,161.0
83,24,31,3,0,1,1,29.0
92,35,0,8,1,1,1,159.0
85,3,22,3,0,0,1,29.0
85,44,38,3,0,1,1,29.0
85,76,17,3,0,0,1,29.0
87,21,41,3,1,0,1,29.0
87,67,61,3,1,0,1,29.0
90,23,41,3,1,0,1,29.0
90,79,55,3,1,0,1,29.0
91,52,21,3,0,0,1,29.0
88,82,0,8,0,2,1,159.0
93,39,67,3,0,2,1,29.0
94,26,20,3,0,1,1,29.0
94,40,10,3,0,1,1,29.0
79,47,26,8,1,2,1,159.0
97,37,36,3,0,2,1,29.0
98,67,12,3,0,0,1,29.0
99,36,51,3,1,0,1,29.0
0,46,25,3,0,0,1,31.0
3,56,25,3,0,1,1,31.0
5,85,71,3,1,1,1,31.0
6,15,43,3,0,1,1,31.0
68,13,23,8,1,1,1,159.0
6,21,29,3,0,0,1,31.0
7,13,20,3,0,1,1,31.0
11,6,50,3,0,1,1,31.0
13,7,60,3,0,1,1,31.0
13,18,43,3,0,1,1,31.0
13,24,30,3,0,2,1,31.0
14,49,27,3,1,0,1,31.0
40,82,17,8,1,1,1,159.0
17,18,74,3,1,1,1,31.0
20,86,23,3,0,0,1,31.0
22,23,45,3,0,0,1,31.0
23,94,7,3,1,0,1,31.0
26,39,33,3,0,2,1,31.0
27,3,19,3,0,1,1,31.0
29,71,63,3,1,0,1,31.0
30,38,9,3,1,0,1,31.0
33,46,29,3,1,0,1,31.0
39,43,36,8,2,1,1,159.0
31,26,50,8,2,1,1,159.0
30,19,54,8,1,1,1,159.0
38,20,6,3,0,1,1,31.0
38,46,3,3,0,0,1,31.0
38,83,0,3,0,0,1,31.0
39,5,49,3,1,1,1,31.0
27,53,0,8,1,1,1,159.0
45,7,3,3,0,1,1,31.0
46,13,12,3,0,1,1,31.0
15,87,17,8,1,1,1,159.0
46,48,19,3,0,1,1,31.0
46,54,9,3,0,1,1,31.0
47,89,59,3,1,1,1,31.0
8,54,37,8,0,1,1,159.0
48,3,74,3,1,1,1,31.0
48,31,63,3,1,2,1,31.0
48,35,52,3,1,1,1,31.0
2,4,8,8,1,1,1,159.0
49,85,24,3,0,1,1,31.0
50,6,40,3,1,0,1,31.0
93,88,33,8,1,1,1,157.0
84,18,16,8,0,1,1,157.0
52,59,77,3,1,1,1,31.0
54,23,71,3,0,1,1,31.0
55,7,26,3,1,0,1,31.0
55,94,77,3,1,1,1,31.0
57,24,50,3,1,0,1,31.0
58,27,12,3,0,1,1,31.0
58,88,9,3,0,0,1,31.0
61,29,60,3,1,1,1,31.0
83,68,3,8,0,2,1,157.0
63,21,77,3,1,1,1,31.0
63,39,29,3,1,1,1,31.0
81,5,56,8,1,2,1,157.0
63,73,12,3,1,0,1,31.0
64,30,63,3,0,2,1,31.0
65,17,66,3,1,1,1,31.0
65,19,51,3,1,0,1,31.0
69,3,3,3,1,0,1,31.0
69,56,77,3,1,1,1,31.0
69,60,74,3,1,1,1,31.0
73,34,7,3,0,2,1,31.0
73,47,4,3,0,3,1,31.0
80,40,25,8,1,1,1,157.0
73,61,1,3,0,1,1,31.0
79,74,71,3,1,1,1,31.0
80,9,70,8,1,1,1,157.0
79,92,77,3,1,1,1,31.0
83,51,28,3,0,2,1,31.0
85,50,53,3,0,1,1,31.0
77,90,58,8,1,1,1,157.0
85,72,35,3,0,2,1,31.0
86,7,17,3,0,0,1,31.0
59,67,0,8,1,1,1,157.0
86,35,20,3,0,1,1,31.0
87,34,70,3,1,1,1,31.0
95,47,23,3,0,2,1,31.0
95,98,41,3,1,0,1,31.0
56,60,31,8,1,2,1,157.0
98,64,38,3,0,1,1,31.0
99,4,68,3,1,1,1,31.0
99,62,28,3,1,1,1,31.0
53,89,17,8,1,1,1,157.0
0,28,15,3,0,1,1,33.0
52,34,49,8,1,1,1,157.0
2,94,43,3,0,1,1,33.0
47,44,70,8,1,2,1,157.0
3,87,29,3,0,1,1,33.0
5,23,74,3,1,1,1,33.0
9,1,57,3,1,1,1,33.0
10,22,39,3,0,0,1,33.0
28,75,48,8,1,1,1,157.0
11,30,32,3,0,1,1,33.0
24,40,48,8,1,1,1,157.0
14,83,24,3,1,0,1,33.0
20,41,8,8,0,1,1,157.0
15,99,69,3,0,2,1,33.0
11,97,8,8,0,2,1,157.0
18,48,35,3,1,1,1,33.0
21,59,38,3,0,1,1,33.0
22,13,65,3,0,1,1,33.0
25,54,68,3,1,0,1,33.0
27,26,65,3,1,0,1,33.0
27,65,77,3,1,1,1,33.0
28,3,47,3,0,1,1,33.0
28,56,44,3,0,2,1,33.0
95,81,0,8,1,2,1,155.0
92,51,54,8,1,1,1,155.0
29,85,77,3,1,1,1,33.0
30,40,67,3,1,1,1,33.0
88,53,25,8,1,1,1,155.0
79,63,54,8,1,1,1,155.0
72,13,44,8,1,1,1,155.0
40,59,56,8,1,1,1,155.0
33,65,74,3,1,1,1,33.0
33,72,70,3,1,1,1,33.0
36,65,63,3,1,1,1,33.0
38,37,74,3,1,2,1,33.0
24,90,12,8,1,2,1,155.0
18,75,24,8,1,1,1,155.0
40,27,74,3,1,1,1,33.0
42,21,26,3,0,1,1,33.0
42,27,23,3,0,1,1,33.0
42,71,20,3,0,1,1,33.0
42,83,17,3,0,0,1,33.0
15,0,25,8,1,1,1,155.0
43,66,38,3,0,1,1,33.0
12,42,33,8,0,1,1,155.0
44,61,67,3,1,1,1,33.0
45,99,0,3,0,2,1,33.0
46,19,0,3,0,2,1,33.0
6,1,24,8,1,1,1,155.0
49,1,21,3,0,2,1,33.0
49,26,14,3,0,1,1,33.0
49,58,3,3,0,0,1,33.0
49,79,18,3,0,2,1,33.0
52,51,74,3,1,1,1,33.0
4,16,46,8,1,1,1,155.0
53,2,33,3,1,0,1,33.0
56,88,57,3,1,1,1,33.0
57,74,41,3,1,0,1,33.0
59,66,34,3,0,1,1,33.0
99,87,32,8,1,1,1,153.0
60,15,77,3,1,1,1,33.0
60,73,67,3,1,1,1,33.0
61,20,53,3,1,0,1,33.0
61,39,26,3,1,1,1,33.0
91,26,0,8,0,1,1,153.0
63,34,36,3,1,1,1,33.0
63,89,69,3,1,1,1,33.0
88,81,8,8,1,2,1,153.0
65,10,48,3,1,1,1,33.0
87,48,8,8,1,1,1,153.0
84,23,0,8,0,2,1,153.0
65,34,59,3,1,1,1,33.0
81,33,18,8,2,1,1,153.0
65,41,56,3,1,1,1,33.0
66,99,54,3,1,1,1,33.0
67,14,34,3,0,1,1,33.0
67,49,9,3,0,0,1,33.0
79,53,62,8,1,2,1,153.0
67,62,57,3,1,1,1,33.0
66,86,45,8,1,1,1,153.0
65,51,0,8,1,2,1,153.0
67,96,47,3,1,0,1,33.0
63,55,15,8,1,2,1,153.0
69,40,37,3,1,1,1,33.0
72,14,67,3,1,1,1,33.0
72,68,64,3,1,1,1,33.0
74,61,3,3,0,2,1,33.0
51,2,44,8,2,1,1,153.0
76,62,23,3,0,1,1,33.0
43,50,6,8,0,2,1,153.0
41,86,0,8,1,1,1,153.0
77,19,74,3,1,1,1,33.0
77,82,71,3,1,1,1,33.0
40,9,13,8,2,2,1,153.0
79,46,49,3,1,1,1,33.0
80,87,67,3,1,1,1,33.0
82,76,77,3,1,1,1,33.0
84,69,13,3,0,2,1,33.0
89,93,52,3,1,0,1,33.0
91,54,62,3,0,0,1,33.0
92,77,68,3,1,1,1,33.0
94,51,4,3,0,3,1,33.0
95,35,77,3,1,1,1,33.0
96,21,32,3,0,1,1,33.0
39,17,56,8,2,1,1,153.0
98,77,27,3,0,1,1,33.0
0,9,22,3,0,3,1,35.0
38,1,32,8,1,1,1,153.0
37,88,41,8,2,1,1,153.0
2,26,26,3,0,2,1,35.0
33,89,38,8,1,1,1,153.0
33,56,60,8,1,2,1,153.0
3,86,7,3,0,2,1,35.0
9,94,54,3,1,1,1,35.0
11,16,25,3,0,2,1,35.0
13,82,52,8,1,1,1,153.0
11,58,22,3,0,1,1,35.0
13,39,77,3,1,2,1,35.0
17,15,71,3,1,1,1,35.0
18,49,71,3,1,1,1,35.0
20,74,37,3,0,1,1,35.0
20,79,46,3,0,1,1,35.0
25,59,18,3,1,0,1,35.0
7,24,9,8,0,2,1,153.0
26,33,77,3,1,1,1,35.0
27,54,59,3,1,0,1,35.0
28,6,77,3,1,1,1,35.0
33,80,49,3,1,1,1,35.0
6,37,0,8,1,3,1,153.0
36,6,74,3,1,1,1,35.0
36,61,57,3,1,1,1,35.0
36,73,77,3,1,1,1,35.0
41,18,68,3,0,1,1,35.0
41,27,71,3,0,1,1,35.0
42,54,14,3,0,1,1,35.0
44,35,45,3,1,0,1,35.0
2,15,33,8,1,1,1,153.0
98,16,15,8,0,2,1,151.0
44,67,77,3,1,1,1,35.0
45,80,64,3,1,1,1,35.0
47,63,29,3,1,2,1,35.0
49,22,6,3,0,0,1,35.0
49,45,0,3,0,1,1,35.0
89,84,0,8,2,1,1,151.0
50,91,32,3,1,0,1,35.0
52,6,71,3,1,1,1,35.0
89,51,52,8,2,2,1,151.0
82,56,15,8,2,2,1,151.0
52,66,65,3,1,1,1,35.0
56,41,40,3,1,2,1,35.0
65,90,23,8,1,2,1,151.0
57,14,74,3,1,1,1,35.0
58,75,0,3,0,1,1,35.0
49,19,17,8,1,1,1,151.0
59,10,10,3,0,1,1,35.0
59,33,46,3,1,1,1,35.0
61,67,50,3,1,1,1,35.0
62,79,51,3,1,2,1,35.0
48,43,22,8,1,1,1,151.0
62,93,43,3,1,1,1,35.0
64,43,53,3,0,2,1,35.0
64,68,77,3,1,1,1,35.0
64,77,46,3,1,1,1,35.0
46,35,8,8,1,1,1,151.0
40,72,0,8,2,2,1,151.0
30,83,35,8,1,1,1,151.0
65,52,45,3,1,2,1,35.0
30,9,43,8,1,2,1,151.0
66,19,77,3,1,1,1,35.0
66,23,57,3,1,1,1,35.0
66,64,74,3,1,1,1,35.0
67,12,61,3,1,0,1,35.0
28,38,56,8,1,1,1,151.0
67,84,10,3,1,0,1,35.0
23,11,10,8,1,1,1,151.0
69,38,68,3,1,1,1,35.0
73,55,74,3,1,1,1,35.0
74,72,0,3,0,3,1,35.0
75,12,26,3,0,1,1,35.0
75,21,13,3,0,1,1,35.0
76,7,10,3,0,1,1,35.0
78,8,36,3,0,1,1,35.0
78,83,21,3,0,0,1,35.0
80,64,61,3,1,1,1,35.0
83,4,14,3,0,2,1,35.0
87,66,26,3,1,1,1,35.0
89,33,26,3,1,1,1,35.0
17,84,8,8,1,1,1,151.0
16,19,54,8,1,2,1,151.0
89,56,49,3,1,2,1,35.0
90,88,37,3,1,0,1,35.0
93,19,61,3,0,3,1,35.0
93,53,73,3,1,1,1,35.0
94,8,1,3,0,1,1,35.0
13,66,31,8,1,2,1,151.0
97,57,33,3,0,1,1,35.0
98,28,9,3,0,1,1,35.0
98,42,24,3,0,1,1,35.0
11,35,23,8,1,1,1,151.0
98,57,35,3,0,2,1,35.0
3,23,0,3,0,1,1,37.0
3,55,71,3,1,1,1,37.0
6,48,44,3,1,1,1,37.0
7,17,23,3,0,1,1,37.0
8,13,54,3,0,2,1,37.0
5,15,0,8,1,2,1,151.0
9,3,19,3,1,2,1,37.0
9,75,77,3,2,1,1,37.0
10,23,53,3,0,2,1,37.0
10,91,29,3,1,0,1,37.0
10,98,77,3,1,1,1,37.0
11,71,19,3,0,2,1,37.0
12,61,47,3,0,1,1,37.0
12,62,20,3,0,1,1,37.0
4,1,60,8,1,1,1,151.0
20,3,50,3,0,1,1,37.0
20,14,43,3,0,1,1,37.0
21,68,74,3,1,1,1,37.0
22,82,62,3,0,1,1,37.0
22,86,14,3,0,0,1,37.0
23,13,68,3,1,1,1,37.0
23,15,65,3,1,1,1,37.0
26,80,58,3,1,1,1,37.0
31,49,74,3,1,1,1,37.0
33,63,35,3,1,2,1,37.0
2,95,24,8,1,1,1,151.0
36,45,71,3,1,1,1,37.0
36,49,68,3,1,1,1,37.0
38,4,65,3,1,0,1,37.0
38,93,53,3,1,1,1,37.0
43,42,19,3,0,1,1,37.0
44,92,71,3,1,1,1,37.0
45,55,45,3,1,1,1,37.0
0,54,17,8,1,1,1,151.0
47,64,71,3,2,1,1,37.0
48,99,41,3,1,2,1,37.0
49,51,77,3,1,1,1,37.0
98,47,8,7,1,2,1,149.0
49,72,61,3,1,1,1,37.0
50,95,74,3,1,1,1,37.0
52,19,68,3,1,1,1,37.0
52,82,27,3,1,1,1,37.0
57,96,29,3,1,0,1,37.0
58,16,66,3,1,1,1,37.0
58,60,63,3,1,1,1,37.0
59,3,68,3,1,1,1,37.0
59,82,74,3,1,1,1,37.0
61,1,44,3,1,0,1,37.0
96,44,3,7,0,2,1,149.0
61,4,40,3,1,0,1,37.0
61,10,37,3,1,1,1,37.0
64,33,32,3,1,1,1,37.0
65,85,42,3,1,1,1,37.0
67,73,71,3,1,1,1,37.0
67,75,74,3,1,1,1,37.0
94,12,8,7,1,1,1,149.0
68,92,46,3,1,1,1,37.0
71,21,60,3,0,1,1,37.0
76,71,30,3,0,1,1,37.0
91,25,49,7,1,1,1,149.0
78,52,30,3,0,1,1,37.0
81,10,70,3,1,1,1,37.0
81,41,26,3,1,1,1,37.0
83,82,11,3,0,2,1,37.0
85,27,68,3,1,1,1,37.0
85,33,65,3,1,2,1,37.0
87,65,64,3,1,2,1,37.0
90,48,47,7,1,2,1,149.0
88,34,0,7,1,2,1,149.0
91,48,26,3,0,2,1,37.0
92,41,74,3,1,1,1,37.0
96,76,24,3,0,1,1,37.0
86,43,8,7,1,1,1,149.0
97,77,27,3,0,2,1,37.0
83,89,62,7,1,1,1,149.0
67,56,23,7,1,2,1,149.0
2,11,16,3,1,0,1,39.0
6,20,40,3,1,0,1,39.0
7,43,16,3,1,0,1,39.0
14,3,64,3,1,1,1,39.0
18,45,56,3,1,1,1,39.0
20,8,30,3,0,1,1,39.0
20,72,27,3,0,1,1,39.0
20,78,18,3,0,0,1,39.0
20,97,77,3,1,1,1,39.0
21,97,71,3,1,1,1,39.0
63,68,41,7,1,2,1,149.0
59,41,16,7,1,1,1,149.0
22,81,23,3,0,1,1,39.0
24,49,65,3,1,1,1,39.0
27,31,44,3,1,2,1,39.0
29,23,45,3,1,1,1,39.0
29,30,12,3,1,1,1,39.0
31,67,61,3,1,2,1,39.0
54,25,52,7,0,2,1,149.0
33,19,71,3,2,1,1,39.0
38,33,50,3,1,2,1,39.0
39,27,53,3,2,1,1,39.0
42,14,11,3,0,1,1,39.0
38,48,0,7,1,2,1,149.0
30,77,0,7,2,1,1,149.0
43,9,0,3,0,3,1,39.0
43,82,68,3,1,1,1,39.0
45,97,74,3,1,1,1,39.0
24,97,0,7,1,1,1,149.0
23,47,34,7,1,2,1,149.0
46,37,6,3,0,4,1,39.0
46,87,58,3,1,1,1,39.0
47,54,20,3,2,0,1,39.0
22,48,29,7,0,2,1,149.0
48,18,38,3,1,2,1,39.0
50,60,60,3,1,1,1,39.0
57,40,71,3,1,1,1,39.0
57,78,26,3,1,0,1,39.0
58,73,60,3,1,1,1,39.0
15,94,46,7,1,1,1,149.0
59,16,71,3,1,2,1,39.0
59,24,34,3,1,1,1,39.0
94,67,15,7,1,1,1,147.0
62,71,6,3,1,1,1,39.0
71,32,53,3,0,1,1,39.0
72,10,33,3,1,1,1,39.0
93,29,56,7,1,2,1,147.0
73,59,64,3,1,1,1,39.0
91,9,30,7,1,2,1,147.0
73,98,57,3,1,1,1,39.0
74,50,68,3,1,1,1,39.0
74,78,33,3,1,0,1,39.0
75,1,71,3,1,1,1,39.0
75,79,68,3,1,2,1,39.0
87,16,0,7,1,2,1,147.0
76,86,4,3,0,2,1,39.0
85,62,9,7,1,1,1,147.0
77,43,30,3,1,1,1,39.0
84,28,64,7,1,1,1,147.0
77,73,43,3,1,1,1,39.0
77,98,40,3,1,1,1,39.0
80,8,55,3,1,1,1,39.0
83,34,73,3,1,2,1,39.0
83,66,70,3,1,1,1,39.0
84,21,57,3,1,1,1,39.0
86,92,65,3,1,1,1,39.0
91,3,18,3,0,3,1,39.0
91,46,77,3,1,1,1,39.0
92,25,62,3,1,1,1,39.0
93,18,65,3,1,1,1,39.0
75,93,3,7,1,2,1,147.0
96,54,17,3,0,0,1,39.0
72,34,10,7,1,2,1,147.0
97,36,60,3,1,1,1,39.0
97,72,68,3,1,2,1,39.0
98,26,71,3,1,1,1,39.0
0,8,12,3,0,1,1,41.0
66,98,0,7,2,1,1,147.0
0,41,9,3,0,2,1,41.0
0,62,40,3,1,1,1,41.0
62,76,0,7,2,1,1,147.0
0,85,61,3,1,1,1,41.0
60,87,44,7,2,1,1,147.0
2,1,77,3,1,1,1,41.0
2,6,68,3,1,1,1,41.0
2,74,74,3,1,1,1,41.0
5,77,17,3,1,1,1,41.0
5,79,60,3,1,2,1,41.0
6,54,47,3,1,1,1,41.0
7,5,68,3,1,1,1,41.0
41,0,43,7,1,1,1,147.0
8,36,49,3,0,1,1,41.0
14,76,7,3,1,0,1,41.0
32,62,56,7,1,2,1,147.0
31,19,33,7,2,1,1,147.0
16,21,68,3,2,1,1,41.0
25,90,31,7,2,2,1,147.0
20,10,74,3,1,1,1,41.0
20,16,65,3,1,2,1,41.0
20,85,58,3,1,1,1,41.0
21,4,54,3,1,1,1,41.0
25,13,8,7,2,2,1,147.0
22,74,59,3,0,1,1,41.0
25,28,71,3,1,1,1,41.0
26,55,65,3,1,1,1,41.0
25,0,66,7,2,1,1,147.0
30,12,64,3,1,1,1,41.0
30,69,60,3,2,1,1,41.0
31,45,77,3,2,1,1,41.0
35,23,62,3,1,1,1,41.0
38,39,71,3,1,2,1,41.0
38,82,47,3,1,2,1,41.0
22,95,8,7,1,1,1,147.0
38,98,44,3,1,1,1,41.0
41,52,62,3,1,1,1,41.0
41,89,77,3,1,2,1,41.0
44,8,61,3,1,1,1,41.0
44,74,56,3,1,1,1,41.0
44,79,48,3,1,2,1,41.0
44,88,34,3,1,0,1,41.0
45,32,68,3,1,1,1,41.0
46,43,74,3,1,1,1,41.0
19,32,9,7,2,2,1,147.0
46,64,68,3,1,1,1,41.0
50,79,77,3,1,2,1,41.0
52,0,58,3,1,1,1,41.0
52,78,5,3,1,1,1,41.0
53,85,55,3,1,1,1,41.0
57,19,65,3,1,1,1,41.0
17,57,0,7,1,1,1,147.0
61,40,34,3,1,1,1,41.0
61,46,31,3,1,1,1,41.0
63,7,65,3,1,1,1,41.0
15,46,53,7,1,2,1,147.0
99,15,8,7,2,2,1,145.0
65,22,36,3,1,0,1,41.0
68,98,68,3,1,1,1,41.0
69,21,65,3,1,1,1,41.0
74,43,65,3,1,1,1,41.0
74,64,29,3,1,1,1,41.0
74,73,26,3,1,1,1,41.0
75,5,57,3,1,1,1,41.0
77,34,37,3,1,2,1,41.0
81,56,77,3,2,2,1,41.0
82,45,61,3,2,1,1,41.0
84,79,74,3,1,2,1,41.0
92,57,17,7,1,1,1,145.0
85,9,52,3,1,2,1,41.0
85,30,49,3,1,2,1,41.0
87,63,51,7,1,2,1,145.0
86,57,77,3,1,1,1,41.0
92,0,34,3,1,1,1,41.0
92,30,43,3,1,2,1,41.0
95,21,48,3,1,1,1,41.0
95,29,33,3,1,1,1,41.0
96,33,10,3,0,2,1,41.0
97,93,65,3,1,2,1,41.0
0,22,3,3,1,0,1,43.0
84,75,16,7,1,1,1,145.0
2,36,41,3,1,1,1,43.0
2,43,71,3,1,1,1,43.0
4,68,62,3,0,2,1,43.0
5,50,46,3,1,1,1,43.0
6,18,32,3,1,1,1,43.0
79,78,8,7,2,1,1,145.0
6,56,37,3,1,2,1,43.0
7,86,74,3,1,1,1,43.0
10,39,64,3,1,2,1,43.0
76,37,27,7,1,2,1,145.0
11,78,77,3,1,1,1,43.0
14,4,71,3,1,1,1,43.0
14,11,61,3,1,1,1,43.0
74,34,17,7,1,2,1,145.0
18,57,62,3,1,1,1,43.0
18,80,52,3,1,1,1,43.0
20,73,54,3,1,1,1,43.0
22,9,56,3,0,2,1,43.0
60,23,18,7,2,1,1,145.0
22,20,26,3,0,1,1,43.0
58,82,25,7,1,2,1,145.0
50,99,23,7,1,2,1,145.0
22,61,20,3,0,1,1,43.0
36,70,30,7,1,1,1,145.0
22,93,17,3,0,2,1,43.0
34,63,40,7,2,2,1,145.0
23,34,77,3,1,2,1,43.0
26,58,47,3,1,1,1,43.0
26,81,68,3,1,2,1,43.0
27,1,50,3,1,1,1,43.0
26,76,40,7,1,1,1,145.0
26,71,33,7,2,1,1,145.0
27,20,62,3,1,1,1,43.0
27,56,56,3,1,2,1,43.0
28,66,74,3,1,2,1,43.0
28,95,19,3,1,2,1,43.0
20,15,15,7,1,2,1,145.0
29,59,53,3,1,1,1,43.0
30,57,68,3,2,1,1,43.0
11,65,0,7,1,2,1,145.0
98,71,23,7,1,1,1,143.0
36,21,45,3,1,1,1,43.0
96,55,32,7,1,1,1,143.0
36,62,17,3,1,1,1,43.0
37,38,10,3,2,1,1,43.0
37,79,71,3,2,2,1,43.0
38,3,41,3,1,1,1,43.0
38,16,29,3,1,2,1,43.0
94,31,22,7,1,2,1,143.0
38,43,19,3,1,1,1,43.0
94,10,0,7,1,2,1,143.0
91,8,4,7,1,1,1,143.0
38,67,26,3,1,2,1,43.0
39,48,74,3,2,2,1,43.0
43,24,77,3,1,1,1,43.0
43,75,62,3,1,1,1,43.0
44,70,51,3,1,1,1,43.0
45,13,41,3,1,1,1,43.0
90,86,53,7,2,1,1,143.0
45,75,38,3,1,1,1,43.0
45,93,53,3,1,2,1,43.0
46,7,71,3,1,1,1,43.0
46,70,65,3,1,1,1,43.0
47,71,50,3,2,0,1,43.0
48,33,16,3,1,2,1,43.0
48,72,77,3,2,2,1,43.0
90,56,5,7,2,2,1,143.0
49,43,50,3,1,1,1,43.0
50,58,71,3,1,1,1,43.0
51,24,71,3,1,1,1,43.0
88,4,16,7,1,1,1,143.0
51,57,68,3,1,2,1,43.0
53,26,62,3,1,1,1,43.0
55,10,42,3,1,1,1,43.0
55,62,39,3,1,2,1,43.0
86,50,15,7,1,2,1,143.0
56,77,74,3,2,2,1,43.0
59,60,11,3,1,1,1,43.0
62,35,3,3,1,2,1,43.0
81,19,26,7,2,2,1,143.0
63,2,62,3,1,1,1,43.0
63,46,26,3,1,1,1,43.0
65,9,39,3,1,2,1,43.0
65,50,33,3,1,2,1,43.0
71,96,77,3,1,1,1,43.0
73,5,14,3,1,1,1,43.0
73,40,51,3,1,2,1,43.0
80,10,7,7,1,2,1,143.0
76,47,1,3,0,3,1,43.0
77,36,24,3,1,1,1,43.0
78,71,44,7,1,1,1,143.0
80,17,42,3,1,1,1,43.0
78,10,19,7,1,1,1,143.0
81,99,61,3,2,1,1,43.0
82,17,39,3,2,1,1,43.0
74,30,7,7,1,2,1,143.0
84,19,51,3,1,1,1,43.0
73,32,0,7,1,2,1,143.0
84,56,71,3,1,2,1,43.0
84,83,54,3,1,1,1,43.0
85,21,39,3,1,1,1,43.0
86,34,33,3,1,1,1,43.0
86,65,71,3,1,2,1,43.0
70,45,58,7,1,2,1,143.0
87,96,74,3,2,1,1,43.0
89,24,46,3,1,2,1,43.0
90,89,73,3,1,2,1,43.0
91,30,74,3,1,2,1,43.0
57,67,7,7,1,2,1,143.0
91,53,70,3,1,1,1,43.0
95,24,68,3,1,1,1,43.0
95,28,71,3,1,2,1,43.0
57,47,53,7,1,2,1,143.0
95,48,65,3,1,2,1,43.0
96,18,49,3,1,1,1,43.0
50,87,0,7,1,2,1,143.0
96,50,65,3,1,1,1,43.0
96,62,0,3,1,1,1,43.0
99,32,74,3,2,1,1,43.0
99,91,66,3,2,1,1,43.0
45,6,8,7,1,1,1,143.0
0,76,74,3,1,1,1,45.0
5,0,11,3,1,1,1,45.0
7,29,57,3,1,1,1,45.0
7,36,38,3,1,1,1,45.0
7,65,77,3,1,2,1,45.0
8,10,45,3,0,1,1,45.0
10,77,13,3,1,1,1,45.0
14,21,21,3,1,1,1,45.0
40,58,32,7,2,1,1,143.0
18,92,46,3,1,2,1,45.0
18,94,74,3,2,1,1,45.0
20,28,12,3,1,1,1,45.0
33,40,21,7,2,2,1,143.0
21,17,36,3,1,1,1,45.0
22,76,0,3,0,2,1,45.0
29,8,50,3,1,1,1,45.0
32,26,65,3,1,2,1,45.0
30,2,52,7,2,1,1,143.0
37,34,68,3,2,2,1,45.0
37,53,59,3,2,1,1,45.0
38,32,23,3,1,2,1,45.0
28,79,21,7,2,2,1,143.0
38,36,14,3,1,1,1,45.0
38,88,7,3,1,2,1,45.0
40,78,14,3,1,2,1,45.0
46,82,55,3,1,2,1,45.0
48,98,62,3,2,1,1,45.0
51,48,31,3,1,3,1,45.0
53,78,65,3,1,1,1,45.0
57,63,47,3,1,2,1,45.0
57,92,38,3,1,2,1,45.0
58,11,74,3,1,1,1,45.0
59,53,50,3,1,1,1,45.0
61,22,23,3,1,1,1,45.0
63,97,51,3,1,1,1,45.0
66,4,42,3,1,1,1,45.0
14,66,14,7,1,2,1,143.0
66,8,77,3,2,1,1,45.0
67,58,54,3,1,1,1,45.0
67,68,43,3,1,1,1,45.0
69,95,54,3,1,2,1,45.0
72,15,74,3,2,1,1,45.0
72,95,62,3,2,1,1,45.0
73,17,20,3,1,1,1,45.0
4,56,23,7,1,3,1,143.0
73,56,40,3,1,2,1,45.0
2,67,0,7,1,2,1,143.0
74,97,62,3,1,2,1,45.0
0,89,50,7,1,3,1,143.0
80,13,17,3,1,1,1,45.0
80,53,39,3,1,1,1,45.0
83,3,59,3,1,1,1,45.0
97,4,7,7,1,2,1,141.0
91,66,21,7,1,2,1,141.0
83,19,25,3,1,1,1,45.0
86,67,22,7,1,3,1,141.0
83,40,48,3,1,2,1,45.0
78,53,26,7,1,2,1,141.0
84,81,48,3,1,2,1,45.0
84,86,61,3,1,1,1,45.0
77,11,31,7,2,1,1,141.0
85,91,46,3,1,1,1,45.0
86,8,68,3,1,1,1,45.0
86,51,39,3,1,3,1,45.0
76,24,56,7,1,1,1,141.0
89,13,62,3,2,1,1,45.0
92,54,31,3,1,1,1,45.0
69,12,17,7,1,1,1,141.0
92,88,40,3,1,2,1,45.0
63,71,58,7,2,1,1,141.0
93,42,77,3,1,1,1,45.0
94,0,37,3,1,1,1,45.0
94,7,34,3,1,1,1,45.0
95,85,36,3,1,1,1,45.0
96,27,41,3,1,1,1,45.0
61,81,4,7,1,3,1,141.0
98,81,74,3,1,2,1,45.0
99,20,51,3,2,1,1,45.0
0,13,8,3,1,1,1,47.0
0,32,77,3,1,2,1,47.0
3,18,77,3,1,2,1,47.0
3,38,56,3,1,2,1,47.0
50,84,23,7,2,1,1,141.0
4,63,77,3,1,2,1,47.0
4,73,74,3,1,2,1,47.0
4,83,30,3,1,1,1,47.0
6,23,21,3,1,2,1,47.0
7,38,53,3,1,2,1,47.0
7,63,48,3,1,1,1,47.0
8,24,74,3,1,1,1,47.0
9,36,74,3,2,2,1,47.0
9,74,71,3,2,2,1,47.0
22,12,58,3,1,0,1,47.0
47,75,41,7,2,1,1,141.0
22,41,51,3,1,1,1,47.0
22,47,77,3,1,2,1,47.0
47,7,60,7,2,2,1,141.0
22,71,74,3,1,1,1,47.0
26,87,11,3,1,2,1,47.0
30,95,77,3,2,2,1,47.0
32,40,50,3,1,3,1,47.0
41,74,0,7,2,1,1,141.0
32,67,68,3,2,1,1,47.0
34,20,48,3,2,1,1,47.0
36,76,21,3,1,1,1,47.0
42,0,8,3,0,2,1,47.0
37,83,49,7,2,2,1,141.0
42,76,71,3,1,1,1,47.0
44,94,31,3,1,1,1,47.0
47,73,17,3,2,1,1,47.0
48,86,36,3,2,1,1,47.0
29,43,0,7,1,1,1,141.0
49,54,58,3,1,1,1,47.0
49,65,11,3,1,1,1,47.0
50,68,50,3,1,1,1,47.0
50,78,57,3,1,1,1,47.0
51,92,25,3,2,1,1,47.0
28,93,28,7,2,2,1,141.0
52,44,0,3,1,2,1,47.0
52,46,62,3,2,1,1,47.0
52,63,23,3,2,1,1,47.0
55,42,23,3,1,2,1,47.0
56,74,68,3,2,2,1,47.0
26,86,10,7,2,2,1,141.0
57,21,44,3,1,2,1,47.0
57,43,14,3,1,2,1,47.0
57,62,77,3,2,2,1,47.0
58,62,51,3,1,2,1,47.0
59,57,43,3,1,2,1,47.0
63,14,9,3,1,2,1,47.0
64,41,23,3,1,1,1,47.0
64,79,65,3,1,2,1,47.0
65,55,8,3,1,2,1,47.0
65,93,68,3,2,1,1,47.0
67,23,65,3,1,2,1,47.0
69,77,51,3,1,2,1,47.0
71,82,71,3,1,2,1,47.0
74,76,14,3,1,2,1,47.0
75,2,65,3,1,1,1,47.0
21,19,0,7,1,3,1,141.0
75,32,35,3,1,3,1,47.0
77,63,21,3,1,2,1,47.0
77,89,10,3,1,2,1,47.0
78,22,71,3,1,1,1,47.0
18,67,30,7,2,1,1,141.0
97,92,26,7,1,2,1,139.0
97,87,33,7,1,2,1,139.0
78,32,74,3,1,2,1,47.0
94,97,65,7,1,2,1,139.0
81,76,65,3,2,1,1,47.0
83,5,8,3,1,1,1,47.0
84,78,41,3,1,1,1,47.0
86,20,30,3,1,1,1,47.0
86,66,71,3,2,2,1,47.0
87,70,45,3,2,1,1,47.0
88,79,43,3,0,3,1,47.0
92,4,0,7,2,2,1,139.0
94,46,62,3,1,2,1,47.0
95,76,59,3,1,2,1,47.0
87,7,14,7,2,2,1,139.0
96,72,71,3,1,2,1,47.0
97,98,54,3,1,1,1,47.0
59,43,23,7,1,2,1,139.0
0,63,14,3,1,2,1,49.0
2,99,59,3,1,2,1,49.0
4,25,57,3,1,3,1,49.0
7,19,45,3,1,2,1,49.0
13,44,74,3,1,3,1,49.0
14,13,58,3,1,2,1,49.0
16,0,77,3,2,2,1,49.0
18,81,71,3,2,2,1,49.0
21,63,18,3,1,2,1,49.0
23,26,42,3,1,2,1,49.0
27,66,47,3,1,2,1,49.0
52,89,13,7,2,2,1,139.0
27,73,37,3,1,1,1,49.0
29,25,30,3,1,1,1,49.0
52,70,0,7,2,2,1,139.0
51,18,8,7,2,2,1,139.0
48,84,7,7,2,2,1,139.0
29,89,42,3,1,2,1,49.0
31,89,70,3,2,2,1,49.0
44,69,18,7,1,2,1,139.0
37,89,25,7,3,2,1,139.0
32,66,65,3,2,2,1,49.0
35,94,59,3,1,1,1,49.0
38,73,48,3,2,1,1,49.0
40,96,68,3,2,1,1,49.0
43,4,47,3,1,2,1,49.0
43,28,44,3,1,2,1,49.0
44,20,42,3,1,1,1,49.0
44,25,28,3,1,2,1,49.0
37,69,32,7,3,2,1,139.0
46,94,52,3,1,2,1,49.0
48,10,71,3,2,2,1,49.0
52,83,51,3,2,1,1,49.0
55,18,68,3,2,2,1,49.0
26,85,0,7,2,1,1,139.0
57,98,65,3,2,1,1,49.0
58,33,77,3,1,2,1,49.0
59,28,8,3,1,2,1,49.0
23,42,8,7,2,1,1,139.0
59,71,31,3,1,2,1,49.0
61,27,17,3,1,1,1,49.0
61,34,14,3,1,3,1,49.0
61,42,11,3,1,2,1,49.0
22,92,15,7,1,2,1,139.0
65,7,42,3,2,1,1,49.0
65,58,39,3,2,1,1,49.0
18,9,59,7,2,2,1,139.0
1,46,40,7,1,1,1,139.0
97,44,40,7,1,2,1,137.0
68,21,71,3,1,2,1,49.0
68,67,40,3,1,1,1,49.0
70,18,75,3,1,3,1,49.0
73,20,23,3,1,1,1,49.0
92,59,7,7,2,2,1,137.0
74,18,56,3,2,2,1,49.0
76,12,53,3,1,0,1,49.0
91,97,37,7,1,2,1,137.0
76,21,68,3,1,2,1,49.0
89,75,32,7,2,2,1,137.0
88,48,49,7,1,3,1,137.0
83,35,11,7,1,2,1,137.0
76,78,37,3,1,1,1,49.0
77,21,7,3,1,1,1,49.0
77,33,68,3,2,2,1,49.0
77,57,71,3,2,2,1,49.0
73,25,7,7,1,3,1,137.0
78,25,62,3,1,2,1,49.0
79,50,37,3,2,1,1,49.0
82,32,58,3,2,2,1,49.0
72,19,38,7,2,2,1,137.0
82,90,67,3,2,1,1,49.0
71,42,51,7,1,1,1,137.0
83,79,45,3,1,2,1,49.0
85,35,33,3,1,1,1,49.0
60,57,9,7,2,2,1,137.0
85,36,27,3,1,1,1,49.0
85,65,30,3,1,2,1,49.0
55,30,26,7,2,2,1,137.0
85,92,21,3,1,3,1,49.0
86,80,36,3,2,1,1,49.0
86,85,18,3,2,1,1,49.0
50,17,39,7,2,2,1,137.0
49,40,39,7,1,2,1,137.0
43,85,0,7,2,2,1,137.0
89,87,67,3,2,2,1,49.0
92,90,28,3,1,3,1,49.0
94,89,49,3,2,2,1,49.0
95,27,34,3,2,1,1,49.0
96,37,56,3,1,2,1,49.0
96,47,62,3,1,3,1,49.0
96,69,26,3,1,1,1,49.0
96,97,59,3,1,2,1,49.0
97,34,57,3,1,2,1,49.0
0,3,37,4,2,1,1,51.0
0,35,73,4,2,1,1,51.0
5,4,33,4,1,2,1,51.0
5,7,29,4,1,2,1,51.0
5,94,76,4,2,2,1,51.0
9,22,67,4,2,1,1,51.0
10,5,67,4,2,2,1,51.0
10,81,57,4,2,2,1,51.0
34,51,60,7,2,2,1,137.0
12,70,43,4,0,2,1,51.0
13,34,33,4,2,2,1,51.0
29,4,18,7,1,2,1,137.0
14,18,47,4,1,2,1,51.0
17,7,16,4,1,3,1,51.0
23,43,30,7,2,2,1,137.0
18,79,4,4,2,2,1,51.0
20,80,2,4,1,1,1,51.0
21,24,27,4,2,1,1,51.0
22,91,62,4,1,1,1,51.0
26,20,70,4,2,1,1,51.0
28,96,52,4,2,1,1,51.0
29,61,26,4,1,2,1,51.0
21,31,13,7,2,2,1,137.0
33,12,60,4,2,1,1,51.0
33,73,56,4,2,2,1,51.0
17,51,67,7,2,2,1,137.0
17,37,8,7,2,3,1,137.0
33,91,0,4,2,1,1,51.0
36,74,10,4,1,2,1,51.0
4,88,60,7,2,1,1,137.0
36,91,6,4,1,2,1,51.0
4,12,37,7,2,1,1,137.0
37,57,61,4,3,2,1,51.0
3,11,0,7,1,2,1,137.0
40,99,62,4,2,2,1,51.0
41,20,29,4,1,2,1,51.0
43,58,15,4,1,1,1,51.0
46,0,22,4,1,2,1,51.0
98,82,32,7,1,2,1,135.0
92,42,58,7,2,1,1,135.0
92,37,49,7,2,3,1,135.0
88,8,67,7,1,2,1,135.0
84,97,30,7,1,2,1,135.0
46,2,36,4,1,2,1,51.0
69,6,0,7,2,2,1,135.0
46,31,18,4,1,3,1,51.0
49,12,54,4,1,1,1,51.0
55,59,0,7,2,2,1,135.0
49,84,46,4,1,2,1,51.0
49,89,35,4,1,3,1,51.0
52,3,33,4,2,1,1,51.0
52,61,76,4,2,2,1,51.0
55,45,33,7,2,2,1,135.0
52,81,41,4,2,2,1,51.0
51,21,20,7,3,2,1,135.0
54,12,76,4,1,1,1,51.0
50,24,49,7,2,2,1,135.0
57,87,57,4,2,2,1,51.0
58,56,1,4,1,2,1,51.0
63,19,73,4,2,2,1,51.0
66,14,54,4,2,1,1,51.0
45,11,15,7,1,2,1,135.0
66,57,50,4,2,2,1,51.0
69,11,41,4,1,1,1,51.0
69,30,39,4,2,2,1,51.0
69,59,76,4,2,2,1,51.0
69,96,45,4,2,1,1,51.0
73,92,70,4,2,2,1,51.0
74,83,21,4,2,1,1,51.0
43,80,7,7,2,2,1,135.0
74,99,47,4,2,2,1,51.0
75,13,12,4,1,3,1,51.0
75,68,60,4,2,1,1,51.0
76,61,49,4,1,2,1,51.0
77,99,55,4,2,2,1,51.0
82,8,43,4,2,1,1,51.0
39,3,26,7,2,1,1,135.0
82,10,76,4,2,2,1,51.0
82,50,51,4,2,3,1,51.0
82,72,58,4,3,2,1,51.0
85,10,63,4,2,2,1,51.0
29,40,71,7,2,2,1,135.0
29,35,36,7,2,1,1,135.0
87,11,70,4,2,1,1,51.0
90,68,11,4,1,3,1,51.0
91,41,58,4,1,2,1,51.0
93,38,76,4,2,2,1,51.0
94,9,72,4,2,3,1,51.0
94,15,68,4,2,2,1,51.0
94,19,64,4,2,2,1,51.0
28,23,37,7,2,2,1,135.0
27,8,26,7,1,2,1,135.0
94,34,29,4,2,2,1,51.0
95,56,30,4,2,2,1,51.0
97,19,47,4,1,3,1,51.0
19,7,16,7,2,4,1,135.0
97,28,76,4,2,2,1,51.0
97,78,53,4,2,1,1,51.0
3,64,15,4,1,1,1,53.0
4,17,76,4,2,2,1,53.0
5,11,52,4,2,1,1,53.0
6,98,17,4,1,1,1,53.0
13,55,40,7,2,2,1,135.0
11,57,45,7,1,3,1,135.0
7,48,21,4,1,2,1,53.0
7,99,6,4,1,3,1,53.0
8,51,64,4,1,3,1,53.0
10,59,53,4,2,2,1,53.0
14,30,39,4,1,3,1,53.0
3,36,7,7,1,2,1,135.0
14,64,3,4,1,1,1,53.0
16,49,7,4,2,1,1,53.0
18,98,52,4,2,2,1,53.0
2,18,15,7,2,2,1,135.0
21,60,76,4,2,2,1,53.0
23,92,27,4,1,3,1,53.0
24,78,23,4,1,2,1,53.0
95,92,0,7,2,3,1,133.0
25,94,58,4,1,2,1,53.0
95,65,7,7,2,2,1,133.0
28,16,61,4,2,2,1,53.0
28,22,47,4,2,1,1,53.0
28,26,57,4,2,2,1,53.0
29,31,8,4,1,3,1,53.0
90,78,38,7,2,2,1,133.0
30,27,35,4,2,2,1,53.0
35,96,16,4,1,1,1,53.0
38,52,72,4,2,2,1,53.0
38,58,43,4,2,1,1,53.0
40,2,58,4,2,2,1,53.0
42,25,47,4,1,2,1,53.0
88,36,0,7,2,2,1,133.0
43,10,49,4,2,2,1,53.0
44,91,17,4,2,1,1,53.0
45,69,49,4,1,2,1,53.0
45,77,23,4,1,2,1,53.0
46,11,4,4,1,3,1,53.0
46,45,0,4,1,2,1,53.0
88,26,17,7,2,2,1,133.0
88,22,26,7,2,1,1,133.0
87,84,21,7,2,2,1,133.0
49,6,31,4,1,2,1,53.0
51,49,76,4,2,2,1,53.0
51,66,31,4,2,3,1,53.0
52,76,68,4,2,2,1,53.0
54,76,72,4,1,2,1,53.0
57,58,5,4,2,1,1,53.0
58,12,11,4,1,2,1,53.0
58,91,13,4,2,1,1,53.0
59,0,69,4,2,2,1,53.0
82,11,7,7,3,2,1,133.0
60,85,72,4,2,2,1,53.0
81,90,33,7,2,3,1,133.0
61,0,65,4,2,2,1,53.0
76,60,51,7,2,2,1,133.0
61,33,45,4,2,2,1,53.0
61,76,17,4,2,1,1,53.0
64,58,57,4,1,2,1,53.0
65,4,56,4,2,2,1,53.0
65,31,60,4,2,3,1,53.0
75,48,14,7,2,2,1,133.0
66,17,61,4,2,2,1,53.0
69,15,72,4,2,2,1,53.0
72,53,46,4,2,1,1,53.0
69,26,25,7,2,3,1,133.0
74,55,76,4,2,2,1,53.0
66,80,39,7,2,2,1,133.0
75,64,53,4,2,1,1,53.0
76,2,20,4,2,1,1,53.0
66,47,7,7,2,3,1,133.0
80,32,21,4,1,3,1,53.0
80,63,69,4,2,2,1,53.0
80,85,76,4,2,2,1,53.0
82,65,52,4,3,2,1,53.0
58,42,0,7,2,1,1,133.0
82,93,72,4,3,2,1,53.0
50,28,56,7,2,3,1,133.0
49,4,0,7,1,3,1,133.0
47,98,47,7,3,1,1,133.0
83,36,2,4,1,1,1,53.0
47,91,14,7,3,2,1,133.0
85,29,67,4,2,2,1,53.0
45,41,27,7,1,2,1,133.0
86,26,76,4,2,2,1,53.0
87,20,63,4,2,2,1,53.0
45,29,4,7,2,2,1,133.0
90,14,76,4,2,2,1,53.0
91,43,76,4,2,2,1,53.0
92,34,76,4,2,3,1,53.0
44,6,10,7,2,2,1,133.0
92,65,34,4,2,2,1,53.0
93,59,61,4,2,2,1,53.0
93,69,68,4,2,2,1,53.0
94,17,25,4,2,2,1,53.0
95,62,73,4,2,2,1,53.0
95,83,69,4,2,2,1,53.0
38,62,7,7,2,2,1,133.0
32,71,36,7,2,2,1,133.0
98,0,61,4,2,2,1,53.0
99,67,37,4,2,2,1,53.0
0,71,2,4,2,1,1,55.0
2,25,76,4,2,2,1,55.0
30,14,14,7,2,2,1,133.0
29,60,11,7,2,3,1,133.0
3,73,22,4,1,2,1,55.0
3,95,65,4,2,2,1,55.0
6,40,54,4,2,2,1,55.0
7,15,76,4,2,2,1,55.0
7,23,3,4,2,1,1,55.0
10,3,45,4,2,2,1,55.0
10,8,39,4,2,1,1,55.0
10,32,30,4,2,2,1,55.0
10,89,21,4,2,2,1,55.0
14,15,30,4,1,2,1,55.0
14,56,52,4,2,2,1,55.0
16,61,57,4,2,2,1,55.0
18,51,43,4,2,3,1,55.0
28,15,11,7,2,3,1,133.0
20,61,38,4,1,2,1,55.0
21,10,35,4,2,2,1,55.0
21,86,47,7,2,2,1,133.0
21,42,64,4,2,2,1,55.0
22,57,39,4,1,2,1,55.0
23,21,60,4,2,2,1,55.0
23,31,73,4,2,2,1,55.0
13,57,16,7,2,2,1,133.0
29,68,32,4,2,1,1,55.0
11,36,22,7,2,2,1,133.0
30,18,26,4,3,2,1,55.0
10,67,14,7,2,2,1,133.0
8,69,15,7,1,3,1,133.0
36,38,68,4,2,2,1,55.0
4,39,25,7,2,3,1,133.0
98,8,22,7,2,1,1,131.0
38,72,31,4,2,2,1,55.0
95,93,37,7,2,2,1,131.0
93,22,20,7,2,2,1,131.0
39,36,49,4,2,2,1,55.0
39,76,45,4,2,2,1,55.0
41,47,67,4,2,2,1,55.0
88,5,33,7,2,2,1,131.0
85,56,7,7,2,3,1,131.0
83,11,29,7,2,2,1,131.0
41,61,72,4,2,2,1,55.0
48,77,43,4,2,2,1,55.0
49,99,27,4,1,3,1,55.0
51,33,35,4,3,2,1,55.0
52,58,37,4,2,2,1,55.0
52,94,9,4,2,2,1,55.0
55,71,72,4,2,2,1,55.0
80,70,16,7,2,2,1,131.0
57,2,46,4,2,2,1,55.0
57,91,31,4,2,2,1,55.0
79,31,28,7,2,3,1,131.0
58,47,76,4,2,3,1,55.0
75,67,41,7,2,2,1,131.0
58,72,51,4,2,2,1,55.0
64,59,7,7,1,3,1,131.0
59,12,49,4,2,1,1,55.0
64,47,42,4,1,3,1,55.0
64,61,49,4,1,3,1,55.0
61,47,30,7,2,3,1,131.0
64,88,19,4,1,3,1,55.0
67,5,72,4,2,2,1,55.0
69,66,64,4,2,3,1,55.0
71,9,67,4,1,3,1,55.0
75,24,76,4,2,2,1,55.0
76,17,4,4,2,2,1,55.0
76,27,8,4,2,1,1,55.0
77,2,64,4,2,2,1,55.0
77,41,47,4,2,2,1,55.0
78,38,15,4,1,2,1,55.0
81,85,53,4,2,2,1,55.0
61,43,6,7,2,3,1,131.0
82,21,40,4,3,2,1,55.0
82,22,35,4,3,1,1,55.0
83,59,65,4,2,2,1,55.0
60,43,58,7,2,2,1,131.0
85,78,33,4,2,1,1,55.0
91,39,72,4,2,3,1,55.0
93,26,49,4,2,2,1,55.0
94,63,5,4,2,2,1,55.0
54,67,50,7,1,2,1,131.0
97,11,19,4,2,1,1,55.0
42,50,68,7,2,2,1,131.0
41,96,12,7,2,2,1,131.0
25,3,38,7,2,2,1,131.0
97,59,45,4,2,2,1,55.0
1,77,53,4,1,3,1,57.0
22,65,0,7,1,3,1,131.0
2,22,54,4,2,1,1,57.0
2,91,68,4,2,2,1,57.0
18,85,14,7,3,2,1,131.0
11,85,37,7,2,2,1,131.0
8,78,1,4,2,1,1,57.0
8,12,15,7,2,2,1,131.0
10,35,26,4,2,2,1,57.0
13,49,72,4,2,2,1,57.0
14,84,44,4,2,1,1,57.0
93,35,43,7,3,1,1,129.0
15,55,64,4,2,2,1,57.0
16,45,53,4,2,2,1,57.0
20,98,34,4,1,2,1,57.0
20,99,33,4,2,2,1,57.0
92,85,44,7,3,2,1,129.0
21,58,31,4,2,2,1,57.0
22,89,43,4,1,3,1,57.0
25,50,16,4,2,1,1,57.0
90,67,64,7,2,2,1,129.0
87,17,48,7,2,2,1,129.0
76,25,24,7,2,3,1,129.0
27,30,76,4,2,3,1,57.0
27,89,45,4,2,2,1,57.0
29,28,0,4,2,2,1,57.0
75,19,7,7,2,3,1,129.0
29,42,43,4,2,1,1,57.0
33,0,41,4,2,2,1,57.0
33,16,31,4,2,3,1,57.0
75,16,0,7,2,3,1,129.0
33,43,6,4,2,4,1,57.0
69,71,53,7,2,2,1,129.0
33,55,60,4,3,2,1,57.0
67,10,29,7,2,3,1,129.0
61,82,0,7,3,3,1,129.0
33,61,53,4,3,2,1,57.0
36,86,64,4,2,2,1,57.0
38,26,61,4,2,2,1,57.0
43,11,66,4,2,1,1,57.0
44,27,66,4,2,2,1,57.0
46,79,0,4,2,2,1,57.0
46,99,19,4,2,2,1,57.0
48,69,58,4,2,3,1,57.0
50,12,76,4,2,2,1,57.0
49,9,3,7,2,3,1,129.0
50,30,64,4,2,3,1,57.0
39,35,65,7,3,1,1,129.0
57,90,24,4,2,3,1,57.0
36,54,14,7,2,2,1,129.0
33,25,20,7,3,2,1,129.0
58,14,72,4,2,2,1,57.0
27,28,0,7,2,3,1,129.0
59,61,22,4,2,2,1,57.0
26,74,0,7,3,2,1,129.0
22,4,67,7,2,2,1,129.0
20,31,0,7,2,3,1,129.0
63,1,65,4,2,2,1,57.0
63,42,1,4,2,2,1,57.0
64,19,69,4,2,2,1,57.0
65,92,22,4,2,2,1,57.0
67,70,76,4,2,2,1,57.0
19,85,21,7,3,2,1,129.0
69,53,9,4,2,2,1,57.0
18,30,0,7,3,3,1,129.0
73,1,61,4,2,2,1,57.0
73,30,52,4,2,3,1,57.0
74,3,61,4,2,2,1,57.0
75,94,21,4,2,2,1,57.0
76,48,39,4,2,2,1,57.0
77,47,38,4,2,3,1,57.0
77,83,60,4,2,2,1,57.0
18,11,44,7,3,2,1,129.0
78,84,76,4,2,2,1,57.0
13,92,61,7,2,3,1,129.0
80,12,33,4,2,1,1,57.0
85,11,57,4,2,1,1,57.0
85,12,29,4,2,1,1,57.0
6,51,47,7,2,3,1,129.0
1,66,0,7,2,3,1,129.0
90,93,45,4,2,2,1,57.0
97,8,0,7,2,3,1,127.0
93,41,19,7,3,2,1,127.0
81,6,17,7,3,2,1,127.0
92,19,66,4,2,3,1,57.0
78,34,0,7,2,3,1,127.0
93,78,57,4,2,2,1,57.0
74,9,14,7,2,3,1,127.0
73,71,0,7,2,2,1,127.0
96,51,12,4,1,3,1,57.0
96,61,22,4,1,3,1,57.0
96,75,8,4,1,3,1,57.0
73,57,7,7,2,3,1,127.0
97,52,26,4,2,2,1,57.0
97,69,72,4,2,3,1,57.0
69,1,7,7,3,2,1,127.0
98,80,65,4,2,2,1,57.0
67,65,14,7,3,2,1,127.0
99,0,15,4,2,2,1,57.0
0,19,50,4,2,2,1,59.0
66,10,7,7,3,3,1,127.0
2,7,72,4,2,2,1,59.0
2,60,40,4,2,2,1,59.0
3,75,72,4,2,2,1,59.0
4,93,52,4,2,3,1,59.0
64,85,0,7,2,3,1,127.0
5,16,48,4,2,2,1,59.0
61,11,53,7,3,2,1,127.0
5,97,44,4,2,3,1,59.0
7,98,56,4,2,2,1,59.0
10,4,76,4,3,3,1,59.0
11,10,72,4,2,3,1,59.0
11,75,68,4,2,2,1,59.0
14,12,68,4,2,1,1,59.0
14,63,25,4,2,2,1,59.0
15,68,36,4,2,1,1,59.0
20,64,76,4,2,2,1,59.0
60,76,65,7,2,3,1,127.0
22,46,76,4,2,2,1,59.0
28,20,67,4,2,2,1,59.0
32,99,61,4,2,3,1,59.0
59,81,26,7,2,3,1,127.0
33,31,66,4,3,2,1,59.0
46,95,23,7,2,2,1,127.0
33,59,41,4,3,2,1,59.0
33,86,32,4,3,2,1,59.0
39,68,76,4,3,2,1,59.0
43,35,72,4,2,2,1,59.0
44,54,62,4,2,1,1,59.0
45,22,4,4,1,2,1,59.0
46,93,72,4,2,3,1,59.0
48,90,54,4,2,3,1,59.0
49,46,68,4,2,2,1,59.0
50,31,2,4,2,4,1,59.0
40,18,7,7,3,3,1,127.0
52,8,58,4,2,2,1,59.0
53,0,42,4,1,3,1,59.0
55,64,56,4,2,2,1,59.0
57,31,59,4,3,2,1,59.0
57,44,1,4,2,3,1,59.0
58,57,68,4,2,3,1,59.0
39,11,8,7,3,3,1,127.0
62,90,69,4,2,3,1,59.0
63,11,10,4,2,4,1,59.0
63,96,4,4,3,1,1,59.0
64,4,65,4,2,3,1,59.0
64,62,47,4,2,2,1,59.0
65,1,48,4,2,2,1,59.0
74,24,42,4,2,2,1,59.0
74,96,52,4,2,2,1,59.0
76,18,64,4,2,3,1,59.0
76,35,76,4,2,2,1,59.0
35,8,33,7,2,2,1,127.0
76,88,35,4,2,3,1,59.0
77,16,11,4,2,2,1,59.0
77,64,19,4,2,2,1,59.0
78,1,72,4,2,2,1,59.0
33,67,0,7,3,3,1,127.0
78,75,64,4,2,2,1,59.0
80,69,60,4,2,2,1,59.0
33,10,45,7,3,3,1,127.0
85,14,64,4,3,2,1,59.0
24,95,57,7,2,2,1,127.0
85,34,53,4,3,2,1,59.0
87,74,29,4,2,2,1,59.0
90,54,72,4,2,2,1,59.0
91,44,58,4,2,2,1,59.0
94,41,43,4,2,2,1,59.0
19,90,14,7,3,3,1,127.0
95,71,49,4,2,2,1,59.0
96,8,76,4,2,2,1,59.0
18,14,29,7,3,2,1,127.0
96,78,68,4,2,2,1,59.0
99,12,4,4,2,2,1,59.0
0,93,57,4,2,3,1,61.0
11,5,60,7,2,3,1,127.0
2,44,50,4,2,2,1,61.0
3,26,53,4,2,2,1,61.0
3,54,27,4,2,1,1,61.0
4,27,72,4,3,2,1,61.0
11,32,76,4,2,3,1,61.0
6,86,24,7,2,2,1,127.0
11,72,27,4,3,2,1,61.0
14,34,60,4,2,3,1,61.0
0,99,26,7,2,4,1,127.0
15,91,54,4,2,2,1,61.0
92,56,14,6,3,3,1,125.0
17,45,21,4,2,2,1,61.0
22,2,32,4,2,2,1,61.0
22,39,61,4,2,3,1,61.0
23,18,69,4,2,3,1,61.0
23,46,49,4,2,2,1,61.0
26,35,45,4,2,2,1,61.0
28,39,52,4,3,3,1,61.0
28,89,76,4,3,3,1,61.0
33,15,76,4,3,3,1,61.0
36,53,58,4,2,2,1,61.0
38,17,0,4,2,2,1,61.0
38,87,39,4,2,3,1,61.0
41,34,54,4,2,3,1,61.0
92,20,7,6,3,2,1,125.0
92,15,31,6,3,3,1,125.0
42,20,15,4,1,2,1,61.0
47,12,72,4,3,1,1,61.0
91,10,0,6,2,3,1,125.0
49,10,64,4,2,3,1,61.0
49,71,60,4,2,2,1,61.0
89,79,0,6,3,3,1,125.0
50,85,76,4,3,3,1,61.0
51,84,72,4,3,2,1,61.0
52,15,54,4,2,3,1,61.0
58,98,47,4,2,2,1,61.0
88,78,74,6,1,3,1,125.0
61,64,61,4,2,2,1,61.0
64,72,23,4,2,2,1,61.0
66,79,56,4,3,2,1,61.0
69,7,68,4,3,2,1,61.0
70,51,68,4,2,3,1,61.0
73,41,36,4,2,2,1,61.0
74,1,38,4,2,2,1,61.0
74,66,25,4,2,3,1,61.0
75,71,27,4,2,2,1,61.0
88,45,11,6,2,2,1,125.0
76,32,31,4,2,3,1,61.0
87,54,66,6,3,1,1,125.0
77,39,15,4,2,3,1,61.0
77,76,7,4,2,3,1,61.0
84,88,50,6,2,2,1,125.0
78,64,52,4,2,2,1,61.0
79,3,76,4,3,2,1,61.0
82,9,25,6,3,3,1,125.0
79,36,54,4,3,2,1,61.0
84,10,37,4,1,3,1,61.0
84,26,29,4,2,2,1,61.0
76,11,15,6,3,3,1,125.0
84,46,42,4,2,2,1,61.0
84,89,68,4,2,3,1,61.0
87,83,41,4,2,2,1,61.0
88,71,76,4,2,2,1,61.0
88,98,72,4,2,2,1,61.0
89,74,72,4,3,3,1,61.0
90,35,60,4,2,2,1,61.0
91,15,50,4,2,2,1,61.0
91,40,64,4,2,3,1,61.0
91,58,43,4,2,2,1,61.0
91,71,23,4,2,2,1,61.0
91,78,27,4,2,2,1,61.0
92,48,42,4,2,3,1,61.0
93,58,64,4,3,2,1,61.0
94,21,1,4,2,2,1,61.0
94,29,39,4,2,3,1,61.0
94,70,35,4,2,2,1,61.0
96,94,72,4,2,3,1,61.0
98,38,76,4,2,3,1,61.0
98,72,16,4,2,2,1,61.0
98,87,7,4,2,2,1,61.0
75,99,0,6,3,3,1,125.0
73,64,27,6,2,2,1,125.0
99,81,76,4,3,3,1,61.0
0,49,46,4,2,2,1,63.0
2,45,28,4,2,2,1,63.0
3,31,49,4,2,3,1,63.0
5,29,28,4,2,2,1,63.0
6,62,65,4,2,2,1,63.0
72,4,8,6,2,3,1,125.0
7,4,52,4,2,3,1,63.0
8,58,22,4,2,2,1,63.0
9,8,63,4,3,2,1,63.0
16,41,44,4,2,3,1,63.0
17,56,57,4,2,3,1,63.0
69,84,0,6,3,2,1,125.0
21,6,56,4,2,3,1,63.0
69,28,22,6,3,3,1,125.0
67,52,7,6,3,3,1,125.0
21,61,9,4,2,3,1,63.0
22,6,43,4,2,2,1,63.0
67,51,29,6,3,3,1,125.0
24,44,36,4,2,2,1,63.0
66,96,19,6,3,2,1,125.0
30,42,60,4,3,2,1,63.0
32,28,48,4,2,3,1,63.0
32,35,54,4,2,2,1,63.0
32,80,26,4,2,2,1,63.0
34,12,25,4,2,2,1,63.0
38,51,35,4,2,4,1,63.0
40,7,9,4,2,2,1,63.0
47,53,21,6,3,3,1,125.0
40,33,14,6,3,3,1,125.0
42,9,67,4,1,4,1,63.0
42,63,29,4,1,3,1,63.0
39,72,19,6,3,3,1,125.0
38,79,19,6,2,3,1,125.0
36,78,31,6,2,2,1,125.0
44,50,32,4,2,3,1,63.0
35,15,18,6,2,3,1,125.0
44,62,28,4,2,2,1,63.0
34,88,43,6,3,2,1,125.0
46,55,11,4,2,2,1,63.0
48,34,72,4,3,3,1,63.0
49,3,34,4,2,2,1,63.0
28,87,7,6,3,3,1,125.0
49,82,21,4,2,3,1,63.0
49,95,15,4,2,2,1,63.0
50,86,60,4,3,2,1,63.0
50,90,65,4,3,3,1,63.0
52,38,27,4,3,2,1,63.0
53,20,72,4,2,2,1,63.0
55,21,52,4,2,3,1,63.0
57,30,72,4,3,3,1,63.0
21,37,39,6,3,3,1,125.0
10,96,56,6,3,2,1,125.0
59,9,57,4,2,3,1,63.0
10,47,14,6,3,4,1,125.0
59,32,18,4,2,2,1,63.0
59,46,37,4,2,2,1,63.0
61,51,13,4,2,4,1,63.0
7,11,21,6,2,3,1,125.0
63,50,72,4,3,3,1,63.0
63,59,33,4,3,2,1,63.0
63,93,76,4,3,3,1,63.0
63,95,45,4,3,2,1,63.0
65,42,26,4,2,2,1,63.0
66,68,72,4,3,2,1,63.0
69,10,52,4,3,3,1,63.0
72,3,57,4,3,2,1,63.0
72,16,40,4,3,2,1,63.0
72,30,68,4,3,3,1,63.0
3,92,0,6,2,4,1,125.0
74,7,34,4,2,2,1,63.0
2,33,7,6,2,3,1,125.0
74,91,39,4,3,2,1,63.0
74,98,43,4,3,2,1,63.0
77,96,3,4,2,2,1,63.0
0,75,12,6,3,3,1,125.0
99,66,35,6,3,3,1,123.0
78,17,17,4,2,2,1,63.0
99,59,14,6,3,3,1,123.0
96,95,25,6,2,3,1,123.0
78,87,48,4,2,3,1,63.0
82,61,76,4,3,3,1,63.0
96,5,31,6,2,3,1,123.0
83,62,24,4,2,2,1,63.0
86,23,56,4,2,2,1,63.0
86,81,43,4,2,3,1,63.0
87,25,76,4,3,3,1,63.0
95,15,40,6,3,2,1,123.0
91,34,7,6,3,3,1,123.0
87,44,54,4,3,2,1,63.0
89,45,17,4,3,2,1,63.0
89,78,10,4,3,2,1,63.0
91,5,10,4,2,3,1,63.0
91,16,35,4,2,2,1,63.0
91,74,76,4,3,3,1,63.0
91,23,15,6,3,2,1,123.0
91,95,72,4,3,3,1,63.0
93,45,68,4,3,2,1,63.0
95,26,76,4,3,3,1,63.0
95,73,66,4,3,2,1,63.0
96,91,64,4,2,3,1,63.0
97,99,49,4,2,3,1,63.0
98,23,39,4,2,3,1,63.0
89,95,57,6,3,3,1,123.0
98,78,30,4,2,3,1,63.0
2,32,3,4,2,3,1,65.0
2,59,24,4,2,3,1,65.0
5,78,40,4,2,3,1,65.0
86,63,8,6,3,3,1,123.0
7,80,48,4,2,2,1,65.0
84,12,33,6,2,2,1,123.0
8,96,48,4,2,2,1,65.0
13,42,76,4,2,2,1,65.0
84,1,14,6,2,2,1,123.0
14,26,56,4,2,3,1,65.0
14,40,40,4,2,3,1,65.0
14,51,0,4,2,3,1,65.0
83,44,5,6,2,3,1,123.0
14,95,48,4,2,3,1,65.0
17,68,68,4,3,2,1,65.0
79,17,6,6,3,3,1,123.0
77,67,35,6,3,3,1,123.0
74,68,16,6,3,2,1,123.0
64,53,13,6,2,2,1,123.0
17,72,76,4,3,3,1,65.0
22,75,49,4,2,2,1,65.0
22,98,12,4,2,2,1,65.0
23,14,45,4,2,3,1,65.0
26,15,60,4,3,2,1,65.0
30,70,56,4,3,2,1,65.0
31,65,40,4,2,3,1,65.0
64,1,7,6,2,3,1,123.0
33,97,72,4,3,3,1,65.0
34,35,68,4,3,2,1,65.0
34,49,50,4,3,2,1,65.0
40,22,28,4,2,2,1,65.0
42,53,54,4,2,2,1,65.0
60,10,25,6,2,4,1,123.0
45,83,76,4,2,2,1,65.0
46,76,33,4,2,3,1,65.0
50,27,56,4,3,2,1,65.0
50,44,24,4,3,2,1,65.0
53,13,50,4,2,2,1,65.0
59,21,0,6,3,3,1,123.0
53,17,46,4,2,3,1,65.0
55,86,48,4,2,3,1,65.0
55,88,68,4,3,2,1,65.0
58,30,7,6,2,3,1,123.0
55,96,44,4,3,2,1,65.0
57,95,0,6,3,3,1,123.0
57,72,64,4,3,3,1,65.0
57,85,14,6,3,3,1,123.0
50,66,41,6,3,3,1,123.0
59,29,14,4,2,3,1,65.0
59,97,76,4,3,3,1,65.0
49,60,25,6,2,3,1,123.0
47,72,54,6,3,4,1,123.0
46,5,4,6,2,2,1,123.0
65,0,33,4,3,2,1,65.0
67,46,57,4,2,3,1,65.0
46,1,24,6,3,2,1,123.0
69,31,29,4,3,2,1,65.0
71,81,68,4,2,3,1,65.0
45,54,40,6,2,2,1,123.0
32,11,38,6,3,3,1,123.0
73,38,48,4,2,3,1,65.0
76,52,76,4,3,3,1,65.0
77,48,76,4,3,3,1,65.0
80,47,56,4,2,4,1,65.0
80,59,52,4,2,3,1,65.0
82,15,46,4,3,2,1,65.0
83,26,45,4,2,3,1,65.0
83,37,56,4,2,3,1,65.0
21,44,11,6,3,3,1,123.0
20,70,23,6,2,2,1,123.0
90,12,49,4,2,2,1,65.0
92,55,76,4,3,3,1,65.0
93,8,11,4,3,2,1,65.0
94,11,17,4,2,4,1,65.0
96,73,40,4,2,2,1,65.0
97,16,68,4,3,3,1,65.0
20,34,37,6,2,3,1,123.0
98,99,3,4,2,4,1,65.0
99,13,68,4,3,2,1,65.0
0,6,11,4,2,3,1,67.0
4,13,29,4,3,2,1,67.0
12,16,45,4,1,3,1,67.0
14,2,36,4,2,3,1,67.0
19,13,28,6,3,3,1,123.0
14,77,21,4,2,3,1,67.0
16,3,23,4,3,2,1,67.0
22,78,57,4,2,3,1,67.0
14,88,56,6,3,2,1,123.0
13,32,0,6,2,4,1,123.0
23,3,26,4,2,3,1,67.0
25,43,45,4,3,2,1,67.0
13,28,23,6,2,4,1,123.0
35,61,55,4,1,4,1,67.0
2,70,29,6,3,2,1,123.0
37,12,72,4,3,2,1,67.0
40,20,59,4,3,2,1,67.0
40,68,55,4,3,2,1,67.0
40,83,36,4,3,2,1,67.0
41,33,76,4,2,4,1,67.0
42,55,50,4,2,3,1,67.0
43,5,41,4,2,3,1,67.0
2,69,40,6,3,3,1,123.0
46,71,15,4,2,2,1,67.0
0,16,35,6,3,3,1,123.0
99,21,20,6,3,3,1,121.0
46,96,8,4,3,2,1,67.0
98,75,18,6,3,3,1,121.0
98,13,0,6,3,3,1,121.0
48,55,64,4,3,3,1,67.0
93,55,0,6,3,3,1,121.0
48,85,68,4,3,3,1,67.0
50,51,16,4,3,3,1,67.0
52,36,45,4,3,2,1,67.0
56,57,76,4,3,3,1,67.0
57,38,55,4,3,3,1,67.0
58,46,18,4,2,3,1,67.0
58,97,27,4,2,3,1,67.0
59,19,34,4,3,2,1,67.0
91,90,0,6,3,3,1,121.0
59,40,72,4,3,3,1,67.0
64,51,43,4,2,4,1,67.0
64,86,39,4,2,2,1,67.0
65,24,72,4,3,2,1,67.0
65,89,64,4,3,3,1,67.0
91,36,37,6,3,2,1,121.0
67,48,22,4,2,3,1,67.0
72,40,46,4,3,3,1,67.0
73,43,18,4,2,2,1,67.0
74,12,68,4,3,2,1,67.0
88,23,62,6,2,3,1,121.0
88,2,0,6,3,3,1,121.0
76,53,42,4,3,2,1,67.0
77,80,3,4,3,2,1,67.0
78,9,53,4,3,3,1,67.0
78,51,8,4,3,3,1,67.0
79,87,72,4,3,3,1,67.0
80,3,15,4,3,2,1,67.0
80,46,76,4,3,3,1,67.0
86,0,0,6,3,3,1,121.0
80,77,72,4,3,3,1,67.0
82,53,68,4,3,3,1,67.0
82,98,64,4,3,3,1,67.0
83,50,20,4,2,3,1,67.0
82,67,14,6,3,4,1,121.0
84,50,64,4,2,4,1,67.0
87,5,24,4,3,2,1,67.0
81,71,11,6,3,3,1,121.0
88,99,72,4,3,3,1,67.0
89,25,39,4,3,3,1,67.0
96,11,76,4,3,3,1,67.0
96,24,68,4,3,2,1,67.0
98,96,72,4,3,3,1,67.0
3,69,11,4,2,4,1,69.0
3,82,7,4,2,4,1,69.0
4,49,56,4,3,2,1,69.0
4,52,61,4,3,3,1,69.0
5,57,0,4,2,4,1,69.0
5,80,68,4,3,3,1,69.0
5,86,0,4,3,2,1,69.0
7,34,44,4,2,4,1,69.0
8,83,54,4,2,3,1,69.0
10,21,68,4,3,3,1,69.0
12,75,64,4,2,3,1,69.0
13,84,60,4,3,2,1,69.0
14,61,5,4,2,4,1,69.0
81,28,33,6,3,3,1,121.0
78,26,12,6,3,3,1,121.0
76,54,0,6,3,2,1,121.0
76,41,21,6,3,3,1,121.0
17,35,64,4,3,2,1,69.0
18,19,22,4,2,4,1,69.0
70,94,47,6,2,3,1,121.0
19,12,57,4,3,2,1,69.0
20,59,48,4,2,3,1,69.0
66,20,47,6,3,3,1,121.0
65,72,7,6,3,3,1,121.0
21,85,5,4,2,4,1,69.0
61,37,65,6,3,3,1,121.0
57,12,39,6,3,2,1,121.0
55,16,7,6,3,3,1,121.0
22,68,37,4,2,2,1,69.0
26,17,72,4,3,3,1,69.0
29,70,63,4,2,2,1,69.0
33,50,37,4,3,3,1,69.0
33,57,28,4,3,3,1,69.0
54,48,6,6,2,3,1,121.0
36,60,76,4,3,3,1,69.0
36,81,72,4,3,3,1,69.0
37,33,45,4,3,4,1,69.0
37,97,76,4,3,4,1,69.0
38,45,72,4,3,2,1,69.0
38,50,28,4,3,3,1,69.0
42,61,45,4,2,3,1,69.0
50,4,0,6,3,4,1,121.0
50,1,6,6,3,4,1,121.0
44,14,70,4,3,3,1,69.0
44,31,66,4,3,3,1,69.0
44,64,35,4,3,2,1,69.0
45,52,49,4,2,3,1,69.0
46,9,49,4,3,3,1,69.0
49,17,38,6,2,3,1,121.0
46,65,68,4,3,3,1,69.0
46,62,32,6,3,2,1,121.0
47,27,68,4,3,3,1,69.0
46,36,0,6,3,3,1,121.0
50,76,47,4,3,3,1,69.0
42,70,5,6,2,3,1,121.0
52,7,40,4,3,2,1,69.0
41,45,0,6,3,3,1,121.0
52,13,72,4,3,3,1,69.0
53,18,0,4,2,2,1,69.0
54,50,76,4,2,4,1,69.0
55,89,31,4,3,3,1,69.0
56,67,72,4,3,3,1,69.0
58,99,57,4,3,3,1,69.0
59,39,57,4,3,3,1,69.0
59,64,68,4,3,3,1,69.0
60,7,72,4,3,3,1,69.0
60,20,55,4,3,2,1,69.0
38,95,6,6,3,3,1,121.0
61,36,61,4,3,3,1,69.0
38,8,40,6,3,2,1,121.0
62,21,43,4,2,4,1,69.0
63,36,68,4,3,3,1,69.0
64,34,64,4,3,3,1,69.0
64,71,45,4,3,2,1,69.0
32,13,44,6,3,3,1,121.0
67,17,60,4,3,3,1,69.0
67,39,48,4,3,3,1,69.0
68,0,51,4,2,3,1,69.0
69,68,33,4,3,2,1,69.0
28,90,40,6,3,3,1,121.0
73,93,44,4,2,4,1,69.0
74,94,64,4,3,3,1,69.0
77,46,64,4,3,3,1,69.0
77,54,68,4,3,2,1,69.0
77,60,60,4,3,3,1,69.0
77,70,49,4,3,3,1,69.0
27,84,7,6,2,3,1,121.0
27,67,20,6,2,4,1,121.0
78,73,70,4,3,3,1,69.0
79,20,68,4,3,3,1,69.0
84,57,56,4,2,4,1,69.0
84,98,76,4,3,3,1,69.0
85,20,44,4,3,2,1,69.0
85,75,72,4,3,3,1,69.0
85,86,60,4,3,3,1,69.0
85,96,49,4,3,3,1,69.0
86,4,44,4,3,3,1,69.0
26,57,32,6,3,3,1,121.0
86,79,64,4,3,3,1,69.0
87,1,44,4,3,2,1,69.0
87,12,29,4,3,2,1,69.0
87,28,18,4,3,3,1,69.0
87,75,60,4,3,3,1,69.0
88,42,41,4,3,2,1,69.0
25,56,0,6,3,3,1,121.0
23,91,21,6,3,3,1,121.0
92,10,72,4,3,4,1,69.0
93,67,39,4,3,4,1,69.0
96,25,64,4,3,3,1,69.0
97,35,50,4,3,2,1,69.0
99,25,53,4,3,3,1,69.0
99,33,41,4,3,4,1,69.0
0,96,60,4,3,3,1,71.0
2,92,68,4,3,3,1,71.0
3,40,76,4,3,3,1,71.0
3,44,62,4,3,3,1,71.0
13,86,16,6,3,3,1,121.0
6,45,35,6,2,3,1,121.0
4,2,48,4,3,3,1,71.0
0,17,18,6,3,3,1,121.0
4,66,15,4,3,3,1,71.0
5,44,56,4,3,3,1,71.0
7,88,76,4,3,3,1,71.0
8,40,7,4,2,4,1,71.0
8,97,64,4,3,3,1,71.0
10,34,25,4,3,3,1,71.0
0,5,24,6,3,3,1,121.0
97,31,12,6,3,3,1,119.0
95,74,31,6,3,3,1,119.0
11,82,31,4,3,3,1,71.0
14,62,20,4,3,2,1,71.0
14,65,76,4,3,3,1,71.0
18,17,56,4,3,3,1,71.0
18,82,60,4,3,4,1,71.0
20,4,19,4,2,3,1,71.0
20,52,57,4,3,3,1,71.0
21,67,76,4,3,3,1,71.0
23,20,76,4,3,3,1,71.0
94,56,30,6,3,3,1,119.0
24,5,20,4,2,3,1,71.0
91,29,47,6,3,2,1,119.0
26,13,68,4,3,3,1,71.0
27,71,62,4,2,3,1,71.0
87,47,0,6,3,4,1,119.0
28,71,64,4,3,2,1,71.0
29,10,21,4,2,3,1,71.0
29,91,68,4,3,3,1,71.0
36,0,56,4,3,3,1,71.0
84,41,13,6,3,3,1,119.0
36,29,52,4,3,3,1,71.0
43,57,37,4,2,4,1,71.0
45,73,14,4,3,2,1,71.0
48,49,60,4,3,3,1,71.0
84,22,0,6,3,3,1,119.0
49,29,10,4,2,3,1,71.0
49,39,44,4,3,3,1,71.0
49,53,76,4,3,2,1,71.0
53,69,38,4,2,4,1,71.0
83,90,11,6,2,4,1,119.0
82,68,22,6,4,2,1,119.0
82,42,14,6,4,2,1,119.0
54,16,64,4,2,3,1,71.0
80,58,0,6,3,3,1,119.0
57,0,24,4,3,4,1,71.0
57,11,72,4,4,3,1,71.0
62,96,16,4,2,3,1,71.0
80,36,6,6,3,3,1,119.0
66,36,76,4,3,4,1,71.0
79,23,12,6,3,3,1,119.0
66,76,60,4,3,3,1,71.0
69,73,76,4,3,3,1,71.0
76,68,27,6,3,3,1,119.0
76,19,51,6,3,3,1,119.0
75,8,24,6,3,3,1,119.0
74,11,47,6,3,3,1,119.0
74,31,56,4,3,3,1,71.0
74,89,27,4,3,3,1,71.0
73,99,7,6,3,4,1,119.0
75,83,76,4,3,3,1,71.0
76,29,72,4,3,3,1,71.0
77,88,45,4,3,3,1,71.0
79,4,39,4,3,3,1,71.0
80,16,60,4,3,3,1,71.0
80,54,56,4,3,2,1,71.0
80,86,52,4,3,3,1,71.0
85,84,40,4,3,3,1,71.0
86,38,68,4,3,3,1,71.0
72,76,13,6,3,4,1,119.0
86,72,72,4,3,3,1,71.0
87,26,35,4,3,4,1,71.0
67,24,41,6,3,3,1,119.0
88,57,68,4,3,4,1,71.0
88,91,60,4,3,3,1,71.0
91,93,33,4,3,3,1,71.0
94,35,13,4,2,3,1,71.0
94,61,41,4,3,3,1,71.0
95,66,53,4,3,4,1,71.0
0,61,72,4,3,3,1,73.0
1,44,52,4,2,3,1,73.0
66,11,57,6,4,3,1,119.0
1,99,31,4,2,3,1,73.0
3,12,53,4,3,2,1,73.0
3,43,72,4,3,3,1,73.0
3,72,36,4,3,3,1,73.0
4,98,35,4,3,3,1,73.0
5,2,76,4,3,3,1,73.0
65,26,18,6,3,3,1,119.0
5,67,52,4,3,3,1,73.0
5,70,72,4,3,2,1,73.0
63,48,14,6,3,3,1,119.0
63,27,39,6,3,2,1,119.0
7,45,68,4,3,3,1,73.0
53,96,20,6,2,3,1,119.0
9,28,76,4,3,4,1,73.0
10,30,41,4,3,4,1,73.0
13,60,64,4,3,3,1,73.0
19,46,72,4,3,3,1,73.0
51,65,54,6,3,3,1,119.0
19,59,43,4,3,3,1,73.0
20,33,72,4,3,4,1,73.0
20,66,64,4,3,4,1,73.0
21,73,64,4,3,3,1,73.0
22,27,16,4,2,2,1,73.0
22,30,53,4,2,4,1,73.0
48,37,0,6,3,4,1,119.0
25,67,68,4,3,3,1,73.0
46,89,12,6,3,4,1,119.0
29,15,26,4,3,2,1,73.0
30,62,48,4,3,3,1,73.0
33,66,68,4,4,3,1,73.0
45,38,18,6,3,3,1,119.0
36,85,36,4,3,3,1,73.0
40,69,68,4,3,4,1,73.0
42,87,37,4,2,4,1,73.0
44,3,40,6,3,3,1,119.0
44,24,26,4,3,2,1,73.0
43,6,58,6,3,2,1,119.0
45,18,52,4,3,3,1,73.0
45,88,64,4,3,3,1,73.0
46,72,53,4,3,3,1,73.0
49,15,22,4,3,2,1,73.0
50,92,12,4,3,4,1,73.0
52,37,68,4,3,4,1,73.0
52,77,31,4,3,3,1,73.0
54,94,60,4,2,3,1,73.0
42,44,30,6,2,4,1,119.0
58,6,76,4,3,2,1,73.0
58,89,23,4,3,3,1,73.0
59,31,39,4,3,3,1,73.0
38,70,12,6,3,3,1,119.0
37,7,9,6,4,3,1,119.0
61,12,37,4,3,3,1,73.0
33,82,0,6,4,4,1,119.0
64,35,41,4,3,2,1,73.0
33,60,18,6,4,3,1,119.0
64,73,60,4,3,3,1,73.0
32,41,7,6,3,3,1,119.0
30,71,17,6,3,3,1,119.0
68,54,29,4,2,2,1,73.0
74,4,23,4,3,3,1,73.0
74,88,12,4,3,3,1,73.0
76,31,38,4,3,4,1,73.0
77,28,14,4,3,3,1,73.0
82,7,64,4,4,3,1,73.0
83,28,1,4,2,4,1,73.0
84,13,56,4,3,3,1,73.0
84,31,72,4,3,3,1,73.0
86,78,36,4,3,3,1,73.0
87,13,14,4,3,4,1,73.0
87,37,76,4,4,4,1,73.0
90,42,76,4,3,3,1,73.0
91,24,56,4,3,3,1,73.0
29,96,0,6,3,3,1,119.0
91,38,43,4,3,4,1,73.0
93,89,6,4,3,3,1,73.0
27,47,26,6,2,4,1,119.0
94,73,56,4,3,3,1,73.0
94,79,26,4,3,3,1,73.0
95,60,21,4,3,4,1,73.0
27,25,49,6,2,4,1,119.0
95,79,17,4,3,4,1,73.0
96,16,56,4,3,3,1,73.0
19,91,34,6,3,4,1,119.0
96,42,45,4,3,3,1,73.0
96,74,8,4,3,3,1,73.0
96,84,36,4,3,3,1,73.0
97,26,40,4,3,3,1,73.0
98,36,48,4,3,3,1,73.0
99,11,45,4,3,4,1,73.0
0,45,76,4,3,3,1,75.0
0,97,31,4,3,3,1,75.0
2,65,60,4,3,3,1,75.0
18,22,21,6,3,3,1,119.0
3,48,68,4,3,4,1,75.0
3,89,58,4,3,4,1,75.0
4,54,52,4,4,2,1,75.0
5,76,48,4,3,4,1,75.0
7,42,60,4,3,3,1,75.0
13,29,76,4,3,3,1,75.0
17,58,12,6,3,3,1,119.0
14,48,34,6,3,3,1,119.0
7,84,20,6,3,3,1,119.0
15,63,64,4,3,3,1,75.0
17,25,34,4,3,3,1,75.0
19,58,76,4,3,4,1,75.0
21,84,60,4,3,3,1,75.0
27,58,72,4,3,3,1,75.0
27,72,32,4,3,3,1,75.0
31,37,45,4,3,4,1,75.0
2,58,6,6,3,3,1,119.0
33,22,8,4,4,2,1,75.0
33,71,58,4,4,3,1,75.0
33,78,64,4,4,3,1,75.0
34,83,33,4,3,3,1,75.0
98,32,25,6,3,3,1,117.0
36,15,44,4,3,3,1,75.0
36,72,28,4,3,3,1,75.0
38,41,63,4,3,2,1,75.0
98,31,6,6,3,4,1,117.0
45,14,41,4,3,3,1,75.0
46,66,45,4,3,4,1,75.0
94,86,0,6,3,4,1,117.0
47,95,76,4,4,4,1,75.0
49,87,72,4,3,4,1,75.0
50,14,52,4,4,3,1,75.0
85,99,20,6,3,4,1,117.0
52,33,53,4,3,4,1,75.0
55,80,40,4,3,3,1,75.0
56,97,36,4,3,3,1,75.0
84,67,26,6,3,4,1,117.0
58,54,48,4,3,2,1,75.0
60,83,68,4,3,3,1,75.0
61,70,33,4,3,3,1,75.0
62,40,32,4,3,3,1,75.0
64,91,29,4,3,3,1,75.0
65,83,50,4,3,3,1,75.0
84,54,44,6,3,3,1,117.0
66,93,29,4,4,3,1,75.0
69,49,64,4,3,3,1,75.0
82,27,36,6,4,3,1,117.0
73,62,52,4,3,3,1,75.0
74,54,60,4,3,3,1,75.0
81,34,48,6,3,4,1,117.0
78,28,44,6,3,4,1,117.0
74,56,4,4,3,4,1,75.0
71,31,23,6,3,4,1,117.0
74,60,0,4,3,3,1,75.0
77,55,27,4,3,3,1,75.0
78,85,26,4,3,3,1,75.0
59,55,28,6,3,4,1,117.0
59,25,61,6,3,4,1,117.0
58,13,34,6,3,3,1,117.0
78,96,22,4,3,4,1,75.0
82,30,44,4,4,3,1,75.0
83,39,40,4,3,3,1,75.0
83,53,5,4,3,2,1,75.0
84,59,68,4,3,4,1,75.0
55,85,13,6,3,4,1,117.0
88,1,56,4,3,2,1,75.0
90,11,61,4,3,4,1,75.0
91,65,46,4,4,3,1,75.0
92,98,57,4,3,3,1,75.0
97,41,60,4,3,3,1,75.0
98,40,68,4,3,4,1,75.0
98,44,31,4,3,3,1,75.0
55,82,54,6,3,4,1,117.0
99,48,10,4,3,4,1,75.0
48,80,19,6,4,3,1,117.0
0,65,67,5,3,4,1,77.0
2,64,55,5,3,3,1,77.0
3,37,31,5,3,4,1,77.0
3,99,48,5,3,4,1,77.0
10,40,20,5,4,3,1,77.0
11,87,67,5,3,4,1,77.0
13,77,7,5,3,3,1,77.0
15,60,49,5,3,3,1,77.0
17,78,1,5,3,3,1,77.0
18,10,39,5,3,4,1,77.0
18,16,75,5,4,3,1,77.0
18,63,59,5,4,3,1,77.0
20,48,26,5,3,3,1,77.0
46,98,39,6,3,3,1,117.0
21,64,34,5,3,3,1,77.0
43,46,0,6,3,4,1,117.0
21,91,29,5,3,4,1,77.0
22,42,71,5,3,3,1,77.0
22,54,35,5,3,2,1,77.0
42,62,0,6,3,3,1,117.0
22,79,59,5,3,3,1,77.0
24,47,71,5,3,4,1,77.0
24,70,0,5,2,3,1,77.0
27,18,54,5,3,4,1,77.0
36,56,23,5,3,4,1,77.0
36,64,18,5,3,3,1,77.0
41,70,75,5,3,3,1,77.0
41,90,49,5,3,3,1,77.0
42,16,51,5,3,3,1,77.0
47,97,21,5,4,3,1,77.0
49,61,28,5,3,3,1,77.0
42,31,22,6,3,3,1,117.0
51,26,51,5,4,3,1,77.0
40,19,0,6,3,4,1,117.0
52,67,2,5,3,4,1,77.0
38,53,0,6,3,3,1,117.0
59,70,63,5,4,3,1,77.0
30,21,30,6,3,4,1,117.0
23,52,0,6,3,4,1,117.0
60,26,44,5,3,4,1,77.0
64,16,13,5,3,3,1,77.0
22,90,6,6,3,3,1,117.0
65,35,28,5,3,3,1,77.0
65,98,13,5,3,3,1,77.0
66,69,75,5,4,4,1,77.0
66,90,70,5,4,4,1,77.0
73,50,47,5,3,4,1,77.0
74,58,67,5,4,3,1,77.0
75,30,48,5,3,4,1,77.0
76,43,67,5,4,3,1,77.0
77,25,19,5,4,3,1,77.0
78,2,24,5,4,3,1,77.0
22,62,12,6,3,3,1,117.0
78,41,70,5,4,3,1,77.0
78,49,55,5,4,3,1,77.0
80,19,47,5,3,4,1,77.0
21,98,45,6,3,4,1,117.0
17,1,24,6,3,3,1,117.0
11,42,28,6,4,3,1,117.0
80,23,34,5,3,3,1,77.0
3,93,0,6,3,4,1,117.0
81,67,63,5,3,4,1,77.0
81,69,58,5,3,4,1,77.0
83,95,12,5,3,3,1,77.0
2,72,12,6,3,4,1,117.0
87,38,32,5,4,3,1,77.0
88,43,51,5,3,3,1,77.0
88,51,30,5,3,4,1,77.0
89,38,75,5,4,4,1,77.0
93,17,51,5,4,3,1,77.0
94,92,36,5,3,4,1,77.0
95,6,71,5,4,2,1,77.0
95,80,29,5,4,3,1,77.0
98,22,52,5,3,3,1,77.0
0,91,7,5,3,4,1,79.0
2,84,19,5,3,4,1,79.0
3,4,21,5,3,4,1,79.0
0,86,28,6,4,3,1,117.0
8,63,54,5,3,3,1,79.0
9,15,39,5,3,3,1,79.0
11,1,75,5,4,3,1,79.0
14,68,65,5,3,3,1,79.0
14,91,24,5,3,4,1,79.0
14,93,29,5,3,4,1,79.0
18,1,70,5,4,3,1,79.0
20,71,10,5,3,2,1,79.0
21,3,6,5,3,3,1,79.0
21,8,75,5,4,3,1,79.0
23,2,71,5,3,4,1,79.0
23,73,29,5,3,3,1,79.0
30,33,36,5,4,4,1,79.0
33,49,13,5,4,3,1,79.0
38,30,70,5,4,4,1,79.0
40,0,46,5,4,3,1,79.0
40,86,27,5,3,4,1,79.0
45,10,59,5,3,4,1,79.0
45,56,47,5,3,3,1,79.0
48,0,75,5,4,4,1,79.0
49,2,50,5,3,4,1,79.0
97,56,54,6,3,4,1,115.0
96,65,26,6,3,4,1,115.0
52,11,35,5,3,4,1,79.0
52,50,22,5,3,4,1,79.0
52,95,17,5,3,4,1,79.0
57,68,60,5,4,3,1,79.0
58,85,62,5,3,4,1,79.0
59,58,52,5,4,3,1,79.0
94,66,6,6,3,4,1,115.0
59,77,75,5,4,4,1,79.0
61,68,17,5,3,3,1,79.0
93,98,6,6,4,4,1,115.0
61,73,42,5,4,3,1,79.0
92,39,37,6,3,4,1,115.0
90,38,0,6,4,4,1,115.0
61,88,25,5,4,3,1,79.0
63,6,49,5,3,3,1,79.0
64,14,8,5,3,3,1,79.0
66,58,40,5,4,3,1,79.0
73,24,36,5,3,3,1,79.0
74,80,75,5,4,4,1,79.0
88,14,6,6,3,4,1,115.0
76,90,75,5,4,4,1,79.0
77,97,7,5,4,3,1,79.0
78,66,35,5,4,4,1,79.0
80,11,70,5,4,4,1,79.0
82,23,49,5,4,3,1,79.0
83,27,63,5,3,3,1,79.0
84,65,50,6,3,4,1,115.0
77,4,12,6,4,4,1,115.0
83,43,45,5,3,3,1,79.0
83,45,28,5,3,3,1,79.0
85,73,31,5,3,4,1,79.0
86,21,23,5,3,4,1,79.0
87,14,15,5,4,3,1,79.0
74,44,17,6,4,3,1,115.0
72,75,30,6,4,3,1,115.0
89,15,70,5,4,3,1,79.0
93,0,70,5,4,4,1,79.0
93,5,15,5,4,3,1,79.0
93,34,20,5,4,3,1,79.0
96,10,67,5,4,4,1,79.0
96,26,7,5,4,3,1,79.0
96,82,75,5,4,4,1,79.0
66,85,19,6,4,4,1,115.0
65,43,13,6,4,3,1,115.0
97,90,65,5,4,4,1,79.0
98,1,65,5,4,3,1,79.0
65,23,6,6,4,3,1,115.0
98,14,1,5,4,3,1,79.0
99,50,71,5,4,4,1,79.0
4,92,75,5,4,4,1,81.0
6,38,65,5,3,4,1,81.0
7,1,55,5,3,3,1,81.0
14,72,75,5,4,4,1,81.0
20,29,34,5,3,3,1,81.0
61,56,61,6,4,3,1,115.0
20,83,21,5,3,3,1,81.0
21,27,49,5,4,3,1,81.0
22,31,66,5,3,4,1,81.0
58,25,27,6,3,4,1,115.0
22,80,47,5,3,4,1,81.0
23,17,57,5,3,4,1,81.0
23,62,43,5,3,3,1,81.0
23,64,75,5,4,3,1,81.0
23,74,62,5,4,4,1,81.0
26,32,71,5,4,3,1,81.0
27,12,44,5,3,3,1,81.0
32,23,43,5,2,4,1,81.0
32,30,65,5,3,4,1,81.0
33,45,31,5,4,4,1,81.0
54,5,21,6,2,4,1,115.0
34,19,75,5,4,4,1,81.0
36,63,13,5,3,4,1,81.0
46,26,6,6,4,4,1,115.0
36,68,71,5,4,3,1,81.0
36,69,47,5,4,3,1,81.0
38,11,56,5,4,4,1,81.0
42,36,66,5,3,4,1,81.0
48,64,50,5,4,3,1,81.0
48,76,62,5,4,4,1,81.0
50,16,59,5,4,4,1,81.0
52,42,40,5,4,3,1,81.0
52,87,62,5,4,4,1,81.0
55,69,22,5,3,4,1,81.0
56,52,67,5,3,4,1,81.0
57,22,42,5,4,3,1,81.0
57,27,27,5,4,3,1,81.0
63,10,54,5,4,4,1,81.0
63,99,66,5,4,4,1,81.0
64,93,75,5,4,4,1,81.0
66,45,14,5,4,4,1,81.0
66,84,1,5,4,4,1,81.0
46,16,12,6,4,4,1,115.0
69,82,31,5,4,4,1,81.0
70,23,70,5,3,4,1,81.0
71,24,66,5,3,3,1,81.0
45,35,6,6,3,3,1,115.0
72,22,70,5,4,4,1,81.0
45,26,0,6,4,4,1,115.0
43,84,24,6,3,4,1,115.0
74,32,57,5,4,3,1,81.0
75,52,55,5,3,4,1,81.0
75,61,37,5,3,4,1,81.0
77,8,70,5,4,3,1,81.0
42,92,6,6,3,4,1,115.0
80,62,65,5,4,3,1,81.0
83,49,0,5,3,3,1,81.0
83,64,58,5,3,4,1,81.0
41,36,27,6,3,4,1,115.0
37,35,17,6,4,3,1,115.0
83,94,21,5,4,3,1,81.0
31,29,43,6,4,3,1,115.0
85,67,9,5,3,4,1,81.0
29,87,20,6,3,4,1,115.0
87,9,44,5,4,3,1,81.0
29,20,56,6,3,4,1,115.0
89,49,39,5,4,3,1,81.0
28,17,68,6,3,4,1,115.0
90,15,59,5,4,3,1,81.0
27,50,0,6,3,4,1,115.0
91,2,66,5,4,4,1,81.0
93,94,65,5,4,4,1,81.0
94,72,60,5,4,4,1,81.0
95,41,65,5,4,3,1,81.0
25,82,68,6,4,4,1,115.0
97,67,71,5,4,4,1,81.0
99,34,61,5,4,4,1,81.0
2,12,61,5,4,3,1,83.0
3,83,13,5,3,4,1,83.0
7,60,39,5,3,3,1,83.0
9,97,34,5,3,4,1,83.0
21,95,0,6,4,4,1,115.0
11,44,65,5,4,4,1,83.0
11,46,51,5,4,4,1,83.0
21,49,6,6,4,3,1,115.0
14,44,47,5,4,3,1,83.0
20,37,39,6,3,4,1,115.0
14,78,65,5,4,4,1,83.0
17,44,75,5,4,4,1,83.0
18,35,6,5,4,2,1,83.0
20,53,16,5,3,3,1,83.0
20,93,39,5,4,4,1,83.0
21,92,70,5,4,4,1,83.0
22,1,30,5,3,3,1,83.0
26,72,65,5,4,4,1,83.0
27,33,26,5,4,4,1,83.0
30,28,28,5,4,3,1,83.0
32,27,16,5,3,3,1,83.0
15,44,0,6,3,4,1,115.0
39,28,35,5,3,4,1,83.0
42,51,17,5,3,4,1,83.0
43,61,32,5,3,4,1,83.0
45,44,70,5,4,4,1,83.0
49,18,34,5,3,4,1,83.0
50,9,42,5,4,4,1,83.0
58,78,18,5,3,4,1,83.0
6,4,26,6,3,4,1,115.0
63,45,24,5,3,4,1,83.0
64,6,3,5,3,3,1,83.0
64,42,24,5,3,4,1,83.0
65,53,33,5,4,2,1,83.0
65,86,75,5,4,4,1,83.0
2,98,12,6,4,4,1,115.0
2,41,33,6,4,3,1,115.0
2,40,0,6,4,4,1,115.0
99,43,37,6,4,3,1,113.0
71,1,50,5,3,3,1,83.0
71,61,75,5,3,4,1,83.0
97,38,6,6,4,4,1,113.0
95,49,6,6,4,4,1,113.0
73,70,24,5,3,3,1,83.0
87,69,0,6,4,4,1,113.0
74,2,45,5,4,4,1,83.0
75,9,75,5,4,4,1,83.0
75,45,43,5,3,4,1,83.0
76,1,43,5,4,3,1,83.0
76,93,57,5,4,4,1,83.0
80,35,60,5,4,3,1,83.0
86,54,6,6,4,3,1,113.0
83,30,75,5,4,4,1,83.0
86,15,12,6,4,4,1,113.0
83,65,62,5,4,4,1,83.0
84,45,75,5,4,4,1,83.0
84,37,49,6,4,4,1,113.0
89,41,65,5,4,4,1,83.0
89,65,45,5,4,4,1,83.0
83,48,0,6,4,4,1,113.0
92,47,51,5,3,4,1,83.0
95,50,37,5,4,4,1,83.0
97,32,52,5,4,3,1,83.0
75,46,18,6,4,4,1,113.0
98,51,75,5,4,4,1,83.0
6,83,70,5,3,4,1,85.0
7,10,49,5,3,4,1,85.0
7,12,32,5,3,3,1,85.0
7,31,75,5,4,4,1,85.0
73,11,0,6,3,4,1,113.0
7,91,2,5,3,4,1,85.0
8,22,59,5,3,4,1,85.0
9,17,62,5,4,4,1,85.0
11,59,40,5,4,4,1,85.0
14,37,60,5,4,4,1,85.0
17,29,52,5,4,4,1,85.0
18,72,49,5,4,4,1,85.0
20,38,51,5,4,4,1,85.0
63,26,18,6,4,4,1,113.0
21,22,65,5,4,4,1,85.0
21,77,60,5,4,4,1,85.0
22,8,49,5,4,3,1,85.0
22,84,44,5,4,4,1,85.0
26,79,49,5,4,3,1,85.0
27,77,65,5,4,4,1,85.0
61,97,12,6,4,4,1,113.0
29,49,63,5,3,4,1,85.0
30,6,60,5,4,3,1,85.0
61,9,18,6,4,4,1,113.0
31,36,61,5,4,4,1,85.0
59,99,13,6,4,4,1,113.0
36,43,19,5,4,3,1,85.0
36,51,56,5,4,4,1,85.0
59,42,34,6,4,3,1,113.0
58,63,0,6,4,4,1,113.0
36,87,10,5,4,4,1,85.0
40,28,63,5,4,4,1,85.0
42,8,12,5,3,3,1,85.0
42,15,6,5,4,3,1,85.0
42,75,70,5,4,4,1,85.0
43,30,23,5,4,4,1,85.0
43,70,58,5,4,3,1,85.0
49,42,75,5,4,4,1,85.0
52,12,75,5,4,3,1,85.0
52,21,18,5,4,4,1,85.0
52,98,35,5,4,4,1,85.0
58,55,35,5,4,3,1,85.0
58,79,30,5,4,3,1,85.0
58,28,6,6,4,4,1,113.0
61,91,50,5,4,4,1,85.0
50,72,6,6,4,4,1,113.0
49,63,24,6,4,4,1,113.0
63,43,75,5,4,4,1,85.0
63,92,61,5,4,4,1,85.0
67,90,54,5,4,4,1,85.0
69,70,53,5,4,3,1,85.0
76,23,52,5,4,4,1,85.0
77,44,55,5,4,4,1,85.0
79,35,75,5,4,3,1,85.0
81,49,70,5,4,4,1,85.0
85,18,44,5,4,4,1,85.0
85,64,70,5,4,4,1,85.0
49,44,12,6,4,4,1,113.0
87,78,50,5,4,4,1,85.0
46,47,32,6,4,4,1,113.0
94,88,16,5,3,4,1,85.0
96,45,62,5,4,4,1,85.0
96,60,40,5,3,4,1,85.0
97,48,57,5,4,4,1,85.0
98,3,70,5,4,4,1,85.0
99,80,55,5,4,4,1,85.0
45,3,6,6,4,4,1,113.0
0,25,14,5,4,3,1,87.0
0,37,55,5,4,4,1,87.0
3,7,44,5,4,3,1,87.0
3,39,1,5,4,3,1,87.0
3,88,75,5,4,4,1,87.0
4,75,65,5,4,4,1,87.0
4,86,70,5,4,4,1,87.0
6,22,75,5,3,4,1,87.0
7,53,27,5,3,3,1,87.0
43,59,0,6,4,4,1,113.0
7,83,57,5,4,4,1,87.0
38,89,18,6,4,4,1,113.0
7,90,49,5,4,4,1,87.0
10,74,34,5,4,4,1,87.0
14,35,70,5,4,3,1,87.0
17,9,47,5,4,4,1,87.0
17,41,39,5,4,3,1,87.0
34,32,6,6,4,4,1,113.0
18,4,39,5,4,4,1,87.0
18,15,26,5,4,3,1,87.0
19,27,11,5,4,3,1,87.0
20,7,5,5,3,4,1,87.0
21,78,13,5,4,4,1,87.0
23,7,38,5,4,4,1,87.0
28,43,70,5,4,4,1,87.0
32,15,75,5,4,4,1,87.0
38,6,38,5,4,3,1,87.0
40,17,34,5,4,4,1,87.0
42,64,65,5,4,4,1,87.0
44,26,60,5,4,4,1,87.0
30,41,0,6,4,4,1,113.0
46,52,46,5,4,4,1,87.0
50,35,32,5,4,4,1,87.0
52,16,30,5,4,4,1,87.0
56,0,42,5,3,4,1,87.0
56,44,49,5,4,4,1,87.0
64,69,48,5,4,4,1,87.0
65,27,21,5,4,3,1,87.0
68,53,55,5,3,3,1,87.0
72,28,18,5,4,4,1,87.0
29,73,13,6,4,3,1,113.0
77,37,26,5,4,4,1,87.0
77,62,38,5,4,3,1,87.0
79,24,61,5,4,3,1,87.0
27,32,12,6,4,4,1,113.0
80,74,40,5,4,4,1,87.0
80,89,34,5,4,4,1,87.0
81,94,75,5,4,4,1,87.0
83,1,38,5,4,3,1,87.0
83,12,52,5,4,3,1,87.0
86,3,65,5,4,4,1,87.0
88,95,60,5,4,4,1,87.0
91,55,75,5,4,4,1,87.0
94,93,34,5,4,4,1,87.0
98,50,27,5,4,4,1,87.0
98,60,60,5,4,4,1,87.0
0,18,65,5,4,4,1,89.0
21,72,36,6,4,4,1,113.0
20,32,18,6,4,4,1,113.0
3,96,57,5,4,4,1,89.0
5,19,70,5,4,4,1,89.0
17,27,0,6,4,4,1,113.0
16,84,6,6,4,4,1,113.0
6,25,44,5,3,4,1,89.0
6,31,33,5,3,4,1,89.0
9,45,57,5,4,4,1,89.0
13,76,23,5,3,4,1,89.0
14,10,15,5,4,4,1,89.0
16,62,18,6,4,3,1,113.0
14,55,55,5,4,4,1,89.0
17,43,29,5,4,4,1,89.0
18,26,13,5,4,4,1,89.0
7,94,10,6,4,4,1,113.0
22,35,54,5,4,3,1,89.0
27,35,6,5,3,4,1,89.0
5,9,4,6,3,4,1,113.0
27,79,70,5,4,4,1,89.0
4,9,32,6,4,4,1,113.0
3,67,32,6,4,4,1,113.0
27,85,75,5,4,4,1,89.0
28,85,57,5,4,4,1,89.0
98,54,18,6,4,3,1,111.0
35,9,52,5,4,4,1,89.0
36,42,42,5,4,4,1,89.0
38,13,33,5,4,4,1,89.0
40,49,58,5,4,4,1,89.0
42,68,50,5,4,3,1,89.0
86,68,33,6,4,3,1,111.0
46,23,57,5,4,4,1,89.0
46,75,41,5,4,4,1,89.0
51,52,25,5,4,4,1,89.0
51,75,8,5,4,4,1,89.0
52,57,13,5,4,4,1,89.0
85,45,36,6,4,4,1,111.0
58,1,60,5,4,3,1,89.0
58,64,53,5,4,4,1,89.0
59,74,29,5,4,4,1,89.0
63,90,44,5,4,4,1,89.0
81,8,17,6,4,3,1,111.0
67,94,49,5,4,4,1,89.0
72,90,25,5,4,4,1,89.0
73,14,42,5,4,4,1,89.0
73,69,63,5,4,4,1,89.0
75,10,3,5,4,4,1,89.0
76,34,38,5,4,4,1,89.0
77,32,50,5,4,4,1,89.0
79,34,56,5,4,4,1,89.0
80,73,19,5,4,3,1,89.0
85,83,31,5,4,4,1,89.0
86,47,60,5,4,4,1,89.0
89,6,53,5,4,4,1,89.0
73,6,15,6,4,3,1,111.0
91,51,61,5,4,4,1,89.0
92,11,23,5,4,4,1,89.0
94,18,21,5,4,4,1,89.0
94,24,29,5,4,3,1,89.0
70,56,37,6,3,4,1,111.0
95,14,24,5,4,4,1,89.0
95,30,12,5,4,4,1,89.0
69,42,15,6,4,4,1,111.0
69,24,42,6,4,4,1,111.0
61,84,67,6,4,4,1,111.0
95,99,43,5,4,4,1,89.0
56,71,29,6,4,3,1,111.0
53,92,41,6,3,4,1,111.0
98,88,55,5,4,4,1,89.0
41,2,6,6,4,4,1,111.0
0,10,9,5,4,4,1,91.0
2,24,24,5,4,3,1,91.0
40,62,24,6,4,3,1,111.0
38,68,12,6,4,4,1,111.0
29,78,0,6,4,4,1,111.0
2,31,56,5,4,4,1,91.0
5,20,0,5,4,3,1,91.0
28,29,29,6,4,4,1,111.0
27,42,31,6,4,4,1,111.0
6,9,27,5,4,4,1,91.0
7,18,0,5,4,4,1,91.0
10,20,44,5,4,4,1,91.0
13,6,21,5,4,3,1,91.0
13,26,55,5,4,4,1,91.0
16,14,37,5,4,4,1,91.0
22,19,39,5,4,4,1,91.0
22,53,34,5,4,3,1,91.0
22,97,2,5,4,3,1,91.0
24,22,19,5,3,4,1,91.0
25,1,19,5,4,3,1,91.0
19,80,26,6,4,4,1,111.0
27,63,49,5,4,4,1,91.0
27,64,43,5,4,4,1,91.0
32,79,45,5,4,4,1,91.0
32,96,40,5,4,4,1,91.0
14,16,0,6,4,4,1,111.0
42,43,37,5,4,4,1,91.0
6,76,0,6,4,4,1,111.0
3,32,24,6,4,4,1,111.0
52,35,65,3,2,3,2,91.0
3,25,12,6,4,4,1,111.0
3,8,38,6,4,3,1,111.0
55,46,70,5,4,4,1,91.0
55,98,40,5,4,4,1,91.0
58,26,25,5,4,4,1,91.0
60,88,34,5,3,4,1,91.0
61,89,0,5,4,4,1,91.0
3,6,18,6,4,4,1,111.0
2,47,39,6,4,4,1,111.0
62,42,60,5,3,4,1,91.0
70,71,44,5,3,3,1,91.0
2,17,18,6,4,4,1,111.0
73,13,51,5,4,3,1,91.0
0,15,0,6,4,4,1,111.0
74,13,50,5,4,4,1,91.0
97,68,0,6,4,3,1,109.0
74,70,24,5,4,4,1,91.0
96,57,47,6,4,4,1,109.0
96,32,30,6,4,4,1,109.0
78,70,75,5,4,4,1,91.0
96,31,12,6,4,4,1,109.0
95,70,48,6,4,4,1,109.0
80,91,14,5,4,4,1,91.0
83,15,47,5,4,4,1,91.0
94,42,0,6,4,4,1,109.0
91,12,40,6,4,4,1,109.0
86,27,55,5,4,4,1,91.0
86,62,18,6,4,4,1,109.0
88,27,21,5,4,4,1,91.0
91,75,56,5,4,4,1,91.0
96,68,2,5,4,4,1,91.0
97,5,47,5,4,4,1,91.0
5,74,12,5,4,4,1,93.0
6,19,65,5,4,4,1,93.0
7,55,65,5,4,4,1,93.0
7,68,44,5,4,3,1,93.0
14,92,31,5,4,4,1,93.0
20,47,66,5,4,4,1,93.0
20,55,34,5,4,4,1,93.0
22,55,14,5,4,4,1,93.0
22,83,26,5,4,4,1,93.0
23,39,32,5,4,4,1,93.0
23,76,8,5,4,4,1,93.0
25,21,55,5,4,4,1,93.0
26,48,39,5,4,4,1,93.0
27,13,60,5,4,4,1,93.0
27,49,38,5,4,4,1,93.0
27,81,7,5,4,4,1,93.0
29,58,71,5,4,4,1,93.0
30,43,18,5,4,4,1,93.0
31,86,50,5,4,4,1,93.0
75,49,30,6,4,4,1,109.0
32,54,70,5,4,3,1,93.0
36,20,5,5,4,4,1,93.0
70,87,55,6,4,4,1,109.0
70,80,0,6,4,4,1,109.0
44,85,25,5,4,4,1,93.0
45,79,51,5,4,4,1,93.0
50,23,17,5,4,4,1,93.0
60,22,9,5,4,4,1,93.0
63,57,32,5,4,4,1,93.0
64,40,19,5,4,4,1,93.0
60,41,54,6,4,3,1,109.0
65,59,57,5,4,4,1,93.0
57,64,4,6,4,4,1,109.0
73,16,75,5,4,4,1,93.0
56,29,43,6,4,4,1,109.0
55,34,0,6,4,4,1,109.0
81,24,51,5,4,3,1,93.0
49,68,18,6,4,4,1,109.0
84,71,39,5,4,3,1,93.0
88,20,29,5,4,4,1,93.0
90,64,38,5,4,4,1,93.0
91,70,19,5,4,3,1,93.0
48,78,29,6,4,4,1,109.0
94,4,44,5,4,4,1,93.0
94,65,39,5,4,4,1,93.0
0,12,19,5,4,3,1,95.0
0,53,60,5,4,3,1,95.0
3,71,52,5,4,4,1,95.0
6,5,75,5,4,4,1,95.0
44,81,36,6,4,4,1,109.0
13,8,44,5,4,3,1,95.0
13,74,7,5,4,4,1,95.0
20,23,24,5,4,4,1,95.0
25,72,1,5,4,4,1,95.0
29,12,66,5,4,3,1,95.0
32,5,65,5,4,4,1,95.0
38,15,28,5,4,4,1,95.0
64,75,25,5,4,4,1,95.0
68,35,39,5,3,3,1,95.0
40,88,39,6,4,4,1,109.0
69,4,6,5,4,4,1,95.0
71,28,13,5,4,4,1,95.0
72,86,44,5,4,4,1,95.0
75,35,49,5,4,3,1,95.0
39,1,0,6,4,3,1,109.0
36,5,33,6,4,4,1,109.0
34,29,19,6,4,4,1,109.0
80,29,8,5,4,4,1,95.0
85,43,52,5,4,4,1,95.0
20,17,10,6,4,4,1,109.0
5,42,55,5,4,4,1,97.0
13,23,0,6,4,4,1,109.0
15,84,62,5,4,4,1,97.0
20,81,0,5,4,4,1,97.0
7,39,23,6,4,4,1,109.0
40,6,13,5,4,4,1,97.0
6,84,32,6,4,4,1,109.0
41,73,70,5,4,4,1,97.0
6,78,6,6,4,4,1,109.0
49,35,44,5,4,3,1,97.0
53,12,11,5,3,3,1,97.0
70,77,43,5,4,4,1,97.0
73,75,36,5,4,4,1,97.0
73,79,26,5,4,4,1,97.0
76,64,33,5,4,4,1,97.0
97,43,42,5,4,4,1,97.0
97,83,18,3,3,3,2,97.0
5,39,60,5,4,4,1,99.0
6,7,70,5,4,4,1,99.0
16,67,44,5,4,4,1,99.0
20,62,75,5,4,3,1,99.0
28,8,52,5,4,4,1,99.0
35,47,46,5,4,4,1,99.0
38,12,25,3,3,3,2,99.0
84,53,12,6,4,4,1,107.0
46,34,27,5,4,4,1,99.0
83,70,6,6,4,4,1,107.0
73,89,7,5,4,4,1,99.0
77,53,33,5,4,4,1,99.0
77,79,0,6,4,4,1,107.0
81,35,23,5,4,3,1,99.0
86,6,39,5,4,4,1,99.0
88,63,8,5,4,4,1,99.0
0,1,34,6,4,4,1,101.0
6,58,44,6,4,4,1,101.0
12,4,56,6,4,4,1,101.0
29,6,58,6,4,4,1,101.0
39,13,65,6,4,4,1,101.0
64,12,10,6,4,4,1,107.0
59,54,6,6,4,4,1,107.0
49,24,0,6,4,3,1,101.0
73,84,56,6,4,4,1,101.0
58,9,12,6,4,4,1,107.0
94,54,54,6,4,3,1,101.0
52,79,6,6,4,4,1,107.0
51,74,0,6,4,4,1,107.0
8,68,30,6,3,4,1,103.0
13,68,38,6,4,4,1,103.0
15,41,18,6,4,4,1,103.0
41,59,45,6,4,4,1,103.0
60,35,0,6,4,3,1,103.0
81,89,28,6,4,4,1,103.0
43,8,10,6,4,4,1,107.0
88,35,0,6,4,4,1,103.0
90,60,30,6,4,4,1,103.0
1,8,0,6,4,4,1,105.0
7,8,29,6,4,4,1,105.0
39,34,12,6,4,4,1,105.0
39,40,51,6,4,4,1,105.0
40,71,72,6,4,4,1,105.0
41,29,35,6,4,4,1,105.0
49,88,49,6,4,4,1,105.0
58,35,18,6,4,4,1,105.0
59,44,19,6,4,4,1,105.0
0,92,47,6,4,4,1,107.0
73,54,0,6,4,3,1,105.0
