src,dst,spec,slots_used,core_src,core_dst,cores_used,tfk_slot
98,53,0,17,0,0,1,400.0
98,36,17,17,0,0,1,400.0
97,57,0,17,0,0,1,400.0
97,36,34,17,0,0,1,400.0
97,30,17,17,0,0,1,400.0
97,1,51,17,0,0,1,400.0
96,54,0,17,0,0,1,400.0
0,10,77,3,0,0,1,50.0
94,77,0,17,0,0,1,400.0
94,64,17,17,0,0,1,400.0
93,71,0,17,0,0,1,400.0
93,28,17,17,0,0,1,400.0
0,15,74,3,0,0,1,50.0
92,26,0,17,0,0,1,400.0
92,18,17,17,0,0,1,400.0
91,41,0,17,0,0,1,400.0
91,6,17,17,0,0,1,400.0
90,25,0,17,0,0,1,400.0
89,75,0,17,0,0,1,400.0
89,22,17,17,0,0,1,400.0
89,3,34,17,0,0,1,400.0
88,85,0,17,0,0,1,400.0
88,83,17,17,0,0,1,400.0
88,56,34,17,0,0,1,400.0
87,48,0,17,0,0,1,400.0
87,21,17,17,0,0,1,400.0
86,76,0,17,0,0,1,400.0
85,90,17,17,0,0,1,400.0
85,50,34,17,0,0,1,400.0
84,16,0,17,0,0,1,400.0
83,53,34,17,0,0,1,400.0
0,21,71,3,0,0,1,50.0
83,5,0,17,0,0,1,400.0
83,1,51,17,0,1,1,400.0
82,69,0,17,0,0,1,400.0
0,26,68,3,0,0,1,50.0
0,42,65,3,0,0,1,50.0
81,11,0,17,0,0,1,400.0
80,79,0,17,0,0,1,400.0
80,54,17,17,0,0,1,400.0
0,50,62,3,0,0,1,50.0
79,63,17,17,0,0,1,400.0
79,50,34,17,0,1,1,400.0
79,49,51,17,0,0,1,400.0
0,77,59,3,0,0,1,50.0
79,41,17,17,1,0,1,400.0
78,88,51,17,0,0,1,400.0
78,14,0,17,0,0,1,400.0
77,33,17,17,0,0,1,400.0
0,81,56,3,0,0,1,50.0
76,79,34,17,0,1,1,400.0
76,45,17,17,0,0,1,400.0
76,44,51,17,0,0,1,400.0
0,99,53,3,0,0,1,50.0
75,41,34,17,0,0,1,400.0
75,11,17,17,0,0,1,400.0
75,9,51,17,0,0,1,400.0
1,4,77,3,0,0,1,50.0
74,82,17,17,0,0,1,400.0
74,27,0,17,0,0,1,400.0
74,6,34,17,0,0,1,400.0
1,11,74,3,0,0,1,50.0
73,0,0,17,0,0,1,400.0
72,99,0,17,0,0,1,400.0
72,69,17,17,0,0,1,400.0
72,5,34,17,0,0,1,400.0
71,83,17,17,0,1,1,400.0
1,32,71,3,0,0,1,50.0
71,45,34,17,0,0,1,400.0
71,17,51,17,0,0,1,400.0
70,43,0,17,0,0,1,400.0
70,28,34,17,0,0,1,400.0
70,20,17,17,0,0,1,400.0
1,42,68,3,0,0,1,50.0
69,64,34,17,0,0,1,400.0
69,44,51,17,0,1,1,400.0
69,36,0,17,1,0,1,400.0
68,47,0,17,0,0,1,400.0
1,44,48,3,0,0,1,50.0
68,36,51,17,0,0,1,400.0
1,48,45,3,0,0,1,50.0
67,58,0,17,0,0,1,400.0
67,15,17,17,0,0,1,400.0
66,43,17,17,0,0,1,400.0
66,39,0,17,0,0,1,400.0
1,54,42,3,0,0,1,50.0
66,2,34,17,0,0,1,400.0
66,0,51,17,0,1,1,400.0
65,99,17,17,0,0,1,400.0
65,76,0,17,0,1,1,400.0
65,74,51,17,0,0,1,400.0
65,66,34,17,0,1,1,400.0
65,64,0,17,1,0,1,400.0
64,52,51,17,0,0,1,400.0
64,36,0,17,1,1,1,400.0
64,12,17,17,1,0,1,400.0
63,27,34,17,0,0,1,400.0
62,81,17,17,0,0,1,400.0
62,71,0,17,0,1,1,400.0
1,64,39,3,0,1,1,50.0
62,67,34,17,0,0,1,400.0
61,41,51,17,0,0,1,400.0
1,74,36,3,0,1,1,50.0
61,26,17,17,0,0,1,400.0
60,75,0,17,0,1,1,400.0
1,84,33,3,0,0,1,50.0
60,73,17,17,0,0,1,400.0
60,71,34,17,0,1,1,400.0
59,0,17,17,0,0,1,400.0
58,87,34,17,0,0,1,400.0
58,78,17,17,0,0,1,400.0
58,77,62,17,0,0,1,400.0
58,38,0,17,1,0,1,400.0
58,26,34,17,1,0,1,400.0
57,69,17,17,0,1,1,400.0
1,87,30,3,0,1,1,50.0
57,55,34,17,0,0,1,400.0
57,35,51,17,0,0,1,400.0
57,0,34,17,1,0,1,400.0
56,74,0,17,0,1,1,400.0
1,93,27,3,0,1,1,50.0
55,84,51,17,0,0,1,400.0
55,65,17,17,0,1,1,400.0
55,16,0,17,0,1,1,400.0
55,7,0,17,1,0,1,400.0
54,99,56,17,0,0,1,400.0
54,37,0,17,1,0,1,400.0
53,38,17,17,0,0,1,400.0
2,5,77,3,0,0,1,50.0
52,68,17,17,0,0,1,400.0
51,94,34,17,0,0,1,400.0
51,69,51,17,0,1,1,400.0
2,7,74,3,0,0,1,50.0
50,92,0,17,0,1,1,400.0
50,45,17,17,0,1,1,400.0
50,8,0,17,1,0,1,400.0
49,41,0,17,0,1,1,400.0
49,39,17,17,0,0,1,400.0
49,25,34,17,0,0,1,400.0
49,6,0,17,1,0,1,400.0
49,3,17,17,1,0,1,400.0
48,13,17,17,0,0,1,400.0
47,79,51,17,0,1,1,400.0
46,45,0,17,0,0,1,400.0
46,22,34,17,0,0,1,400.0
46,11,51,17,0,0,1,400.0
46,3,17,17,0,1,1,400.0
2,14,71,3,0,0,1,50.0
45,78,51,17,0,1,1,400.0
45,41,34,17,1,1,1,400.0
45,8,51,17,1,0,1,400.0
43,83,34,17,0,1,1,400.0
43,68,51,17,0,1,1,400.0
43,49,34,17,1,1,1,400.0
43,38,51,17,1,0,1,400.0
43,11,0,17,1,1,1,400.0
42,77,34,17,0,0,1,400.0
42,74,17,17,0,1,1,400.0
42,46,0,17,0,1,1,400.0
42,41,17,17,1,1,1,400.0
42,9,0,17,1,0,1,400.0
42,8,34,17,1,0,1,400.0
41,39,51,17,1,0,1,400.0
40,75,17,17,0,1,1,400.0
39,14,34,17,0,0,1,400.0
38,89,34,17,0,1,1,400.0
38,81,34,17,1,0,1,400.0
38,40,0,17,1,0,1,400.0
37,96,17,17,0,0,1,400.0
37,3,51,17,0,0,1,400.0
36,93,34,17,1,0,1,400.0
36,92,51,17,1,0,1,400.0
36,5,17,17,1,0,1,400.0
35,91,34,17,0,0,1,400.0
35,85,0,17,0,1,1,400.0
35,53,17,17,0,1,1,400.0
34,88,0,17,0,1,1,400.0
34,24,17,17,0,0,1,400.0
34,8,34,17,0,1,1,400.0
33,91,51,17,0,0,1,400.0
2,21,68,3,0,0,1,50.0
33,72,0,17,0,1,1,400.0
33,28,34,17,0,1,1,400.0
32,76,17,17,0,1,1,400.0
32,65,34,17,0,1,1,400.0
32,16,51,17,0,0,1,400.0
2,22,65,3,0,0,1,50.0
2,24,62,3,0,0,1,50.0
31,97,0,17,0,1,1,400.0
31,93,51,17,0,0,1,400.0
2,31,31,3,0,0,1,50.0
31,85,34,17,0,1,1,400.0
31,15,0,17,1,0,1,400.0
30,87,51,17,0,0,1,400.0
30,39,0,17,0,1,1,400.0
30,21,34,17,0,0,1,400.0
30,12,0,17,1,0,1,400.0
29,57,0,17,0,1,1,400.0
29,18,34,17,0,0,1,400.0
29,5,51,17,0,0,1,400.0
2,34,59,3,0,0,1,50.0
28,78,0,17,0,1,1,400.0
2,35,56,3,0,1,1,50.0
28,70,51,17,0,0,1,400.0
27,65,51,17,0,1,1,400.0
27,16,17,17,0,0,1,400.0
2,42,53,3,0,0,1,50.0
26,94,51,17,0,0,1,400.0
26,77,0,17,1,1,1,400.0
26,57,17,17,1,1,1,400.0
26,28,51,17,1,1,1,400.0
26,19,34,17,1,0,1,400.0
2,43,28,3,0,1,1,50.0
25,87,51,17,0,1,1,400.0
25,72,17,17,0,1,1,400.0
25,42,51,17,1,1,1,400.0
25,21,0,17,1,0,1,400.0
25,6,17,17,1,1,1,400.0
24,96,34,17,0,0,1,400.0
2,47,25,3,0,0,1,50.0
24,69,0,17,0,2,1,400.0
23,83,0,17,0,1,1,400.0
23,78,34,17,0,0,1,400.0
23,25,17,17,0,2,1,400.0
22,93,0,17,0,1,1,400.0
21,74,51,17,0,1,1,400.0
21,2,0,17,1,0,1,400.0
20,83,51,17,0,1,1,400.0
19,97,17,17,0,1,1,400.0
19,58,51,17,0,1,1,400.0
18,39,51,17,0,1,1,400.0
18,6,0,17,0,1,1,400.0
17,71,17,17,0,1,1,400.0
17,68,34,17,0,0,1,400.0
17,42,0,17,0,2,1,400.0
17,31,17,17,1,1,1,400.0
16,52,34,17,0,0,1,400.0
16,27,17,17,1,1,1,400.0
15,99,34,17,0,0,1,400.0
15,95,51,17,0,0,1,400.0
15,93,30,17,1,1,1,400.0
15,58,0,17,1,2,1,400.0
14,64,51,17,0,1,1,400.0
14,0,17,17,0,1,1,400.0
13,82,34,17,0,0,1,400.0
13,72,51,17,0,0,1,400.0
13,71,0,17,0,2,1,400.0
13,55,17,17,1,1,1,400.0
13,3,0,17,1,0,1,400.0
11,70,34,17,0,1,1,400.0
11,10,17,17,1,0,1,400.0
10,85,51,17,0,0,1,400.0
10,73,34,17,0,0,1,400.0
10,12,0,17,0,1,1,400.0
9,97,34,17,0,1,1,400.0
9,81,17,17,0,1,1,400.0
2,51,22,3,0,0,1,50.0
9,73,51,17,1,0,1,400.0
9,72,34,17,1,1,1,400.0
9,65,0,17,1,2,1,400.0
8,86,17,17,0,0,1,400.0
2,53,19,3,0,2,1,50.0
8,52,0,17,1,0,1,400.0
8,20,17,17,1,1,1,400.0
6,98,51,17,0,0,1,400.0
6,64,34,17,1,2,1,400.0
6,41,51,17,1,2,1,400.0
2,54,77,3,1,0,1,50.0
4,74,0,17,0,2,1,400.0
4,42,17,17,0,2,1,400.0
3,81,59,17,1,0,1,400.0
2,56,74,3,1,0,1,50.0
3,67,0,17,1,1,1,400.0
2,57,71,3,1,0,1,50.0
2,96,51,17,1,0,1,400.0
2,63,68,3,1,0,1,50.0
2,67,48,3,1,1,1,50.0
2,84,0,17,1,1,1,400.0
2,65,17,17,1,2,1,400.0
2,32,0,17,2,0,1,400.0
2,20,34,17,2,0,1,400.0
2,3,17,17,2,2,1,400.0
0,94,0,17,1,1,1,400.0
99,95,77,3,0,0,1,50.0
99,81,74,3,0,1,1,50.0
99,77,56,3,1,0,1,50.0
99,76,77,3,1,0,1,50.0
99,73,74,3,1,0,1,50.0
2,76,45,3,1,1,1,50.0
99,65,71,3,1,0,1,50.0
99,63,65,3,1,0,1,50.0
2,78,42,3,1,1,1,50.0
99,59,68,3,1,0,1,50.0
99,52,62,3,1,1,1,50.0
99,47,48,3,1,0,1,50.0
99,45,14,3,1,1,1,50.0
99,44,45,3,1,0,1,50.0
99,34,53,3,1,0,1,50.0
99,28,31,3,1,1,1,50.0
99,27,59,3,1,1,1,50.0
99,17,42,3,1,1,1,50.0
99,7,39,3,1,0,1,50.0
98,89,77,3,0,0,1,50.0
98,87,74,3,0,0,1,50.0
98,70,71,3,0,0,1,50.0
98,64,68,3,0,0,1,50.0
98,63,48,3,0,1,1,50.0
98,49,45,3,0,2,1,50.0
98,48,42,3,0,0,1,50.0
98,38,39,3,0,2,1,50.0
98,35,36,3,0,1,1,50.0
2,88,39,3,1,1,1,50.0
98,31,77,3,1,0,1,50.0
2,93,36,3,1,2,1,50.0
98,16,74,3,1,0,1,50.0
98,14,68,3,1,0,1,50.0
98,9,71,3,1,0,1,50.0
98,8,65,3,1,1,1,50.0
98,6,62,3,1,2,1,50.0
97,94,77,3,0,0,1,50.0
97,92,74,3,0,0,1,50.0
97,91,71,3,0,0,1,50.0
97,87,68,3,0,0,1,50.0
3,2,77,3,0,2,1,50.0
97,86,77,3,1,0,1,50.0
97,85,74,3,1,0,1,50.0
97,81,53,3,1,0,1,50.0
97,80,71,3,1,0,1,50.0
97,79,68,3,1,0,1,50.0
97,78,65,3,1,2,1,50.0
3,6,74,3,0,0,1,50.0
97,76,62,3,1,1,1,50.0
97,73,59,3,1,1,1,50.0
97,72,56,3,1,1,1,50.0
3,8,71,3,0,0,1,50.0
97,64,77,3,2,0,1,50.0
97,50,74,3,2,0,1,50.0
97,48,71,3,2,0,1,50.0
97,47,68,3,2,0,1,50.0
97,46,65,3,2,1,1,50.0
97,40,62,3,2,0,1,50.0
3,9,68,3,0,0,1,50.0
97,32,59,3,2,1,1,50.0
97,27,56,3,2,1,1,50.0
97,26,53,3,2,2,1,50.0
97,22,50,3,2,1,1,50.0
97,16,47,3,2,1,1,50.0
97,12,44,3,2,0,1,50.0
97,11,41,3,2,1,1,50.0
97,3,38,3,2,1,1,50.0
3,14,77,3,1,0,1,50.0
96,93,77,3,0,0,1,50.0
96,88,74,3,0,0,1,50.0
96,84,71,3,0,0,1,50.0
96,75,68,3,0,0,1,50.0
96,59,77,3,1,0,1,50.0
96,52,74,3,1,0,1,50.0
96,47,71,3,1,0,1,50.0
96,44,68,3,1,0,1,50.0
96,42,62,3,1,0,1,50.0
96,40,65,3,1,0,1,50.0
96,39,48,3,1,1,1,50.0
3,15,56,3,1,1,1,50.0
96,36,59,3,1,2,1,50.0
96,35,53,3,1,1,1,50.0
96,34,56,3,1,0,1,50.0
96,32,45,3,1,1,1,50.0
96,26,42,3,1,2,1,50.0
96,25,39,3,1,1,1,50.0
96,20,14,3,1,0,1,50.0
96,17,36,3,1,1,1,50.0
96,16,33,3,1,2,1,50.0
96,10,30,3,1,1,1,50.0
96,8,27,3,1,2,1,50.0
96,4,24,3,1,1,1,50.0
96,0,21,3,1,2,1,50.0
3,22,53,3,1,0,1,50.0
95,81,71,3,0,1,1,50.0
95,75,74,3,0,0,1,50.0
95,73,68,3,0,0,1,50.0
95,69,48,3,0,1,1,50.0
95,64,45,3,0,1,1,50.0
95,60,42,3,0,1,1,50.0
95,58,31,3,0,1,1,50.0
95,57,39,3,0,2,1,50.0
95,50,28,3,0,1,1,50.0
95,48,36,3,0,0,1,50.0
95,46,25,3,0,1,1,50.0
95,43,22,3,0,1,1,50.0
3,27,50,3,1,1,1,50.0
95,34,19,3,0,1,1,50.0
3,35,47,3,1,1,1,50.0
95,32,16,3,0,1,1,50.0
95,31,13,3,0,2,1,50.0
95,17,10,3,0,1,1,50.0
95,10,7,3,0,1,1,50.0
95,4,4,3,0,1,1,50.0
95,3,1,3,0,2,1,50.0
95,0,77,3,1,1,1,50.0
94,99,74,3,0,2,1,50.0
3,36,44,3,1,2,1,50.0
94,98,71,3,0,2,1,50.0
94,97,68,3,0,3,1,50.0
94,95,74,3,1,1,1,50.0
94,92,77,3,1,0,1,50.0
94,89,71,3,1,0,1,50.0
94,81,68,3,1,1,1,50.0
94,73,65,3,1,1,1,50.0
94,71,62,3,1,1,1,50.0
94,69,45,3,1,1,1,50.0
94,67,59,3,1,0,1,50.0
3,42,41,3,1,2,1,50.0
94,62,56,3,1,0,1,50.0
94,55,53,3,1,1,1,50.0
94,53,50,3,1,1,1,50.0
94,49,42,3,1,2,1,50.0
94,48,39,3,1,0,1,50.0
94,47,36,3,1,0,1,50.0
94,46,33,3,1,1,1,50.0
94,45,30,3,1,2,1,50.0
94,44,27,3,1,0,1,50.0
94,42,24,3,1,3,1,50.0
94,41,21,3,1,2,1,50.0
94,37,18,3,1,1,1,50.0
94,35,77,3,2,0,1,50.0
94,30,74,3,2,0,1,50.0
94,27,71,3,2,0,1,50.0
94,20,68,3,2,0,1,50.0
94,15,65,3,2,1,1,50.0
94,11,62,3,2,1,1,50.0
3,43,35,3,1,2,1,50.0
3,46,77,3,2,0,1,50.0
94,6,59,3,2,2,1,50.0
94,3,56,3,2,2,1,50.0
94,2,53,3,2,2,1,50.0
94,1,24,3,2,0,1,50.0
93,89,74,3,0,0,1,50.0
93,82,71,3,0,0,1,50.0
93,75,68,3,0,1,1,50.0
93,69,77,3,1,0,1,50.0
93,68,74,3,1,0,1,50.0
93,62,71,3,1,0,1,50.0
93,56,68,3,1,0,1,50.0
3,52,71,3,2,0,1,50.0
93,49,65,3,1,1,1,50.0
93,25,48,3,1,1,1,50.0
93,16,62,3,1,1,1,50.0
93,10,59,3,1,1,1,50.0
3,53,74,3,2,0,1,50.0
92,96,71,3,0,2,1,50.0
92,89,68,3,0,0,1,50.0
92,86,48,3,0,0,1,50.0
92,78,45,3,0,1,1,50.0
92,63,42,3,0,1,1,50.0
92,60,39,3,0,1,1,50.0
92,57,36,3,0,2,1,50.0
92,54,74,3,1,0,1,50.0
92,53,77,3,1,0,1,50.0
92,34,71,3,1,0,1,50.0
92,27,68,3,1,0,1,50.0
92,20,65,3,1,1,1,50.0
92,12,62,3,1,0,1,50.0
91,96,77,3,0,2,1,50.0
3,54,53,3,2,0,1,50.0
91,94,74,3,0,3,1,50.0
91,93,68,3,0,2,1,50.0
91,87,77,3,1,0,1,50.0
91,84,74,3,1,0,1,50.0
91,83,71,3,1,0,1,50.0
91,81,65,3,1,1,1,50.0
3,56,65,3,2,0,1,50.0
91,74,68,3,1,0,1,50.0
91,69,42,3,1,1,1,50.0
91,64,48,3,1,1,1,50.0
91,63,62,3,1,0,1,50.0
91,62,59,3,1,0,1,50.0
91,55,56,3,1,1,1,50.0
91,53,53,3,1,0,1,50.0
91,51,31,3,1,0,1,50.0
91,49,39,3,1,2,1,50.0
91,40,45,3,1,0,1,50.0
91,36,36,3,1,2,1,50.0
3,72,68,3,2,0,1,50.0
91,32,28,3,1,1,1,50.0
91,31,25,3,1,0,1,50.0
91,30,22,3,1,1,1,50.0
91,25,14,3,1,2,1,50.0
91,13,19,3,1,2,1,50.0
91,2,11,3,1,3,1,50.0
91,0,8,3,1,2,1,50.0
90,98,59,3,0,1,1,50.0
90,85,77,3,0,0,1,50.0
90,83,74,3,0,0,1,50.0
90,79,71,3,0,0,1,50.0
90,77,53,3,0,0,1,50.0
90,72,68,3,0,1,1,50.0
90,68,48,3,0,1,1,50.0
90,67,65,3,0,0,1,50.0
90,65,62,3,0,2,1,50.0
90,61,45,3,0,0,1,50.0
3,75,62,3,2,1,1,50.0
90,35,42,3,0,1,1,50.0
90,30,56,3,0,1,1,50.0
90,29,39,3,0,1,1,50.0
90,10,36,3,0,1,1,50.0
90,3,59,3,1,2,1,50.0
3,83,50,3,2,2,1,50.0
3,90,47,3,2,1,1,50.0
3,94,44,3,2,2,1,50.0
90,1,21,3,1,0,1,50.0
3,95,41,3,2,1,1,50.0
90,0,74,3,1,1,1,50.0
89,84,65,3,0,1,1,50.0
89,73,62,3,0,1,1,50.0
89,69,59,3,0,2,1,50.0
89,68,56,3,0,2,1,50.0
89,65,53,3,0,2,1,50.0
89,64,74,3,1,0,1,50.0
89,62,77,3,1,0,1,50.0
89,57,68,3,1,0,1,50.0
89,55,71,3,1,0,1,50.0
89,44,31,3,1,0,1,50.0
3,98,38,3,2,1,1,50.0
89,37,65,3,1,1,1,50.0
89,36,62,3,1,2,1,50.0
89,31,28,3,1,0,1,50.0
89,17,59,3,1,1,1,50.0
89,16,56,3,1,1,1,50.0
89,13,53,3,1,1,1,50.0
89,8,24,3,1,2,1,50.0
89,7,21,3,1,0,1,50.0
89,4,18,3,1,1,1,50.0
89,2,15,3,1,3,1,50.0
88,97,77,3,0,3,1,50.0
88,92,71,3,0,2,1,50.0
88,91,68,3,0,2,1,50.0
4,0,71,3,0,1,1,50.0
88,90,77,3,1,1,1,50.0
88,87,71,3,1,0,1,50.0
88,84,68,3,1,0,1,50.0
88,80,74,3,1,0,1,50.0
88,76,65,3,1,1,1,50.0
88,75,59,3,1,1,1,50.0
4,1,74,3,0,1,1,50.0
88,70,62,3,1,1,1,50.0
88,69,36,3,1,1,1,50.0
88,67,56,3,1,0,1,50.0
88,52,53,3,1,1,1,50.0
88,50,31,3,1,1,1,50.0
88,48,50,3,1,0,1,50.0
88,40,42,3,1,0,1,50.0
88,32,25,3,1,1,1,50.0
88,30,47,3,1,1,1,50.0
88,28,28,3,1,1,1,50.0
88,26,22,3,1,2,1,50.0
88,24,19,3,1,1,1,50.0
88,19,77,3,2,0,1,50.0
88,18,74,3,2,0,1,50.0
88,16,71,3,2,0,1,50.0
88,13,68,3,2,0,1,50.0
88,8,62,3,2,1,1,50.0
88,7,65,3,2,0,1,50.0
88,4,59,3,2,0,1,50.0
87,98,48,3,1,1,1,50.0
87,94,41,3,1,2,1,50.0
87,79,77,3,1,0,1,50.0
87,76,74,3,1,0,1,50.0
87,69,71,3,1,0,1,50.0
87,68,68,3,1,0,1,50.0
87,60,45,3,1,1,1,50.0
87,55,38,3,1,1,1,50.0
87,52,35,3,1,1,1,50.0
87,47,22,3,1,0,1,50.0
87,40,27,3,1,1,1,50.0
87,37,15,3,1,1,1,50.0
4,3,35,3,0,2,1,50.0
87,27,12,3,1,1,1,50.0
87,26,19,3,1,2,1,50.0
87,23,9,3,1,1,1,50.0
87,13,6,3,1,2,1,50.0
87,11,3,3,1,2,1,50.0
87,10,0,3,1,1,1,50.0
87,8,77,3,2,0,1,50.0
87,7,71,3,2,0,1,50.0
87,4,68,3,2,0,1,50.0
87,2,74,3,2,2,1,50.0
4,11,65,3,0,1,1,50.0
4,18,62,3,0,1,1,50.0
87,1,18,3,2,0,1,50.0
86,74,74,3,0,0,1,50.0
86,73,71,3,0,0,1,50.0
86,68,68,3,0,1,1,50.0
86,66,65,3,0,1,1,50.0
86,65,59,3,0,2,1,50.0
86,47,45,3,0,0,1,50.0
86,44,42,3,0,0,1,50.0
86,42,56,3,0,0,1,50.0
86,34,62,3,0,0,1,50.0
86,8,53,3,0,1,1,50.0
86,7,36,3,0,0,1,50.0
86,0,39,3,0,1,1,50.0
85,99,71,3,0,2,1,50.0
85,96,68,3,0,2,1,50.0
85,71,77,3,1,0,1,50.0
85,69,74,3,1,0,1,50.0
85,65,68,3,1,0,1,50.0
85,64,71,3,1,0,1,50.0
85,62,65,3,1,0,1,50.0
85,53,62,3,1,0,1,50.0
85,49,59,3,1,1,1,50.0
85,33,56,3,1,1,1,50.0
85,23,53,3,1,0,1,50.0
85,9,31,3,1,1,1,50.0
84,76,77,3,0,1,1,50.0
4,28,56,3,0,2,1,50.0
84,73,48,3,0,1,1,50.0
84,71,45,3,0,2,1,50.0
84,63,39,3,0,1,1,50.0
4,31,53,3,0,1,1,50.0
84,62,42,3,0,1,1,50.0
84,59,36,3,0,0,1,50.0
84,58,28,3,0,1,1,50.0
84,55,25,3,0,2,1,50.0
84,51,19,3,0,0,1,50.0
4,34,50,3,0,1,1,50.0
84,33,22,3,0,1,1,50.0
84,31,74,3,1,0,1,50.0
84,20,77,3,1,0,1,50.0
83,97,77,3,0,4,1,50.0
83,94,68,3,0,3,1,50.0
83,91,77,3,1,2,1,50.0
83,90,71,3,1,1,1,50.0
83,88,74,3,1,3,1,50.0
83,87,68,3,1,3,1,50.0
83,85,28,3,2,1,1,50.0
83,84,71,3,2,1,1,50.0
4,44,39,3,0,0,1,50.0
83,82,77,3,2,0,1,50.0
83,81,62,3,2,1,1,50.0
83,77,74,3,2,1,1,50.0
83,76,68,3,2,0,1,50.0
83,58,59,3,2,0,1,50.0
83,57,65,3,2,1,1,50.0
83,54,47,3,2,0,1,50.0
83,46,56,3,2,1,1,50.0
83,45,11,3,2,1,1,50.0
83,41,44,3,2,2,1,50.0
83,39,41,3,2,1,1,50.0
83,37,38,3,2,0,1,50.0
83,33,53,3,2,1,1,50.0
83,25,35,3,2,1,1,50.0
4,45,47,3,0,2,1,50.0
83,24,32,3,2,1,1,50.0
83,23,25,3,2,1,1,50.0
83,20,8,3,2,0,1,50.0
4,55,44,3,0,1,1,50.0
83,17,14,3,2,1,1,50.0
83,16,22,3,2,2,1,50.0
83,13,3,3,2,2,1,50.0
83,12,19,3,2,1,1,50.0
83,7,0,3,2,1,1,50.0
83,4,77,3,3,1,1,50.0
4,60,74,3,1,0,1,50.0
83,3,14,3,3,2,1,50.0
4,62,68,3,1,0,1,50.0
82,98,56,3,0,1,1,50.0
82,84,68,3,0,1,1,50.0
82,83,74,3,0,3,1,50.0
82,79,65,3,0,2,1,50.0
4,65,71,3,1,1,1,50.0
82,61,62,3,0,1,1,50.0
82,58,53,3,0,0,1,50.0
82,43,59,3,0,2,1,50.0
82,42,77,3,1,0,1,50.0
82,38,74,3,1,0,1,50.0
4,85,21,3,1,1,1,50.0
82,37,71,3,1,0,1,50.0
82,36,68,3,1,0,1,50.0
82,26,65,3,1,2,1,50.0
82,13,62,3,1,1,1,50.0
82,12,59,3,1,0,1,50.0
82,10,56,3,1,1,1,50.0
82,0,48,3,1,1,1,50.0
81,88,77,3,0,3,1,50.0
81,82,53,3,1,1,1,50.0
81,76,59,3,1,1,1,50.0
81,70,77,3,1,0,1,50.0
5,13,74,3,0,0,1,50.0
81,68,45,3,1,1,1,50.0
81,61,48,3,1,0,1,50.0
81,60,56,3,1,0,1,50.0
81,55,41,3,1,1,1,50.0
81,50,38,3,1,2,1,50.0
81,41,35,3,1,2,1,50.0
81,32,13,3,1,1,1,50.0
81,24,10,3,1,1,1,50.0
81,9,7,3,1,2,1,50.0
81,8,4,3,1,2,1,50.0
80,99,36,3,0,1,1,50.0
80,96,65,3,0,2,1,50.0
80,92,59,3,0,1,1,50.0
80,87,62,3,0,2,1,50.0
80,83,68,3,0,3,1,50.0
5,16,68,3,0,0,1,50.0
80,77,77,3,0,1,1,50.0
80,68,42,3,0,1,1,50.0
80,59,56,3,0,0,1,50.0
5,18,71,3,0,0,1,50.0
80,57,53,3,0,1,1,50.0
5,25,77,3,1,0,1,50.0
80,56,50,3,0,1,1,50.0
80,53,47,3,0,1,1,50.0
80,51,39,3,0,1,1,50.0
5,28,74,3,1,0,1,50.0
80,43,77,3,1,0,1,50.0
80,42,74,3,1,0,1,50.0
80,36,71,3,1,0,1,50.0
80,35,68,3,1,0,1,50.0
80,29,31,3,1,0,1,50.0
80,28,25,3,1,1,1,50.0
5,52,68,3,1,0,1,50.0
80,24,65,3,1,0,1,50.0
80,21,62,3,1,1,1,50.0
80,9,28,3,1,1,1,50.0
80,2,59,3,1,2,1,50.0
79,88,74,3,0,4,1,50.0
79,80,14,3,1,1,1,50.0
79,77,71,3,1,1,1,50.0
79,73,77,3,1,0,1,50.0
79,56,74,3,1,1,1,50.0
79,46,68,3,1,0,1,50.0
79,37,11,3,1,1,1,50.0
79,26,8,3,1,2,1,50.0
79,22,5,3,1,1,1,50.0
79,20,2,3,1,0,1,50.0
79,11,77,3,2,0,1,50.0
79,10,74,3,2,0,1,50.0
5,53,71,3,1,0,1,50.0
79,8,68,3,2,0,1,50.0
78,84,77,3,0,2,1,50.0
78,75,71,3,0,0,1,50.0
78,73,74,3,0,1,1,50.0
78,56,68,3,0,1,1,50.0
78,45,77,3,1,0,1,50.0
78,36,74,3,1,0,1,50.0
78,35,71,3,1,0,1,50.0
5,56,62,3,1,0,1,50.0
78,30,68,3,1,0,1,50.0
78,27,39,3,1,1,1,50.0
78,24,48,3,1,1,1,50.0
5,62,53,3,1,0,1,50.0
78,23,36,3,1,1,1,50.0
78,22,33,3,1,1,1,50.0
78,20,30,3,1,2,1,50.0
78,18,27,3,1,1,1,50.0
5,64,42,3,1,1,1,50.0
78,15,24,3,1,1,1,50.0
78,12,21,3,1,2,1,50.0
78,5,18,3,1,1,1,50.0
77,89,68,3,1,2,1,50.0
77,76,56,3,1,1,1,50.0
77,74,48,3,1,1,1,50.0
77,71,65,3,1,1,1,50.0
77,67,62,3,1,0,1,50.0
77,48,59,3,1,0,1,50.0
77,42,53,3,1,2,1,50.0
77,38,31,3,1,1,1,50.0
77,8,45,3,1,2,1,50.0
77,1,42,3,1,1,1,50.0
76,95,71,3,0,1,1,50.0
76,83,71,3,1,3,1,50.0
76,78,74,3,1,2,1,50.0
76,77,39,3,1,1,1,50.0
76,65,68,3,1,1,1,50.0
76,60,53,3,1,0,1,50.0
76,56,42,3,1,1,1,50.0
76,54,50,3,1,0,1,50.0
76,47,36,3,1,1,1,50.0
76,39,77,3,2,0,1,50.0
76,38,71,3,2,0,1,50.0
76,34,74,3,2,0,1,50.0
76,30,68,3,2,1,1,50.0
76,29,28,3,2,0,1,50.0
76,23,65,3,2,0,1,50.0
76,15,62,3,2,1,1,50.0
76,12,56,3,2,0,1,50.0
76,7,59,3,2,0,1,50.0
76,4,53,3,2,1,1,50.0
76,3,11,3,2,2,1,50.0
75,95,77,3,0,2,1,50.0
75,93,56,3,1,1,1,50.0
75,91,74,3,1,2,1,50.0
75,90,65,3,1,1,1,50.0
75,81,77,3,1,2,1,50.0
75,79,71,3,1,2,1,50.0
75,77,36,3,1,1,1,50.0
75,76,50,3,1,2,1,50.0
75,65,47,3,1,2,1,50.0
75,54,39,3,1,0,1,50.0
5,65,65,3,1,2,1,50.0
75,51,53,3,1,1,1,50.0
75,50,44,3,1,2,1,50.0
75,48,77,3,2,0,1,50.0
75,47,74,3,2,0,1,50.0
5,74,45,3,1,1,1,50.0
75,46,71,3,2,0,1,50.0
75,42,59,3,2,0,1,50.0
75,32,68,3,2,0,1,50.0
75,28,22,3,2,1,1,50.0
75,27,65,3,2,1,1,50.0
75,23,62,3,2,0,1,50.0
75,17,56,3,2,1,1,50.0
75,16,53,3,2,1,1,50.0
75,15,50,3,2,1,1,50.0
5,76,39,3,1,2,1,50.0
6,7,77,3,0,0,1,50.0
75,12,47,3,2,0,1,50.0
75,10,44,3,2,1,1,50.0
75,8,41,3,2,2,1,50.0
75,7,33,3,2,0,1,50.0
75,6,38,3,2,2,1,50.0
75,3,8,3,2,2,1,50.0
75,1,15,3,2,0,1,50.0
74,93,77,3,0,2,1,50.0
74,84,71,3,0,2,1,50.0
6,10,71,3,0,0,1,50.0
74,83,42,3,1,3,1,50.0
74,79,39,3,1,2,1,50.0
74,75,77,3,1,3,1,50.0
74,73,71,3,1,1,1,50.0
74,72,74,3,1,0,1,50.0
74,67,68,3,1,0,1,50.0
74,66,77,3,2,0,1,50.0
74,65,74,3,2,0,1,50.0
6,12,68,3,0,0,1,50.0
74,56,71,3,2,0,1,50.0
74,52,68,3,2,1,1,50.0
74,50,65,3,2,0,1,50.0
6,13,77,3,1,0,1,50.0
74,46,62,3,2,1,1,50.0
74,41,48,3,2,2,1,50.0
74,36,56,3,2,2,1,50.0
74,35,59,3,2,1,1,50.0
6,18,68,3,1,0,1,50.0
74,32,53,3,2,1,1,50.0
6,22,74,3,1,0,1,50.0
74,31,22,3,2,0,1,50.0
74,24,45,3,2,1,1,50.0
74,18,42,3,2,1,1,50.0
74,14,39,3,2,1,1,50.0
74,13,36,3,2,1,1,50.0
74,10,33,3,2,1,1,50.0
74,9,25,3,2,1,1,50.0
74,8,30,3,2,2,1,50.0
74,7,18,3,2,0,1,50.0
74,5,59,3,3,1,1,50.0
6,25,71,3,1,0,1,50.0
6,27,77,3,2,0,1,50.0
74,0,68,3,3,1,1,50.0
73,93,53,3,1,1,1,50.0
73,83,56,3,1,3,1,50.0
6,31,71,3,2,0,1,50.0
6,45,74,3,2,0,1,50.0
73,78,77,3,1,2,1,50.0
73,77,28,3,1,1,1,50.0
73,71,68,3,1,0,1,50.0
73,68,39,3,1,1,1,50.0
73,60,36,3,1,1,1,50.0
6,49,68,3,2,0,1,50.0
73,47,42,3,1,0,1,50.0
73,41,32,3,1,2,1,50.0
6,50,56,3,2,0,1,50.0
73,37,45,3,1,0,1,50.0
73,35,25,3,1,1,1,50.0
73,30,19,3,1,1,1,50.0
73,26,16,3,1,2,1,50.0
73,25,11,3,1,2,1,50.0
73,6,22,3,1,2,1,50.0
73,2,8,3,1,3,1,50.0
72,91,71,3,0,2,1,50.0
72,88,77,3,0,4,1,50.0
72,71,74,3,1,0,1,50.0
72,64,77,3,1,1,1,50.0
72,60,71,3,1,0,1,50.0
72,33,65,3,1,1,1,50.0
72,30,62,3,1,1,1,50.0
72,26,59,3,1,2,1,50.0
72,25,53,3,1,2,1,50.0
72,24,77,3,2,0,1,50.0
72,23,74,3,2,0,1,50.0
72,22,71,3,2,0,1,50.0
72,15,68,3,2,0,1,50.0
72,12,65,3,2,0,1,50.0
72,10,62,3,2,1,1,50.0
71,99,71,3,0,3,1,50.0
71,67,77,3,1,0,1,50.0
71,64,74,3,1,1,1,50.0
71,63,71,3,1,0,1,50.0
71,54,68,3,1,1,1,50.0
71,49,56,3,1,1,1,50.0
6,53,65,3,2,0,1,50.0
71,48,53,3,1,0,1,50.0
71,41,59,3,1,3,1,50.0
71,27,74,3,2,0,1,50.0
71,21,77,3,2,0,1,50.0
6,56,53,3,2,0,1,50.0
71,9,71,3,2,1,1,50.0
71,2,68,3,2,2,1,50.0
70,96,74,3,0,2,1,50.0
70,67,68,3,0,1,1,50.0
70,63,77,3,1,0,1,50.0
70,52,74,3,1,1,1,50.0
70,49,71,3,1,0,1,50.0
70,40,68,3,1,0,1,50.0
6,58,25,3,2,1,1,50.0
70,14,65,3,1,1,1,50.0
70,11,59,3,1,1,1,50.0
6,59,50,3,2,0,1,50.0
70,4,56,3,1,1,1,50.0
70,2,53,3,1,3,1,50.0
69,86,68,3,0,1,1,50.0
69,81,74,3,1,2,1,50.0
69,66,71,3,1,0,1,50.0
69,62,77,3,1,1,1,50.0
69,55,68,3,1,0,1,50.0
69,49,39,3,1,3,1,50.0
69,47,77,3,2,0,1,50.0
6,63,14,3,2,0,1,50.0
69,43,74,3,2,0,1,50.0
6,76,47,3,2,2,1,50.0
69,40,71,3,2,0,1,50.0
69,30,65,3,2,1,1,50.0
69,26,68,3,2,1,1,50.0
69,23,56,3,2,0,1,50.0
69,20,62,3,2,1,1,50.0
69,19,53,3,2,1,1,50.0
69,18,50,3,2,1,1,50.0
69,16,44,3,2,1,1,50.0
69,5,36,3,2,1,1,50.0
68,70,77,3,0,2,1,50.0
68,58,71,3,0,1,1,50.0
68,55,77,3,1,0,1,50.0
68,54,36,3,1,0,1,50.0
68,52,71,3,1,1,1,50.0
6,78,44,3,2,2,1,50.0
68,38,74,3,1,1,1,50.0
68,9,22,3,1,1,1,50.0
68,3,5,3,1,2,1,50.0
67,97,74,3,0,3,1,50.0
67,91,53,3,0,2,1,50.0
67,86,71,3,0,1,1,50.0
6,82,41,3,2,1,1,50.0
67,77,25,3,1,1,1,50.0
67,76,44,3,1,2,1,50.0
67,72,59,3,1,2,1,50.0
67,70,31,3,1,1,1,50.0
67,63,74,3,1,0,1,50.0
67,54,77,3,1,1,1,50.0
67,53,56,3,1,0,1,50.0
67,38,71,3,1,1,1,50.0
6,83,35,3,2,3,1,50.0
67,36,65,3,1,2,1,50.0
67,35,62,3,1,1,1,50.0
6,86,32,3,2,1,1,50.0
67,34,53,3,1,1,1,50.0
6,95,29,3,2,1,1,50.0
67,29,22,3,1,0,1,50.0
7,0,45,3,0,1,1,50.0
67,24,41,3,1,1,1,50.0
67,22,38,3,1,1,1,50.0
67,20,35,3,1,1,1,50.0
67,12,28,3,1,1,1,50.0
67,5,19,3,1,2,1,50.0
67,1,12,3,2,0,1,50.0
66,95,68,3,0,1,1,50.0
7,17,68,3,0,0,1,50.0
66,88,56,3,1,2,1,50.0
66,67,74,3,0,2,1,50.0
66,62,74,3,1,0,1,50.0
66,56,77,3,1,0,1,50.0
66,54,71,3,1,1,1,50.0
66,51,68,3,1,0,1,50.0
66,47,31,3,1,0,1,50.0
66,36,53,3,1,2,1,50.0
66,31,19,3,1,0,1,50.0
66,15,59,3,1,1,1,50.0
66,14,62,3,1,1,1,50.0
66,13,28,3,1,2,1,50.0
66,11,25,3,1,2,1,50.0
66,9,22,3,1,2,1,50.0
65,98,77,3,0,2,1,50.0
65,93,74,3,1,2,1,50.0
65,92,77,3,1,2,1,50.0
65,88,50,3,2,2,1,50.0
65,83,39,3,2,3,1,50.0
65,82,44,3,2,1,1,50.0
65,78,71,3,2,2,1,50.0
65,72,56,3,2,2,1,50.0
65,59,74,3,2,0,1,50.0
65,56,77,3,2,1,1,50.0
65,50,68,3,2,0,1,50.0
65,43,36,3,2,3,1,50.0
65,38,77,3,3,0,1,50.0
65,37,74,3,3,0,1,50.0
65,35,71,3,3,1,1,50.0
65,33,68,3,3,0,1,50.0
7,27,62,3,0,1,1,50.0
65,30,59,3,3,1,1,50.0
65,28,19,3,3,1,1,50.0
65,25,45,3,3,1,1,50.0
65,22,62,3,3,0,1,50.0
65,21,65,3,3,1,1,50.0
65,20,11,3,3,0,1,50.0
65,17,53,3,3,1,1,50.0
65,16,50,3,3,1,1,50.0
65,13,56,3,3,1,1,50.0
65,5,33,3,3,1,1,50.0
65,0,42,3,3,1,1,50.0
64,97,35,3,1,2,1,50.0
64,96,71,3,1,3,1,50.0
64,95,68,3,1,2,1,50.0
64,93,24,3,2,1,1,50.0
64,92,56,3,2,1,1,50.0
64,91,5,3,2,1,1,50.0
64,88,53,3,2,2,1,50.0
64,86,77,3,2,1,1,50.0
64,85,18,3,2,1,1,50.0
64,79,62,3,2,2,1,50.0
64,77,21,3,2,1,1,50.0
64,75,30,3,2,2,1,50.0
64,70,27,3,2,1,1,50.0
64,60,68,3,2,0,1,50.0
64,55,74,3,2,0,1,50.0
64,51,71,3,2,0,1,50.0
64,44,15,3,2,0,1,50.0
7,44,24,3,0,0,1,50.0
64,42,65,3,2,2,1,50.0
7,51,28,3,0,0,1,50.0
64,41,12,3,2,2,1,50.0
64,39,59,3,2,2,1,50.0
64,35,9,3,2,1,1,50.0
64,28,2,3,2,1,1,50.0
64,20,74,3,3,0,1,50.0
64,18,77,3,3,0,1,50.0
64,17,71,3,3,0,1,50.0
64,13,68,3,3,1,1,50.0
64,11,56,3,3,1,1,50.0
64,1,9,3,3,0,1,50.0
64,0,36,3,3,1,1,50.0
63,96,11,3,0,1,1,50.0
63,79,59,3,0,2,1,50.0
63,60,56,3,0,1,1,50.0
63,57,53,3,0,2,1,50.0
63,55,8,3,0,2,1,50.0
7,54,56,3,0,1,1,50.0
63,52,5,3,0,1,1,50.0
63,50,2,3,0,2,1,50.0
63,28,77,3,1,0,1,50.0
63,17,74,3,1,0,1,50.0
63,8,71,3,1,1,1,50.0
62,95,62,3,0,1,1,50.0
62,84,62,3,1,1,1,50.0
62,78,68,3,1,2,1,50.0
62,72,53,3,1,2,1,50.0
7,58,53,3,0,2,1,50.0
62,58,56,3,1,0,1,50.0
62,52,65,3,1,1,1,50.0
62,42,71,3,1,0,1,50.0
62,24,74,3,1,0,1,50.0
62,5,50,3,1,1,1,50.0
61,99,11,3,0,1,1,50.0
61,92,42,3,0,1,1,50.0
61,91,2,3,0,1,1,50.0
61,73,5,3,0,1,1,50.0
7,60,50,3,0,1,1,50.0
61,60,77,3,0,0,1,50.0
61,56,71,3,0,1,1,50.0
61,50,74,3,0,1,1,50.0
61,44,36,3,0,0,1,50.0
60,98,65,3,0,2,1,50.0
60,97,62,3,0,3,1,50.0
7,87,42,3,0,2,1,50.0
60,96,59,3,0,2,1,50.0
60,93,21,3,1,1,1,50.0
60,86,74,3,1,1,1,50.0
60,72,33,3,1,2,1,50.0
60,49,77,3,1,0,1,50.0
60,45,71,3,1,0,1,50.0
60,44,18,3,1,0,1,50.0
7,96,18,3,1,1,1,50.0
8,7,74,3,0,1,1,50.0
60,42,68,3,1,1,1,50.0
60,35,65,3,1,1,1,50.0
60,24,59,3,1,0,1,50.0
60,22,62,3,1,1,1,50.0
60,0,53,3,1,2,1,50.0
59,89,12,3,0,1,1,50.0
59,88,47,3,0,2,1,50.0
59,80,53,3,0,1,1,50.0
59,68,9,3,0,1,1,50.0
59,67,71,3,0,2,1,50.0
59,66,6,3,0,1,1,50.0
59,65,39,3,0,3,1,50.0
59,63,65,3,0,1,1,50.0
59,61,59,3,0,1,1,50.0
59,58,62,3,0,2,1,50.0
59,52,44,3,0,1,1,50.0
59,51,3,3,0,0,1,50.0
8,23,77,3,1,0,1,50.0
8,29,74,3,1,0,1,50.0
59,41,0,3,0,2,1,50.0
59,38,68,3,1,0,1,50.0
59,32,77,3,1,0,1,50.0
59,23,71,3,1,0,1,50.0
59,16,74,3,1,1,1,50.0
59,15,53,3,1,1,1,50.0
59,14,59,3,1,1,1,50.0
58,97,22,3,1,2,1,50.0
58,95,19,3,1,1,1,50.0
58,93,77,3,1,3,1,50.0
58,89,74,3,1,2,1,50.0
8,34,68,3,1,0,1,50.0
58,85,68,3,1,2,1,50.0
58,84,59,3,2,1,1,50.0
58,82,38,3,2,1,1,50.0
58,80,56,3,2,1,1,50.0
58,75,27,3,2,2,1,50.0
58,70,24,3,2,1,1,50.0
58,67,77,3,2,2,1,50.0
58,66,74,3,2,2,1,50.0
8,36,59,3,1,3,1,50.0
8,40,56,3,1,0,1,50.0
8,43,71,3,2,0,1,50.0
58,55,71,3,2,1,1,50.0
58,49,68,3,2,1,1,50.0
58,43,31,3,2,1,1,50.0
58,40,50,3,2,0,1,50.0
58,36,47,3,2,2,1,50.0
58,32,65,3,2,1,1,50.0
58,30,44,3,2,1,1,50.0
8,48,74,3,2,0,1,50.0
58,29,19,3,2,0,1,50.0
58,27,35,3,2,1,1,50.0
58,24,41,3,2,2,1,50.0
58,23,68,3,3,0,1,50.0
58,13,71,3,3,0,1,50.0
8,49,77,3,2,1,1,50.0
58,10,77,3,3,1,1,50.0
57,93,74,3,0,3,1,50.0
57,83,77,3,0,4,1,50.0
57,80,77,3,1,2,1,50.0
57,58,74,3,1,3,1,50.0
57,39,71,3,1,0,1,50.0
57,36,68,3,1,1,1,50.0
57,32,62,3,1,1,1,50.0
57,27,59,3,1,2,1,50.0
57,11,56,3,1,2,1,50.0
8,51,16,3,2,0,1,50.0
57,8,68,3,2,2,1,50.0
57,6,19,3,2,2,1,50.0
56,93,18,3,0,1,1,50.0
56,92,31,3,0,1,1,50.0
56,86,59,3,0,1,1,50.0
8,53,59,3,2,0,1,50.0
56,84,56,3,0,1,1,50.0
56,83,28,3,0,3,1,50.0
56,82,25,3,0,1,1,50.0
8,60,13,3,2,1,1,50.0
56,77,22,3,0,2,1,50.0
56,72,47,3,1,2,1,50.0
8,61,8,3,2,0,1,50.0
56,67,65,3,1,2,1,50.0
56,53,62,3,1,1,1,50.0
56,47,39,3,1,0,1,50.0
56,46,59,3,1,1,1,50.0
56,45,8,3,1,1,1,50.0
56,43,25,3,1,1,1,50.0
56,42,56,3,1,2,1,50.0
56,41,29,3,1,2,1,50.0
8,66,1,3,2,1,1,50.0
56,40,53,3,1,0,1,50.0
56,35,33,3,1,1,1,50.0
56,31,36,3,1,1,1,50.0
56,27,5,3,1,1,1,50.0
56,17,2,3,1,1,1,50.0
56,16,19,3,1,2,1,50.0
56,15,22,3,1,2,1,50.0
8,74,65,3,2,3,1,50.0
8,80,50,3,2,1,1,50.0
56,14,16,3,1,1,1,50.0
8,83,62,3,2,3,1,50.0
56,11,13,3,1,2,1,50.0
56,5,56,3,2,1,1,50.0
56,1,6,3,2,0,1,50.0
56,0,77,3,2,2,1,50.0
55,98,35,3,1,1,1,50.0
55,97,65,3,1,3,1,50.0
55,94,50,3,1,2,1,50.0
55,88,68,3,1,3,1,50.0
8,88,38,3,2,2,1,50.0
55,83,59,3,1,3,1,50.0
55,81,62,3,1,2,1,50.0
55,74,77,3,1,3,1,50.0
55,73,74,3,1,2,1,50.0
8,89,56,3,2,2,1,50.0
55,71,47,3,1,3,1,50.0
55,62,59,3,2,1,1,50.0
55,58,65,3,2,3,1,50.0
55,52,77,3,2,0,1,50.0
55,45,68,3,2,0,1,50.0
55,34,74,3,2,1,1,50.0
55,29,71,3,2,0,1,50.0
55,17,62,3,2,1,1,50.0
55,11,53,3,2,1,1,50.0
55,9,19,3,2,1,1,50.0
55,1,3,3,2,0,1,50.0
8,94,35,3,2,2,1,50.0
54,95,65,3,1,1,1,50.0
54,90,62,3,1,1,1,50.0
54,84,53,3,1,1,1,50.0
54,82,35,3,1,1,1,50.0
54,80,47,3,1,1,1,50.0
54,79,50,3,1,2,1,50.0
54,78,59,3,1,2,1,50.0
8,95,53,3,2,1,1,50.0
54,76,32,3,1,2,1,50.0
54,75,19,3,1,2,1,50.0
54,69,41,3,1,2,1,50.0
54,67,44,3,1,2,1,50.0
54,63,29,3,1,1,1,50.0
54,60,26,3,1,1,1,50.0
54,59,38,3,1,1,1,50.0
54,50,23,3,1,1,1,50.0
54,47,74,3,1,1,1,50.0
8,99,21,3,2,1,1,50.0
54,44,77,3,2,0,1,50.0
54,32,74,3,2,0,1,50.0
9,0,74,3,0,2,1,50.0
54,30,71,3,2,0,1,50.0
54,27,68,3,2,1,1,50.0
9,2,77,3,0,3,1,50.0
54,24,56,3,2,0,1,50.0
54,21,59,3,2,1,1,50.0
54,19,14,3,2,0,1,50.0
54,17,65,3,2,1,1,50.0
54,16,41,3,2,1,1,50.0
54,15,47,3,2,1,1,50.0
54,13,50,3,2,1,1,50.0
9,5,77,3,1,2,1,50.0
9,6,74,3,1,3,1,50.0
9,14,68,3,1,1,1,50.0
54,11,44,3,2,1,1,50.0
54,9,62,3,2,2,1,50.0
9,16,77,3,2,0,1,50.0
54,8,53,3,2,3,1,50.0
54,5,30,3,2,1,1,50.0
53,86,68,3,0,2,1,50.0
9,17,74,3,2,1,1,50.0
53,59,65,3,1,1,1,50.0
53,56,74,3,1,2,1,50.0
53,52,77,3,1,1,1,50.0
9,31,68,3,2,0,1,50.0
53,51,13,3,1,0,1,50.0
53,40,59,3,1,0,1,50.0
53,29,68,3,1,0,1,50.0
53,18,71,3,1,1,1,50.0
53,14,56,3,1,1,1,50.0
53,10,53,3,1,1,1,50.0
53,6,10,3,1,2,1,50.0
9,34,65,3,2,0,1,50.0
9,41,71,3,2,0,1,50.0
53,2,44,3,1,3,1,50.0
53,0,41,3,1,2,1,50.0
52,92,50,3,1,1,1,50.0
52,87,59,3,1,2,1,50.0
52,86,56,3,1,1,1,50.0
52,85,25,3,1,1,1,50.0
52,84,47,3,1,1,1,50.0
52,83,32,3,1,3,1,50.0
52,75,12,3,1,2,1,50.0
52,73,2,3,1,1,1,50.0
52,70,21,3,1,1,1,50.0
52,62,39,3,1,1,1,50.0
52,55,29,3,1,2,1,50.0
52,49,18,3,1,2,1,50.0
52,44,9,3,1,0,1,50.0
52,38,15,3,1,2,1,50.0
52,34,77,3,2,0,1,50.0
52,29,25,3,2,0,1,50.0
52,28,71,3,2,0,1,50.0
52,19,74,3,2,0,1,50.0
52,16,68,3,2,1,1,50.0
52,14,53,3,2,1,1,50.0
52,13,65,3,2,1,1,50.0
52,11,50,3,2,1,1,50.0
51,95,25,3,0,1,1,50.0
51,89,9,3,0,1,1,50.0
51,88,6,3,0,2,1,50.0
9,51,0,3,2,0,1,50.0
51,85,77,3,0,2,1,50.0
51,83,74,3,0,4,1,50.0
51,81,1,3,1,1,1,50.0
51,74,74,3,1,3,1,50.0
9,52,59,3,2,2,1,50.0
51,64,65,3,1,3,1,50.0
51,38,77,3,1,1,1,50.0
51,36,71,3,1,1,1,50.0
51,20,5,3,1,0,1,50.0
51,9,56,3,1,2,1,50.0
50,93,71,3,0,2,1,50.0
9,64,53,3,2,3,1,50.0
50,86,53,3,0,1,1,50.0
50,85,59,3,0,2,1,50.0
9,75,4,3,2,2,1,50.0
50,83,65,3,1,3,1,50.0
9,90,50,3,2,1,1,50.0
50,76,77,3,0,3,1,50.0
50,75,71,3,1,3,1,50.0
50,74,62,3,1,3,1,50.0
9,92,47,3,2,1,1,50.0
50,62,20,3,1,1,1,50.0
9,96,44,3,2,2,1,50.0
50,60,77,3,1,2,1,50.0
50,59,56,3,1,1,1,50.0
50,42,68,3,1,2,1,50.0
50,26,59,3,1,3,1,50.0
50,25,53,3,1,3,1,50.0
50,16,17,3,1,3,1,50.0
50,3,77,3,2,3,1,50.0
49,99,74,3,0,3,1,50.0
49,97,71,3,1,3,1,50.0
10,0,68,3,0,2,1,50.0
10,1,71,3,1,1,1,50.0
49,96,62,3,1,2,1,50.0
49,95,74,3,1,2,1,50.0
49,90,53,3,1,1,1,50.0
49,88,35,3,2,2,1,50.0
49,85,74,3,2,2,1,50.0
10,3,74,3,1,3,1,50.0
49,80,22,3,2,1,1,50.0
49,77,77,3,2,2,1,50.0
49,76,25,3,2,2,1,50.0
49,72,50,3,2,2,1,50.0
49,64,62,3,2,3,1,50.0
49,59,32,3,2,1,1,50.0
49,57,71,3,2,2,1,50.0
49,56,68,3,2,2,1,50.0
49,55,56,3,2,2,1,50.0
49,53,7,3,2,1,1,50.0
49,50,65,3,2,2,1,50.0
49,47,28,3,2,0,1,50.0
49,45,4,3,2,1,1,50.0
49,32,10,3,2,1,1,50.0
49,28,15,3,2,1,1,50.0
49,21,53,3,2,1,1,50.0
49,16,59,3,2,1,1,50.0
49,13,0,3,2,2,1,50.0
49,8,77,3,3,3,1,50.0
49,1,0,3,3,0,1,50.0
48,87,65,3,0,2,1,50.0
48,85,62,3,0,2,1,50.0
48,81,68,3,0,2,1,50.0
48,76,56,3,0,3,1,50.0
48,75,1,3,1,2,1,50.0
48,73,77,3,1,2,1,50.0
10,4,65,3,1,1,1,50.0
48,55,50,3,1,2,1,50.0
48,45,74,3,1,1,1,50.0
48,37,68,3,1,0,1,50.0
48,35,39,3,1,1,1,50.0
48,28,71,3,1,1,1,50.0
48,27,53,3,1,1,1,50.0
48,19,11,3,1,0,1,50.0
48,11,47,3,1,1,1,50.0
10,13,47,3,1,1,1,50.0
48,1,36,3,1,1,1,50.0
47,96,19,3,0,2,1,50.0
47,74,71,3,1,3,1,50.0
47,73,68,3,1,2,1,50.0
47,70,18,3,1,1,1,50.0
47,46,77,3,1,1,1,50.0
47,42,62,3,1,2,1,50.0
47,39,45,3,1,1,1,50.0
10,15,68,3,1,1,1,50.0
47,37,48,3,1,0,1,50.0
47,36,41,3,1,2,1,50.0
47,25,65,3,1,2,1,50.0
47,20,59,3,1,1,1,50.0
47,6,7,3,1,2,1,50.0
46,97,74,3,0,4,1,50.0
46,91,50,3,1,2,1,50.0
46,89,71,3,1,2,1,50.0
46,79,53,3,1,2,1,50.0
46,75,74,3,1,3,1,50.0
46,73,47,3,1,2,1,50.0
46,65,36,3,1,3,1,50.0
46,60,30,3,1,1,1,50.0
46,51,68,3,1,1,1,50.0
46,48,44,3,1,1,1,50.0
46,47,22,3,1,1,1,50.0
46,44,41,3,1,1,1,50.0
46,42,19,3,1,3,1,50.0
46,38,68,3,2,1,1,50.0
46,28,77,3,2,1,1,50.0
46,25,74,3,2,0,1,50.0
46,24,71,3,2,0,1,50.0
46,23,59,3,2,0,1,50.0
10,21,50,3,1,1,1,50.0
46,16,65,3,2,1,1,50.0
46,14,50,3,2,1,1,50.0
10,23,41,3,1,1,1,50.0
46,12,53,3,2,0,1,50.0
10,34,27,3,1,1,1,50.0
46,10,24,3,2,1,1,50.0
46,9,41,3,2,2,1,50.0
46,4,62,3,2,1,1,50.0
46,0,56,3,2,2,1,50.0
45,95,1,3,1,1,1,50.0
10,35,21,3,1,1,1,50.0
10,36,18,3,1,2,1,50.0
45,94,77,3,1,3,1,50.0
45,91,71,3,1,3,1,50.0
45,88,68,3,1,4,1,50.0
45,83,53,3,2,3,1,50.0
45,81,71,3,2,2,1,50.0
45,79,56,3,2,2,1,50.0
45,74,50,3,2,3,1,50.0
45,66,16,3,2,1,1,50.0
45,63,68,3,2,1,1,50.0
45,62,36,3,2,1,1,50.0
45,49,74,3,2,3,1,50.0
45,39,77,3,2,1,1,50.0
45,35,13,3,2,1,1,50.0
45,34,65,3,2,1,1,50.0
45,32,42,3,2,1,1,50.0
45,28,10,3,2,1,1,50.0
45,27,2,3,2,1,1,50.0
45,26,62,3,2,2,1,50.0
45,21,39,3,2,1,1,50.0
45,20,7,3,2,1,1,50.0
45,13,59,3,2,1,1,50.0
45,4,33,3,2,1,1,50.0
44,98,21,3,0,1,1,50.0
44,97,12,3,0,2,1,50.0
44,95,6,3,0,1,1,50.0
44,91,3,3,0,2,1,50.0
44,83,0,3,0,3,1,50.0
44,75,74,3,0,4,1,50.0
44,63,71,3,0,2,1,50.0
10,41,15,3,1,2,1,50.0
44,60,10,3,1,1,1,50.0
44,59,48,3,1,1,1,50.0
44,55,45,3,1,2,1,50.0
44,39,74,3,1,0,1,50.0
44,38,28,3,1,1,1,50.0
44,35,77,3,1,1,1,50.0
10,45,12,3,1,3,1,50.0
44,32,71,3,1,1,1,50.0
44,24,68,3,1,0,1,50.0
44,11,38,3,1,1,1,50.0
44,10,4,3,1,1,1,50.0
44,4,15,3,1,1,1,50.0
43,90,68,3,0,1,1,50.0
43,82,19,3,1,1,1,50.0
43,81,77,3,1,3,1,50.0
43,79,74,3,1,3,1,50.0
43,75,68,3,1,3,1,50.0
43,74,71,3,1,4,1,50.0
43,72,44,3,2,2,1,50.0
43,67,68,3,2,2,1,50.0
43,65,30,3,2,3,1,50.0
43,64,50,3,2,3,1,50.0
43,63,62,3,2,1,1,50.0
43,62,47,3,2,1,1,50.0
43,61,39,3,2,0,1,50.0
43,56,71,3,2,2,1,50.0
43,55,22,3,2,2,1,50.0
43,51,27,3,2,1,1,50.0
43,50,74,3,2,2,1,50.0
43,48,65,3,2,1,1,50.0
10,49,71,3,2,3,1,50.0
43,42,77,3,2,1,1,50.0
43,41,18,3,2,2,1,50.0
10,54,38,3,2,2,1,50.0
43,37,56,3,2,1,1,50.0
43,34,15,3,2,1,1,50.0
43,24,53,3,2,0,1,50.0
10,55,42,3,2,2,1,50.0
43,23,12,3,2,1,1,50.0
43,20,4,3,2,1,1,50.0
43,17,7,3,2,1,1,50.0
43,12,1,3,2,2,1,50.0
43,9,33,3,3,2,1,50.0
43,4,59,3,3,1,1,50.0
42,97,71,3,1,4,1,50.0
42,90,74,3,1,2,1,50.0
42,87,50,3,2,2,1,50.0
42,85,71,3,2,2,1,50.0
42,78,47,3,2,2,1,50.0
42,76,36,3,2,2,1,50.0
42,73,59,3,2,2,1,50.0
42,67,77,3,2,3,1,50.0
42,66,44,3,2,2,1,50.0
42,65,74,3,2,4,1,50.0
42,53,38,3,3,1,1,50.0
10,57,77,3,2,2,1,50.0
42,50,71,3,3,2,1,50.0
42,49,68,3,3,3,1,50.0
42,48,62,3,3,1,1,50.0
42,44,35,3,3,1,1,50.0
42,40,77,3,3,0,1,50.0
42,38,65,3,3,1,1,50.0
42,37,42,3,3,0,1,50.0
42,36,74,3,3,1,1,50.0
42,32,56,3,3,1,1,50.0
42,29,59,3,3,1,1,50.0
42,26,50,3,3,2,1,50.0
10,58,62,3,2,3,1,50.0
42,16,53,3,3,2,1,50.0
42,15,27,3,3,1,1,50.0
42,14,47,3,3,1,1,50.0
42,12,32,3,3,1,1,50.0
42,3,16,3,3,3,1,50.0
42,2,5,3,3,3,1,50.0
10,61,68,3,2,0,1,50.0
41,98,74,3,0,2,1,50.0
41,96,77,3,0,3,1,50.0
41,86,68,3,0,3,1,50.0
41,80,74,3,1,2,1,50.0
41,70,71,3,1,2,1,50.0
41,69,77,3,1,3,1,50.0
41,62,68,3,1,2,1,50.0
41,57,74,3,2,2,1,50.0
41,53,4,3,2,1,1,50.0
41,50,68,3,2,2,1,50.0
41,49,26,3,2,3,1,50.0
41,47,77,3,2,2,1,50.0
41,46,38,3,2,2,1,50.0
41,43,71,3,2,3,1,50.0
10,67,59,3,2,2,1,50.0
41,40,41,3,2,1,1,50.0
41,31,9,3,2,2,1,50.0
41,23,77,3,3,1,1,50.0
41,10,74,3,3,2,1,50.0
41,7,71,3,3,1,1,50.0
41,3,68,3,3,3,1,50.0
10,70,15,3,2,1,1,50.0
41,2,65,3,3,2,1,50.0
40,93,39,3,0,2,1,50.0
40,79,36,3,0,2,1,50.0
40,76,74,3,0,3,1,50.0
40,67,62,3,1,2,1,50.0
40,55,38,3,1,2,1,50.0
40,42,13,3,1,3,1,50.0
40,29,77,3,1,0,1,50.0
40,28,68,3,1,0,1,50.0
40,19,71,3,1,0,1,50.0
10,74,56,3,2,3,1,50.0
40,17,50,3,1,1,1,50.0
40,15,74,3,1,1,1,50.0
40,14,44,3,1,1,1,50.0
40,3,65,3,1,3,1,50.0
39,90,68,3,0,2,1,50.0
39,86,38,3,1,1,1,50.0
39,85,35,3,1,2,1,50.0
39,84,32,3,1,1,1,50.0
39,83,25,3,1,3,1,50.0
39,80,19,3,1,1,1,50.0
39,77,74,3,1,2,1,50.0
39,72,29,3,1,2,1,50.0
39,70,68,3,1,2,1,50.0
39,65,22,3,1,3,1,50.0
39,64,71,3,1,4,1,50.0
10,76,22,3,2,2,1,50.0
39,50,62,3,2,2,1,50.0
39,45,27,3,2,2,1,50.0
39,43,77,3,2,3,1,50.0
39,36,74,3,2,2,1,50.0
39,28,68,3,2,1,1,50.0
10,77,18,3,2,1,1,50.0
10,79,47,3,2,2,1,50.0
39,24,71,3,2,1,1,50.0
39,16,38,3,2,1,1,50.0
10,89,6,3,2,1,1,50.0
39,9,30,3,2,2,1,50.0
38,98,53,3,1,1,1,50.0
38,97,25,3,1,2,1,50.0
38,88,22,3,1,2,1,50.0
38,83,19,3,1,3,1,50.0
38,79,62,3,1,3,1,50.0
38,78,56,3,1,2,1,50.0
38,77,59,3,1,2,1,50.0
38,76,19,3,2,2,1,50.0
10,90,35,3,2,1,1,50.0
38,73,71,3,2,2,1,50.0
38,69,47,3,2,2,1,50.0
38,60,7,3,2,1,1,50.0
10,91,65,3,2,2,1,50.0
10,97,32,3,2,2,1,50.0
38,55,35,3,2,2,1,50.0
10,98,29,3,2,1,1,50.0
38,44,32,3,2,1,1,50.0
38,43,74,3,2,3,1,50.0
11,0,71,3,0,2,1,50.0
11,3,68,3,0,4,1,50.0
11,5,74,3,1,2,1,50.0
38,33,77,3,2,0,1,50.0
38,32,68,3,2,1,1,50.0
38,31,65,3,2,1,1,50.0
38,27,44,3,2,1,1,50.0
38,19,4,3,2,0,1,50.0
38,15,62,3,2,2,1,50.0
38,14,29,3,2,1,1,50.0
38,12,50,3,2,0,1,50.0
38,9,26,3,2,2,1,50.0
38,8,59,3,2,3,1,50.0
37,91,35,3,0,2,1,50.0
37,89,77,3,0,2,1,50.0
37,85,53,3,1,2,1,50.0
37,82,32,3,1,1,1,50.0
11,9,77,3,1,3,1,50.0
37,75,62,3,1,3,1,50.0
37,70,8,3,1,1,1,50.0
11,12,71,3,1,0,1,50.0
37,59,45,3,1,1,1,50.0
37,57,59,3,1,2,1,50.0
37,56,50,3,1,2,1,50.0
37,54,35,3,1,2,1,50.0
37,50,41,3,1,2,1,50.0
37,49,29,3,1,3,1,50.0
37,44,25,3,1,1,1,50.0
37,35,74,3,1,0,1,50.0
37,32,77,3,1,1,1,50.0
37,26,71,3,1,0,1,50.0
11,30,35,3,1,1,1,50.0
37,25,68,3,1,0,1,50.0
37,20,38,3,1,1,1,50.0
37,19,1,3,1,0,1,50.0
37,18,22,3,1,1,1,50.0
37,11,5,3,1,3,1,50.0
37,5,27,3,2,1,1,50.0
37,4,50,3,2,1,1,50.0
11,40,68,3,1,2,1,50.0
37,2,71,3,2,2,1,50.0
36,87,77,3,0,3,1,50.0
36,86,77,3,1,2,1,50.0
36,85,50,3,2,2,1,50.0
36,84,29,3,2,1,1,50.0
36,77,71,3,2,2,1,50.0
36,72,26,3,2,2,1,50.0
36,64,33,3,2,3,1,50.0
36,60,4,3,2,1,1,50.0
36,58,23,3,2,3,1,50.0
36,57,15,3,2,2,1,50.0
36,46,12,3,2,2,1,50.0
36,24,77,3,2,1,1,50.0
36,21,68,3,2,1,1,50.0
36,19,8,3,2,0,1,50.0
36,15,1,3,2,2,1,50.0
36,7,77,3,3,1,1,50.0
35,94,30,3,1,2,1,50.0
35,90,18,3,1,1,1,50.0
35,87,6,3,1,2,1,50.0
35,82,3,3,1,1,1,50.0
35,80,0,3,1,1,1,50.0
35,74,74,3,1,4,1,50.0
35,70,50,3,1,2,1,50.0
35,65,68,3,1,4,1,50.0
11,43,68,3,2,3,1,50.0
35,64,59,3,2,3,1,50.0
11,53,35,3,2,1,1,50.0
35,60,1,3,2,1,1,50.0
35,58,56,3,2,3,1,50.0
35,52,62,3,2,2,1,50.0
35,49,65,3,2,3,1,50.0
35,47,53,3,2,1,1,50.0
35,44,22,3,2,1,1,50.0
35,43,50,3,2,3,1,50.0
11,61,77,3,2,1,1,50.0
35,42,10,3,2,3,1,50.0
35,34,77,3,2,1,1,50.0
35,32,74,3,2,1,1,50.0
35,30,71,3,2,1,1,50.0
11,62,32,3,2,1,1,50.0
35,29,68,3,2,1,1,50.0
35,28,7,3,2,1,1,50.0
35,25,42,3,2,1,1,50.0
35,19,47,3,2,1,1,50.0
35,15,19,3,2,1,1,50.0
34,99,24,3,1,1,1,50.0
34,97,9,3,1,2,1,50.0
34,96,6,3,1,1,1,50.0
34,95,59,3,1,1,1,50.0
34,90,56,3,1,1,1,50.0
34,87,47,3,1,2,1,50.0
11,77,65,3,2,2,1,50.0
34,83,3,3,1,3,1,50.0
34,82,12,3,1,1,1,50.0
12,15,77,3,0,0,1,50.0
34,79,44,3,1,2,1,50.0
34,78,62,3,1,2,1,50.0
34,76,0,3,1,2,1,50.0
34,74,41,3,1,3,1,50.0
34,73,38,3,1,2,1,50.0
12,20,74,3,0,1,1,50.0
34,69,33,3,1,2,1,50.0
34,63,68,3,1,2,1,50.0
34,59,71,3,1,2,1,50.0
34,56,30,3,1,2,1,50.0
34,53,1,3,2,1,1,50.0
34,51,62,3,2,1,1,50.0
34,48,59,3,2,1,1,50.0
34,42,77,3,2,4,1,50.0
34,38,56,3,2,2,1,50.0
12,21,36,3,0,1,1,50.0
34,33,74,3,2,0,1,50.0
34,30,53,3,2,1,1,50.0
34,29,71,3,2,1,1,50.0
34,18,68,3,2,1,1,50.0
34,17,47,3,2,1,1,50.0
34,14,36,3,2,1,1,50.0
34,12,41,3,2,0,1,50.0
34,10,50,3,2,2,1,50.0
34,5,24,3,2,1,1,50.0
33,98,71,3,0,3,1,50.0
33,96,3,3,1,1,1,50.0
33,94,47,3,1,2,1,50.0
33,85,44,3,1,2,1,50.0
33,77,68,3,1,2,1,50.0
33,71,62,3,1,2,1,50.0
33,59,41,3,1,1,1,50.0
12,24,74,3,1,1,1,50.0
33,58,59,3,1,3,1,50.0
12,35,39,3,1,2,1,50.0
33,54,27,3,1,2,1,50.0
33,22,77,3,1,0,1,50.0
33,9,38,3,1,2,1,50.0
33,2,74,3,1,3,1,50.0
32,99,7,3,1,1,1,50.0
12,36,71,3,1,3,1,50.0
32,96,0,3,1,1,1,50.0
32,92,39,3,1,1,1,50.0
12,62,25,3,1,1,1,50.0
32,80,36,3,1,1,1,50.0
32,72,22,3,1,2,1,50.0
32,68,33,3,1,1,1,50.0
32,66,50,3,1,2,1,50.0
32,63,19,3,1,1,1,50.0
32,62,4,3,1,1,1,50.0
32,61,14,3,2,0,1,50.0
32,60,74,3,2,2,1,50.0
32,58,53,3,2,3,1,50.0
32,57,65,3,2,2,1,50.0
32,53,77,3,2,2,1,50.0
32,52,56,3,2,2,1,50.0
32,51,59,3,2,1,1,50.0
32,46,47,3,2,2,1,50.0
32,40,35,3,2,1,1,50.0
32,33,71,3,2,1,1,50.0
32,28,68,3,2,2,1,50.0
32,24,62,3,2,1,1,50.0
32,23,50,3,2,1,1,50.0
12,66,77,3,1,2,1,50.0
32,22,44,3,2,1,1,50.0
32,20,41,3,2,1,1,50.0
32,15,38,3,2,2,1,50.0
32,10,26,3,2,2,1,50.0
32,8,32,3,2,3,1,50.0
32,7,29,3,2,1,1,50.0
31,94,71,3,1,3,1,50.0
31,89,62,3,1,2,1,50.0
31,80,44,3,1,1,1,50.0
31,75,59,3,1,3,1,50.0
31,74,47,3,1,3,1,50.0
31,71,56,3,1,2,1,50.0
31,69,74,3,1,3,1,50.0
31,67,50,3,1,2,1,50.0
31,66,68,3,1,2,1,50.0
31,61,41,3,1,1,1,50.0
31,60,77,3,1,3,1,50.0
31,59,62,3,2,1,1,50.0
12,77,62,3,1,2,1,50.0
31,55,32,3,2,2,1,50.0
31,54,24,3,2,2,1,50.0
12,79,22,3,1,2,1,50.0
31,49,59,3,2,3,1,50.0
12,85,65,3,1,2,1,50.0
31,48,56,3,2,1,1,50.0
31,47,29,3,2,1,1,50.0
31,46,44,3,2,2,1,50.0
31,45,21,3,2,2,1,50.0
31,42,2,3,2,3,1,50.0
12,88,44,3,1,2,1,50.0
31,41,53,3,2,3,1,50.0
31,40,47,3,2,1,1,50.0
31,39,65,3,2,2,1,50.0
31,30,77,3,2,0,1,50.0
31,28,74,3,2,1,1,50.0
31,22,68,3,2,0,1,50.0
31,20,71,3,2,0,1,50.0
31,17,39,3,2,1,1,50.0
31,9,18,3,2,2,1,50.0
31,2,50,3,2,3,1,50.0
31,1,6,3,2,1,1,50.0
30,95,50,3,1,1,1,50.0
12,92,53,3,1,1,1,50.0
30,93,32,3,1,2,1,50.0
30,83,41,3,1,4,1,50.0
30,78,38,3,1,2,1,50.0
30,72,77,3,1,3,1,50.0
30,71,29,3,1,2,1,50.0
30,60,26,3,1,2,1,50.0
30,57,74,3,1,3,1,50.0
13,2,71,3,1,3,1,50.0
30,56,65,3,2,2,1,50.0
30,54,21,3,2,2,1,50.0
30,50,59,3,2,2,1,50.0
30,48,33,3,2,1,1,50.0
30,36,74,3,2,3,1,50.0
13,6,77,3,1,3,1,50.0
30,33,50,3,2,1,1,50.0
30,32,18,3,2,2,1,50.0
13,7,44,3,1,1,1,50.0
30,27,77,3,2,1,1,50.0
30,26,71,3,2,1,1,50.0
30,18,56,3,2,1,1,50.0
13,9,74,3,1,3,1,50.0
13,14,41,3,1,2,1,50.0
30,13,68,3,2,2,1,50.0
30,10,53,3,2,2,1,50.0
30,8,62,3,2,3,1,50.0
29,99,28,3,1,1,1,50.0
29,89,3,3,1,1,1,50.0
29,88,32,3,1,2,1,50.0
29,84,50,3,1,1,1,50.0
13,15,71,3,2,0,1,50.0
29,82,22,3,1,1,1,50.0
29,75,65,3,1,3,1,50.0
29,73,62,3,1,2,1,50.0
29,69,25,3,1,2,1,50.0
29,64,47,3,1,3,1,50.0
29,56,53,3,1,2,1,50.0
29,53,74,3,1,2,1,50.0
29,48,19,3,1,1,1,50.0
29,47,56,3,1,1,1,50.0
13,19,77,3,2,1,1,50.0
29,43,44,3,1,3,1,50.0
29,39,35,3,1,2,1,50.0
29,26,77,3,1,0,1,50.0
29,24,16,3,1,1,1,50.0
29,20,13,3,1,1,1,50.0
29,14,10,3,1,1,1,50.0
13,25,74,3,2,1,1,50.0
29,12,7,3,1,2,1,50.0
29,9,0,3,1,3,1,50.0
29,3,71,3,2,3,1,50.0
13,26,56,3,2,2,1,50.0
28,99,18,3,2,1,1,50.0
28,97,29,3,2,2,1,50.0
28,92,36,3,2,1,1,50.0
28,90,44,3,2,1,1,50.0
28,86,65,3,2,1,1,50.0
28,81,59,3,2,2,1,50.0
28,79,33,3,2,2,1,50.0
28,74,53,3,2,3,1,50.0
28,73,50,3,2,2,1,50.0
13,28,62,3,2,2,1,50.0
28,68,26,3,2,1,1,50.0
28,63,23,3,2,1,1,50.0
28,57,47,3,2,2,1,50.0
28,50,15,3,2,2,1,50.0
28,44,7,3,2,1,1,50.0
28,38,12,3,2,2,1,50.0
28,24,4,3,2,1,1,50.0
27,98,9,3,1,1,1,50.0
27,95,47,3,1,1,1,50.0
27,90,71,3,1,2,1,50.0
27,87,74,3,1,3,1,50.0
27,85,56,3,2,2,1,50.0
27,84,44,3,2,1,1,50.0
27,78,53,3,2,2,1,50.0
27,70,12,3,2,1,1,50.0
27,61,74,3,2,1,1,50.0
27,60,71,3,2,2,1,50.0
27,58,50,3,2,3,1,50.0
27,57,62,3,2,2,1,50.0
13,31,36,3,2,2,1,50.0
27,53,68,3,2,2,1,50.0
27,52,47,3,2,2,1,50.0
27,50,35,3,2,2,1,50.0
27,49,32,3,2,3,1,50.0
27,47,26,3,2,1,1,50.0
27,44,19,3,2,1,1,50.0
27,42,65,3,2,4,1,50.0
27,34,29,3,2,2,1,50.0
27,31,77,3,2,3,1,50.0
27,23,22,3,2,1,1,50.0
27,15,41,3,2,2,1,50.0
27,13,16,3,2,2,1,50.0
27,9,38,3,2,3,1,50.0
27,3,9,3,2,3,1,50.0
27,2,2,3,2,3,1,50.0
27,1,6,3,2,2,1,50.0
26,93,74,3,0,4,1,50.0
26,91,77,3,1,3,1,50.0
26,90,74,3,1,3,1,50.0
26,87,39,3,2,2,1,50.0
26,85,47,3,2,2,1,50.0
26,80,11,3,2,1,1,50.0
13,36,65,3,2,3,1,50.0
26,73,35,3,2,2,1,50.0
26,72,5,3,2,2,1,50.0
26,67,32,3,2,2,1,50.0
26,66,71,3,2,2,1,50.0
26,59,29,3,2,1,1,50.0
26,51,77,3,2,2,1,50.0
13,46,33,3,2,2,1,50.0
26,48,26,3,2,1,1,50.0
13,48,23,3,2,1,1,50.0
26,47,2,3,2,1,1,50.0
26,40,74,3,2,2,1,50.0
26,37,68,3,2,2,1,50.0
26,34,65,3,3,2,1,50.0
26,27,77,3,3,3,1,50.0
26,21,74,3,3,0,1,50.0
26,9,15,3,3,2,1,50.0
26,7,68,3,3,1,1,50.0
26,5,21,3,3,1,1,50.0
13,57,50,3,2,2,1,50.0
26,4,47,3,3,1,1,50.0
26,3,62,3,3,3,1,50.0
26,1,39,3,3,1,1,50.0
26,0,50,3,3,2,1,50.0
25,98,68,3,1,2,1,50.0
25,94,77,3,1,4,1,50.0
25,86,71,3,1,2,1,50.0
25,85,41,3,2,2,1,50.0
25,84,38,3,2,1,1,50.0
25,83,50,3,2,3,1,50.0
25,82,8,3,2,1,1,50.0
25,81,56,3,2,2,1,50.0
25,80,5,3,2,1,1,50.0
25,79,2,3,2,2,1,50.0
25,77,47,3,2,2,1,50.0
13,64,44,3,2,3,1,50.0
25,76,71,3,2,3,1,50.0
13,67,53,3,2,2,1,50.0
25,66,62,3,2,2,1,50.0
25,61,68,3,2,1,1,50.0
25,58,44,3,2,3,1,50.0
25,57,77,3,2,3,1,50.0
25,55,74,3,2,3,1,50.0
25,54,59,3,2,3,1,50.0
25,45,35,3,2,3,1,50.0
25,39,56,3,3,2,1,50.0
25,36,68,3,3,3,1,50.0
25,22,59,3,3,0,1,50.0
13,74,13,3,2,3,1,50.0
25,16,77,3,3,1,1,50.0
25,15,71,3,3,1,1,50.0
13,79,10,3,2,2,1,50.0
25,13,47,3,3,2,1,50.0
25,12,50,3,3,1,1,50.0
25,7,65,3,3,1,1,50.0
13,80,41,3,2,1,1,50.0
24,87,56,3,1,2,1,50.0
24,86,35,3,1,1,1,50.0
24,70,1,3,1,1,1,50.0
13,93,59,3,2,2,1,50.0
24,53,65,3,1,2,1,50.0
24,50,53,3,1,2,1,50.0
24,42,68,3,1,4,1,50.0
24,19,59,3,1,1,1,50.0
14,3,74,3,0,4,1,50.0
14,9,71,3,1,3,1,50.0
24,3,38,3,1,3,1,50.0
14,15,77,3,1,1,1,50.0
24,2,29,3,1,3,1,50.0
23,96,56,3,1,2,1,50.0
14,16,74,3,1,2,1,50.0
23,92,28,3,1,1,1,50.0
23,87,53,3,1,2,1,50.0
23,77,44,3,1,2,1,50.0
23,72,19,3,1,2,1,50.0
23,71,65,3,1,2,1,50.0
23,58,47,3,1,3,1,50.0
14,20,1,3,1,1,1,50.0
14,22,26,3,1,1,1,50.0
23,39,16,3,1,2,1,50.0
23,38,1,3,1,2,1,50.0
23,30,6,3,1,2,1,50.0
23,21,74,3,1,1,1,50.0
23,10,71,3,1,3,1,50.0
23,9,68,3,1,3,1,50.0
23,0,62,3,1,2,1,50.0
22,99,56,3,0,2,1,50.0
22,98,41,3,1,1,1,50.0
22,95,56,3,1,1,1,50.0
22,94,21,3,1,2,1,50.0
22,85,30,3,1,2,1,50.0
22,78,18,3,1,2,1,50.0
22,73,65,3,1,2,1,50.0
22,70,74,3,1,2,1,50.0
22,57,12,3,1,2,1,50.0
22,54,9,3,1,2,1,50.0
22,53,71,3,1,2,1,50.0
22,51,47,3,1,1,1,50.0
22,49,53,3,1,3,1,50.0
22,45,77,3,1,3,1,50.0
22,41,15,3,1,3,1,50.0
22,37,59,3,1,2,1,50.0
22,36,2,3,1,3,1,50.0
22,34,68,3,1,3,1,50.0
22,33,35,3,2,1,1,50.0
22,28,77,3,2,2,1,50.0
22,26,71,3,2,3,1,50.0
22,20,68,3,2,1,1,50.0
22,15,74,3,2,2,1,50.0
22,11,62,3,2,2,1,50.0
21,99,77,3,1,2,1,50.0
21,93,56,3,1,2,1,50.0
21,91,47,3,1,2,1,50.0
21,86,44,3,1,1,1,50.0
21,85,27,3,1,2,1,50.0
21,78,33,3,1,2,1,50.0
21,77,30,3,1,2,1,50.0
21,60,23,3,1,2,1,50.0
21,59,20,3,1,1,1,50.0
21,54,17,3,1,2,1,50.0
21,53,71,3,1,3,1,50.0
21,51,50,3,2,1,1,50.0
21,49,62,3,2,3,1,50.0
14,28,33,3,1,3,1,50.0
21,43,65,3,2,3,1,50.0
21,40,59,3,2,1,1,50.0
21,30,47,3,2,2,1,50.0
21,24,26,3,2,1,1,50.0
21,22,56,3,2,2,1,50.0
21,19,68,3,2,0,1,50.0
21,10,12,3,2,2,1,50.0
20,89,53,3,1,2,1,50.0
20,87,10,3,1,2,1,50.0
20,85,77,3,1,3,1,50.0
20,78,50,3,1,2,1,50.0
20,77,56,3,1,2,1,50.0
20,72,71,3,1,3,1,50.0
20,70,47,3,1,2,1,50.0
20,61,44,3,1,1,1,50.0
20,55,16,3,2,2,1,50.0
20,54,6,3,2,2,1,50.0
20,52,44,3,2,2,1,50.0
14,32,23,3,1,2,1,50.0
20,50,56,3,2,2,1,50.0
20,49,50,3,2,3,1,50.0
20,48,77,3,2,2,1,50.0
20,44,1,3,2,1,1,50.0
20,37,74,3,2,2,1,50.0
20,36,62,3,2,3,1,50.0
20,29,68,3,2,2,1,50.0
20,28,71,3,2,2,1,50.0
20,27,65,3,2,3,1,50.0
20,15,59,3,2,2,1,50.0
20,14,20,3,2,1,1,50.0
20,9,12,3,2,2,1,50.0
19,99,4,3,1,1,1,50.0
19,96,50,3,1,2,1,50.0
19,89,0,3,1,1,1,50.0
19,76,16,3,1,2,1,50.0
19,59,35,3,1,1,1,50.0
14,35,13,3,1,2,1,50.0
19,56,62,3,1,2,1,50.0
19,49,56,3,1,3,1,50.0
19,37,65,3,1,2,1,50.0
19,31,74,3,1,3,1,50.0
19,27,71,3,1,3,1,50.0
19,14,7,3,1,1,1,50.0
19,6,68,3,1,3,1,50.0
14,36,4,3,1,4,1,50.0
19,5,13,3,1,1,1,50.0
18,98,45,3,1,1,1,50.0
18,96,53,3,1,2,1,50.0
18,94,38,3,1,2,1,50.0
18,82,16,3,1,1,1,50.0
18,81,65,3,1,2,1,50.0
18,74,35,3,1,3,1,50.0
14,39,53,3,2,2,1,50.0
18,72,13,3,1,2,1,50.0
18,68,30,3,1,1,1,50.0
18,65,8,3,1,3,1,50.0
18,60,59,3,1,2,1,50.0
18,53,5,3,1,2,1,50.0
18,48,74,3,1,2,1,50.0
18,43,19,3,1,3,1,50.0
14,46,30,3,2,2,1,50.0
18,36,77,3,1,4,1,50.0
18,35,2,3,1,3,1,50.0
18,30,44,3,2,2,1,50.0
18,17,77,3,2,0,1,50.0
18,12,68,3,2,1,1,50.0
18,11,74,3,2,2,1,50.0
18,10,9,3,2,2,1,50.0
14,55,13,3,2,2,1,50.0
18,3,59,3,2,3,1,50.0
17,99,68,3,1,2,1,50.0
17,97,19,3,2,2,1,50.0
17,95,71,3,1,2,1,50.0
17,92,77,3,1,3,1,50.0
17,90,41,3,2,1,1,50.0
14,62,17,3,2,1,1,50.0
17,88,29,3,2,2,1,50.0
17,87,36,3,2,2,1,50.0
14,63,59,3,2,1,1,50.0
17,84,26,3,2,1,1,50.0
17,82,0,3,2,1,1,50.0
17,80,8,3,2,1,1,50.0
17,78,23,3,2,2,1,50.0
14,71,50,3,2,2,1,50.0
14,76,8,3,2,2,1,50.0
17,77,53,3,2,2,1,50.0
17,73,56,3,2,2,1,50.0
17,70,5,3,2,1,1,50.0
17,57,44,3,2,2,1,50.0
17,54,77,3,2,3,1,50.0
17,49,47,3,2,3,1,50.0
17,46,16,3,2,2,1,50.0
17,39,50,3,2,2,1,50.0
17,38,74,3,2,3,1,50.0
17,33,32,3,2,1,1,50.0
17,23,59,3,2,1,1,50.0
17,21,71,3,2,2,1,50.0
17,20,68,3,2,3,1,50.0
17,19,65,3,2,2,1,50.0
17,18,62,3,2,2,1,50.0
17,15,13,3,2,2,1,50.0
14,79,27,3,2,2,1,50.0
17,10,3,3,3,2,1,50.0
17,5,10,3,3,1,1,50.0
17,4,44,3,3,1,1,50.0
14,83,47,3,2,3,1,50.0
16,98,35,3,1,2,1,50.0
16,82,71,3,1,2,1,50.0
16,81,50,3,2,2,1,50.0
16,73,44,3,2,2,1,50.0
16,61,71,3,2,1,1,50.0
16,53,62,3,2,2,1,50.0
16,44,77,3,2,2,1,50.0
16,35,36,3,2,2,1,50.0
16,26,56,3,2,3,1,50.0
16,24,13,3,2,1,1,50.0
16,23,68,3,2,2,1,50.0
16,10,0,3,2,2,1,50.0
14,84,35,3,2,1,1,50.0
16,8,65,3,2,3,1,50.0
14,90,38,3,2,1,1,50.0
16,7,59,3,2,1,1,50.0
16,4,41,3,2,1,1,50.0
16,0,47,3,2,2,1,50.0
15,98,32,3,2,1,1,50.0
15,97,16,3,2,2,1,50.0
15,94,27,3,2,2,1,50.0
15,89,65,3,2,2,1,50.0
15,85,19,3,2,2,1,50.0
15,84,68,3,2,2,1,50.0
15,82,77,3,2,2,1,50.0
15,71,53,3,2,2,1,50.0
15,68,71,3,2,2,1,50.0
15,64,6,3,2,3,1,50.0
15,57,56,3,2,2,1,50.0
15,55,50,3,2,3,1,50.0
15,51,44,3,2,1,1,50.0
15,49,35,3,2,3,1,50.0
15,45,47,3,2,3,1,50.0
15,36,10,3,2,3,1,50.0
14,91,62,3,2,2,1,50.0
15,33,19,3,3,1,1,50.0
15,29,77,3,3,2,1,50.0
15,27,74,3,3,3,1,50.0
14,92,24,3,2,1,1,50.0
15,26,53,3,3,3,1,50.0
15,23,33,3,3,1,1,50.0
15,22,65,3,3,2,1,50.0
15,21,44,3,3,2,1,50.0
15,18,71,3,3,2,1,50.0
15,12,59,3,3,1,1,50.0
14,96,5,3,2,2,1,50.0
15,11,50,3,3,2,1,50.0
15,10,68,3,3,3,1,50.0
15,2,62,3,3,2,1,50.0
15,1,47,3,3,1,1,50.0
