0.0,0.0,0.0,0.0,0.0,0.0,0.0,0.0,0.0,0.0,0.0,0.0,0.0,0.0,0.0,0.0,0.0,86.0,0.0,0.0,0.0,0.0,0.0,0.0,0.0,0.0,125.0,0.0,0.0,0.0,50.0,0.0,0.0,0.0,20.0,0.0,0.0,0.0,41.0,0.0,478.0,0.0,0.0,68.0,0.0,0.0,0.0,107.0,0.0,0.0,0.0,26.0,352.0,0.0,0.0,0.0,0.0,0.0,2.0,0.0,0.0,0.0,0.0,137.0,0.0,0.0,0.0,0.0,0.0,0.0,24.5,0.0,0.0,0.0,0.0,0.0,33.5,0.0,0.0,0.0,0.0,0.0,0.0,0.0,0.0,0.0,0.0,0.0,0.0,0.0,0.0,0.0,0.0,0.0,0.0,0.0,0.0,0.0,0.0,0.0
0.0,0.0,0.0,442.0,102.5,62.0,90.5,0.0,418.0,0.0,0.0,0.0,0.0,120.5,20.0,0.0,45.5,0.0,318.0,29.0,99.5,87.5,0.0,35.0,50.0,0.0,448.0,105.5,26.0,59.0,50.0,99.5,0.0,0.0,50.0,0.0,51.5,110.0,0.0,0.0,83.0,0.0,116.0,0.0,60.5,71.0,32.0,0.0,105.5,9.5,0.0,0.0,354.0,47.0,0.0,0.0,0.0,33.5,0.0,6.5,89.0,92.0,132.5,0.0,0.0,0.0,12.5,0.0,18.5,0.0,48.5,95.0,0.0,0.0,412.0,0.0,0.0,78.5,48.5,0.0,478.0,392.0,11.0,38.0,0.0,20.0,0.0,0.0,62.0,62.0,53.0,5.0,0.0,56.0,32.0,0.0,6.5,0.0,132.5,105.5
71.0,0.0,0.0,0.0,0.0,0.0,0.0,0.0,0.0,69.5,0.0,0.0,84.5,35.0,0.0,0.0,0.0,0.0,9.5,123.5,0.0,0.0,0.0,0.0,3.5,12.5,0.0,0.0,0.0,0.0,0.0,0.0,54.5,126.5,0.0,0.0,111.5,96.5,0.0,0.0,102.5,0.0,96.5,0.0,18.5,0.0,470.0,47.0,105.5,0.0,0.0,41.0,81.5,0.0,36.5,81.5,0.0,0.0,0.0,0.0,0.0,0.0,53.0,0.0,0.0,0.0,77.0,0.0,0.0,0.0,0.0,0.0,0.0,140.0,0.0,0.0,90.5,0.0,0.0,0.0,113.0,0.0,0.0,0.0,0.0,84.5,68.0,0.0,0.0,84.5,0.0,0.0,15.5,0.0,0.0,380.0,0.0,117.5,114.5,0.0
0.0,0.0,0.0,0.0,0.0,0.0,68.0,456.0,0.0,23.0,0.0,96.5,0.0,0.0,0.0,0.0,0.0,340.0,0.0,0.0,0.0,0.0,0.0,0.0,71.0,0.0,65.0,0.0,0.0,33.5,83.0,0.0,0.0,0.0,348.0,32.0,0.0,0.0,57.5,0.0,89.0,86.0,0.0,0.0,0.0,102.5,68.0,27.5,117.5,111.5,104.0,0.0,42.5,0.0,75.5,0.0,0.0,0.0,0.0,12.5,0.0,0.0,0.0,0.0,438.0,3.5,141.5,0.0,0.0,0.0,24.5,2.0,0.0,0.0,39.5,113.0,0.0,0.0,0.0,0.0,78.5,0.0,0.0,0.0,0.0,74.0,0.0,50.0,0.0,446.0,354.0,41.0,68.0,38.0,38.0,75.5,0.0,0.0,452.0,0.0
59.0,0.0,462.0,12.5,0.0,8.0,0.0,44.0,119.0,20.0,3.5,5.0,107.0,98.0,0.0,89.0,0.0,71.0,140.0,44.0,44.0,29.0,33.5,116.0,66.5,120.5,0.0,0.0,129.5,113.0,96.5,51.5,68.0,60.5,11.0,14.0,78.5,71.0,45.5,57.5,36.5,114.5,146.0,45.5,23.0,0.0,138.5,93.5,0.0,33.5,78.5,65.0,44.0,78.5,111.5,11.0,0.0,86.0,0.0,56.0,35.0,54.5,74.0,35.0,72.5,0.0,57.5,69.5,90.5,21.5,68.0,110.0,0.0,17.0,86.0,123.5,54.5,45.5,36.5,0.0,56.0,454.0,454.0,92.0,0.0,0.0,38.0,68.0,45.5,77.0,39.5,89.0,116.0,370.0,80.0,51.5,0.0,96.5,53.0,104.0
446.0,0.0,0.0,0.0,0.0,0.0,0.0,0.0,119.0,0.0,0.0,68.0,0.0,0.0,366.0,32.0,54.5,78.5,0.0,0.0,0.0,23.0,0.0,0.0,0.0,0.0,0.0,0.0,0.0,0.0,0.0,0.0,0.0,0.0,0.0,0.0,0.0,0.0,65.0,117.5,38.0,0.0,0.0,0.0,0.0,0.0,0.0,0.0,0.0,0.0,0.0,0.0,0.0,0.0,98.0,0.0,0.0,120.5,0.0,38.0,0.0,0.0,0.0,59.0,0.0,83.0,0.0,0.0,0.0,0.0,0.0,0.0,141.5,27.5,0.0,20.0,454.0,0.0,42.5,0.0,119.0,33.5,0.0,0.0,0.0,0.0,0.0,0.0,39.5,0.0,62.0,68.0,0.0,95.0,45.5,0.0,0.0,0.0,0.0,0.0
0.0,110.0,0.0,0.0,0.0,72.5,0.0,0.0,0.0,0.0,126.5,84.5,0.0,78.5,0.0,0.0,101.0,29.0,81.5,0.0,0.0,0.0,23.0,0.0,0.0,0.0,80.0,0.0,0.0,0.0,131.0,36.5,442.0,54.5,0.0,74.0,8.0,0.0,0.0,0.0,0.0,0.0,59.0,0.0,0.0,0.0,45.5,0.0,0.0,23.0,0.0,0.0,0.0,0.0,0.0,29.0,0.0,0.0,113.0,0.0,0.0,48.5,75.5,0.0,38.0,0.0,0.0,0.0,0.0,0.0,51.5,0.0,0.0,0.0,0.0,0.0,0.0,0.0,131.0,0.0,0.0,74.0,86.0,0.0,0.0,111.5,0.0,384.0,74.0,382.0,86.0,15.5,113.0,0.0,80.0,80.0,0.0,448.0,110.0,0.0
15.5,0.0,0.0,78.5,38.0,113.0,66.5,0.0,0.0,0.0,0.0,47.0,0.0,26.0,75.5,0.0,0.0,0.0,80.0,0.0,0.0,33.5,0.0,0.0,75.5,59.0,0.0,56.0,0.0,0.0,141.5,0.0,0.0,0.0,0.0,74.0,0.0,0.0,0.0,0.0,20.0,0.0,312.0,0.0,20.0,0.0,0.0,126.5,0.0,0.0,0.0,0.0,36.5,56.0,54.5,8.0,57.5,0.0,36.5,0.0,0.0,388.0,0.0,42.5,0.0,0.0,8.0,50.0,0.0,0.0,54.5,0.0,0.0,0.0,0.0,107.0,0.0,134.0,0.0,0.0,128.0,0.0,0.0,12.5,0.0,126.5,57.5,65.0,101.0,0.0,92.0,0.0,462.0,0.0,0.0,0.0,0.0,20.0,0.0,336.0
0.0,0.0,36.5,0.0,96.5,0.0,0.0,0.0,0.0,48.5,57.5,0.0,29.0,0.0,0.0,0.0,0.0,27.5,0.0,0.0,95.0,0.0,0.0,0.0,0.0,0.0,0.0,0.0,0.0,27.5,9.5,18.5,0.0,0.0,27.5,35.0,0.0,0.0,0.0,41.0,84.5,0.0,0.0,0.0,0.0,75.5,0.0,18.5,122.0,0.0,0.0,0.0,0.0,0.0,0.0,0.0,56.0,0.0,0.0,117.5,102.5,0.0,0.0,0.0,0.0,0.0,0.0,0.0,0.0,392.0,83.0,0.0,0.0,77.0,98.0,83.0,0.0,0.0,138.5,0.0,0.0,0.0,0.0,0.0,396.0,0.0,99.5,0.0,0.0,0.0,0.0,0.0,8.0,0.0,41.0,17.0,0.0,0.0,48.5,0.0
442.0,62.0,51.5,11.0,75.5,0.0,15.5,63.5,42.5,0.0,90.5,62.0,135.5,35.0,84.5,134.0,56.0,125.0,0.0,27.5,65.0,69.5,12.5,83.0,9.5,125.0,83.0,98.0,0.0,53.0,32.0,95.0,93.5,44.0,138.5,66.5,26.0,348.0,32.0,0.0,72.5,26.0,110.0,113.0,33.5,59.0,20.0,18.5,33.5,44.0,53.0,51.5,72.5,8.0,27.5,90.5,356.0,6.5,14.0,50.0,14.0,90.5,93.5,50.0,66.5,476.0,32.0,41.0,51.5,32.0,12.5,418.0,27.5,6.5,0.0,44.0,77.0,408.0,0.0,33.5,65.0,71.0,87.5,15.5,9.5,0.0,77.0,33.5,72.5,21.5,47.0,63.5,41.0,68.0,2.0,26.0,90.5,90.5,81.5,56.0
0.0,0.0,0.0,0.0,0.0,92.0,0.0,0.0,0.0,0.0,0.0,0.0,56.0,0.0,36.5,0.0,0.0,0.0,0.0,0.0,0.0,0.0,0.0,0.0,0.0,438.0,0.0,0.0,478.0,0.0,0.0,0.0,0.0,0.0,0.0,0.0,0.0,0.0,0.0,0.0,0.0,63.5,0.0,0.0,0.0,0.0,114.5,0.0,75.5,0.0,0.0,53.0,0.0,98.0,0.0,0.0,0.0,0.0,0.0,0.0,143.0,11.0,0.0,0.0,0.0,0.0,0.0,412.0,0.0,0.0,0.0,0.0,0.0,0.0,5.0,0.0,0.0,0.0,0.0,0.0,0.0,111.5,0.0,87.5,0.0,0.0,38.0,0.0,0.0,0.0,0.0,0.0,0.0,0.0,24.5,0.0,0.0,0.0,0.0,0.0
24.5,45.5,0.0,458.0,406.0,96.5,42.5,0.0,128.0,18.5,36.5,0.0,358.0,63.5,0.0,26.0,66.5,96.5,54.5,0.0,350.0,51.5,0.0,39.5,0.0,147.5,0.0,474.0,6.5,74.0,122.0,54.5,86.0,444.0,14.0,0.0,0.0,54.5,0.0,59.0,54.5,0.0,0.0,0.0,122.0,0.0,60.5,51.5,98.0,69.5,39.5,5.0,102.5,24.5,101.0,17.0,77.0,0.0,0.0,33.5,72.5,27.5,63.5,105.5,5.0,23.0,54.5,0.0,36.5,0.0,63.5,0.0,45.5,30.5,20.0,12.5,62.0,354.0,71.0,98.0,78.5,36.5,84.5,35.0,0.0,20.0,114.5,99.5,0.0,0.0,35.0,89.0,328.0,5.0,23.0,60.5,0.0,126.5,68.0,0.0
89.0,71.0,0.0,0.0,92.0,137.0,72.5,105.5,24.5,5.0,44.0,72.5,0.0,0.0,26.0,90.5,38.0,15.5,60.5,119.0,15.5,50.0,59.0,95.0,15.5,83.0,14.0,0.0,0.0,65.0,32.0,87.5,66.5,120.5,0.0,0.0,75.5,41.0,84.5,9.5,384.0,77.0,75.5,56.0,398.0,0.0,90.5,41.0,344.0,0.0,394.0,129.5,14.0,18.5,48.5,412.0,51.5,17.0,27.5,0.0,96.5,0.0,99.5,29.0,0.0,42.5,68.0,36.5,80.0,78.5,0.0,8.0,24.5,14.0,81.5,0.0,56.0,101.0,131.0,126.5,144.5,26.0,51.5,48.5,0.0,84.5,32.0,15.5,23.0,81.5,90.5,63.5,0.0,56.0,36.5,41.0,23.0,0.0,138.5,90.5
104.0,41.0,39.5,6.5,0.0,408.0,38.0,0.0,0.0,119.0,17.0,44.0,89.0,0.0,63.5,5.0,80.0,89.0,27.5,125.0,129.5,45.5,35.0,336.0,60.5,24.5,90.5,44.0,39.5,44.0,20.0,14.0,77.0,78.5,69.5,81.5,35.0,0.0,75.5,53.0,50.0,50.0,422.0,83.0,0.0,78.5,42.5,59.0,59.0,122.0,47.0,444.0,83.0,86.0,0.0,20.0,0.0,0.0,17.0,0.0,117.5,24.5,81.5,132.5,83.0,62.0,72.5,0.0,108.5,14.0,116.0,17.0,466.0,90.5,41.0,0.0,36.5,0.0,376.0,0.0,59.0,35.0,131.0,98.0,0.0,38.0,0.0,9.5,360.0,38.0,63.5,402.0,0.0,51.5,47.0,110.0,420.0,0.0,332.0,90.5
442.0,0.0,48.5,146.0,468.0,2.0,47.0,42.5,102.5,0.0,110.0,17.0,0.0,57.5,0.0,35.0,57.5,0.0,27.5,144.5,394.0,20.0,0.0,12.5,62.0,0.0,0.0,24.5,107.0,0.0,80.0,116.0,0.0,59.0,84.5,57.5,0.0,0.0,62.0,20.0,111.5,56.0,95.0,60.5,59.0,41.0,93.5,0.0,6.5,14.0,60.5,50.0,8.0,0.0,90.5,414.0,0.0,90.5,77.0,11.0,69.5,39.5,41.0,125.0,80.0,0.0,69.5,113.0,466.0,98.0,39.5,92.0,66.5,50.0,62.0,90.5,47.0,41.0,69.5,56.0,86.0,78.5,29.0,74.0,41.0,14.0,57.5,0.0,90.5,65.0,0.0,15.5,77.0,75.5,71.0,66.5,0.0,0.0,29.0,0.0
0.0,416.0,0.0,92.0,0.0,0.0,8.0,50.0,54.5,38.0,21.5,0.0,56.0,47.0,51.5,0.0,78.5,0.0,21.5,71.0,0.0,0.0,0.0,0.0,12.5,0.0,0.0,108.5,482.0,0.0,39.5,77.0,0.0,0.0,26.0,0.0,5.0,0.0,0.0,50.0,18.5,33.5,356.0,74.0,0.0,84.5,38.0,0.0,0.0,15.5,54.5,404.0,0.0,105.5,0.0,0.0,53.0,35.0,0.0,0.0,0.0,0.0,0.0,428.0,89.0,0.0,29.0,0.0,87.5,101.0,38.0,0.0,51.5,80.0,41.0,0.0,0.0,51.5,78.5,364.0,0.0,418.0,0.0,18.5,0.0,69.5,87.5,0.0,474.0,24.5,69.5,59.0,0.0,0.0,33.5,0.0,93.5,38.0,486.0,65.0
50.0,105.5,342.0,57.5,98.0,372.0,35.0,410.0,54.5,57.5,386.0,129.5,80.0,56.0,47.0,15.5,0.0,81.5,78.5,114.5,108.5,420.0,96.5,128.0,111.5,56.0,5.0,370.0,53.0,45.5,50.0,114.5,33.5,48.5,36.5,50.0,122.0,36.5,90.5,144.5,410.0,24.5,48.5,57.5,3.5,56.0,117.5,45.5,44.0,0.0,75.5,358.0,50.0,92.0,87.5,14.0,144.5,334.0,390.0,56.0,119.0,29.0,56.0,392.0,62.0,59.0,81.5,30.5,53.0,32.0,141.5,0.0,60.5,69.5,80.0,95.0,5.0,86.0,72.5,42.5,57.5,0.0,50.0,98.0,15.5,8.0,38.0,0.0,122.0,23.0,8.0,0.0,442.0,101.0,35.0,66.5,98.0,77.0,27.5,101.0
62.0,59.0,66.5,400.0,0.0,83.0,8.0,0.0,45.5,41.0,0.0,0.0,0.0,0.0,110.0,48.5,0.0,0.0,74.0,0.0,0.0,390.0,81.5,65.0,138.5,390.0,23.0,54.5,0.0,0.0,360.0,86.0,104.0,129.5,15.5,0.0,84.5,81.5,0.0,62.0,84.5,86.0,0.0,0.0,92.0,17.0,125.0,21.5,0.0,41.0,33.5,90.5,18.5,12.5,36.5,39.5,0.0,30.5,0.0,83.0,0.0,68.0,60.5,0.0,75.5,50.0,63.5,33.5,89.0,0.0,63.5,84.5,486.0,62.0,50.0,50.0,0.0,0.0,24.5,0.0,0.0,114.5,35.0,42.5,117.5,21.5,59.0,38.0,132.5,81.5,30.5,57.5,0.0,68.0,3.5,111.5,27.5,65.0,440.0,0.0
0.0,39.5,0.0,0.0,0.0,0.0,0.0,0.0,30.5,138.5,0.0,0.0,99.5,0.0,0.0,0.0,35.0,0.0,0.0,27.5,0.0,0.0,376.0,0.0,0.0,434.0,38.0,432.0,0.0,384.0,71.0,3.5,0.0,96.5,0.0,0.0,0.0,0.0,0.0,0.0,0.0,0.0,56.0,26.0,0.0,0.0,0.0,0.0,0.0,0.0,41.0,0.0,456.0,27.5,101.0,0.0,0.0,0.0,69.5,18.5,27.5,0.0,0.0,0.0,0.0,62.0,0.0,0.0,0.0,0.0,0.0,0.0,51.5,69.5,0.0,376.0,11.0,12.5,0.0,0.0,0.0,0.0,0.0,54.5,0.0,44.0,0.0,72.5,0.0,0.0,65.0,3.5,141.5,0.0,45.5,0.0,63.5,36.5,0.0,86.0
114.5,80.0,74.0,42.5,32.0,0.0,141.5,408.0,47.0,105.5,123.5,20.0,87.5,104.0,50.0,50.0,14.0,404.0,6.5,0.0,24.5,20.0,86.0,53.0,117.5,54.5,86.0,29.0,456.0,65.0,50.0,51.5,65.0,38.0,0.0,98.0,44.0,81.5,102.5,96.5,95.0,33.5,53.0,21.5,21.5,24.5,426.0,57.5,30.5,65.0,20.0,20.0,123.5,24.5,86.0,38.0,72.5,26.0,86.0,92.0,390.0,66.5,119.0,107.0,44.0,15.5,322.0,23.0,11.0,59.0,83.0,54.5,41.0,75.5,131.0,0.0,119.0,71.0,11.0,44.0,77.0,98.0,430.0,62.0,81.5,5.0,62.0,418.0,59.0,77.0,0.0,81.5,81.5,57.5,17.0,66.5,36.5,62.0,83.0,2.0
386.0,0.0,77.0,143.0,41.0,62.0,84.5,0.0,128.0,120.5,15.5,0.0,87.5,0.0,66.5,0.0,0.0,0.0,69.5,0.0,0.0,0.0,0.0,78.5,131.0,0.0,0.0,95.0,44.0,0.0,59.0,101.0,68.0,0.0,458.0,99.5,48.5,452.0,122.0,65.0,0.0,45.5,17.0,35.0,72.5,0.0,0.0,60.5,0.0,60.5,0.0,0.0,54.5,54.5,0.0,108.5,0.0,77.0,0.0,0.0,69.5,119.0,0.0,0.0,24.5,92.0,0.0,17.0,53.0,0.0,0.0,17.0,30.5,48.5,0.0,0.0,137.0,71.0,0.0,11.0,0.0,116.0,89.0,5.0,57.5,39.5,29.0,128.0,114.5,41.0,78.5,53.0,45.5,33.5,59.0,81.5,113.0,51.5,30.5,0.0
117.5,0.0,336.0,50.0,0.0,53.0,68.0,0.0,65.0,0.0,2.0,0.0,372.0,105.5,39.5,482.0,119.0,0.0,102.5,11.0,134.0,0.0,56.0,0.0,17.0,83.0,47.0,93.5,50.0,74.0,84.5,122.0,416.0,408.0,62.0,42.5,135.5,66.5,15.5,78.5,54.5,0.0,75.5,78.5,62.0,90.5,59.0,11.0,74.0,32.0,45.5,42.5,0.0,68.0,388.0,420.0,418.0,134.0,132.5,18.5,116.0,26.0,53.0,0.0,0.0,44.0,0.0,66.5,3.5,50.0,12.5,81.5,93.5,86.0,54.5,126.5,80.0,0.0,0.0,0.0,6.5,44.0,59.0,0.0,0.0,53.0,0.0,0.0,71.0,404.0,0.0,56.0,69.5,450.0,15.5,0.0,111.5,430.0,23.0,131.0
24.5,0.0,0.0,134.0,0.0,8.0,30.5,468.0,47.0,104.0,26.0,0.0,45.5,47.0,119.0,482.0,111.5,44.0,116.0,0.0,27.5,20.0,0.0,304.0,48.5,114.5,17.0,0.0,77.0,0.0,0.0,0.0,0.0,63.5,41.0,131.0,0.0,29.0,0.0,108.5,0.0,0.0,0.0,0.0,0.0,74.0,47.0,8.0,0.0,77.0,75.5,0.0,122.0,344.0,344.0,32.0,0.0,57.5,45.5,8.0,65.0,17.0,0.0,108.5,87.5,410.0,51.5,90.5,54.5,434.0,72.5,84.5,20.0,8.0,382.0,0.0,5.0,20.0,140.0,33.5,108.5,83.0,14.0,3.5,84.5,422.0,36.5,62.0,57.5,54.5,42.5,12.5,0.0,113.0,0.0,107.0,424.0,84.5,0.0,99.5
0.0,0.0,0.0,0.0,0.0,23.0,0.0,14.0,0.0,0.0,75.5,60.5,21.5,0.0,59.0,0.0,380.0,0.0,0.0,362.0,113.0,0.0,0.0,0.0,0.0,0.0,80.0,0.0,0.0,29.0,33.5,0.0,18.5,0.0,0.0,0.0,0.0,0.0,0.0,102.5,0.0,0.0,0.0,54.5,65.0,0.0,98.0,0.0,50.0,0.0,0.0,0.0,0.0,0.0,0.0,0.0,90.5,33.5,78.5,0.0,0.0,0.0,0.0,0.0,384.0,86.0,0.0,0.0,0.0,0.0,0.0,0.0,0.0,0.0,0.0,0.0,0.0,0.0,0.0,0.0,98.0,0.0,0.0,0.0,15.5,0.0,0.0,0.0,0.0,29.0,0.0,81.5,0.0,0.0,0.0,0.0,0.0,0.0,26.0,0.0
0.0,11.0,0.0,0.0,54.5,0.0,96.5,111.5,0.0,0.0,0.0,29.0,0.0,0.0,0.0,71.0,14.0,0.0,0.0,0.0,18.5,18.5,0.0,0.0,0.0,83.0,0.0,23.0,0.0,0.0,0.0,0.0,0.0,0.0,0.0,113.0,0.0,0.0,90.5,63.5,17.0,0.0,0.0,478.0,0.0,0.0,0.0,0.0,12.5,0.0,95.0,0.0,3.5,0.0,21.5,0.0,0.0,0.0,45.5,432.0,0.0,356.0,56.0,114.5,0.0,107.0,90.5,99.5,39.5,83.0,440.0,129.5,0.0,0.0,0.0,0.0,0.0,0.0,0.0,80.0,0.0,48.5,346.0,0.0,370.0,24.5,0.0,0.0,87.5,0.0,57.5,71.0,0.0,14.0,66.5,0.0,0.0,66.5,72.5,0.0
0.0,54.5,0.0,32.0,44.0,0.0,0.0,56.0,62.0,39.5,113.0,0.0,0.0,93.5,92.0,35.0,50.0,57.5,21.5,0.0,114.5,86.0,32.0,0.0,0.0,0.0,0.0,44.0,111.5,0.0,6.5,27.5,38.0,0.0,44.0,0.0,11.0,352.0,63.5,125.0,384.0,23.0,0.0,0.0,72.5,0.0,0.0,41.0,119.0,104.0,42.5,47.0,111.5,74.0,0.0,0.0,50.0,0.0,0.0,0.0,66.5,68.0,0.0,75.5,131.0,0.0,0.0,404.0,412.0,126.5,0.0,44.0,83.0,44.0,66.5,18.5,0.0,0.0,8.0,125.0,0.0,93.5,90.5,12.5,24.5,410.0,32.0,0.0,0.0,0.0,87.5,116.0,0.0,372.0,0.0,93.5,86.0,60.5,0.0,41.0
0.0,83.0,0.0,0.0,0.0,126.5,32.0,396.0,0.0,0.0,14.0,0.0,56.0,0.0,0.0,0.0,0.0,0.0,0.0,18.5,0.0,0.0,0.0,29.0,0.0,0.0,0.0,0.0,0.0,27.5,86.0,0.0,11.0,0.0,9.5,0.0,0.0,137.0,41.0,29.0,0.0,0.0,0.0,0.0,0.0,0.0,105.5,132.5,356.0,0.0,0.0,0.0,0.0,131.0,0.0,87.5,39.5,0.0,0.0,0.0,0.0,26.0,59.0,0.0,0.0,0.0,0.0,0.0,0.0,33.5,47.0,83.0,0.0,0.0,32.0,0.0,62.0,0.0,0.0,0.0,0.0,0.0,426.0,0.0,0.0,0.0,38.0,0.0,147.5,0.0,65.0,104.0,0.0,0.0,0.0,0.0,23.0,45.5,87.5,71.0
0.0,0.0,0.0,0.0,87.5,0.0,98.0,18.5,412.0,36.5,0.0,0.0,0.0,0.0,102.5,0.0,74.0,0.0,62.0,90.5,18.5,0.0,134.0,15.5,0.0,5.0,71.0,0.0,83.0,0.0,60.5,0.0,0.0,12.5,105.5,0.0,27.5,474.0,382.0,0.0,0.0,78.5,0.0,0.0,0.0,125.0,57.5,0.0,119.0,0.0,102.5,0.0,0.0,74.0,0.0,5.0,0.0,74.0,346.0,0.0,23.0,131.0,50.0,89.0,0.0,2.0,77.0,0.0,372.0,111.5,20.0,0.0,18.5,0.0,56.0,456.0,0.0,29.0,126.5,51.5,102.5,66.5,9.5,9.5,5.0,0.0,116.0,0.0,56.0,0.0,0.0,0.0,0.0,0.0,0.0,60.5,38.0,104.0,62.0,0.0
15.5,0.0,47.0,0.0,101.0,0.0,0.0,0.0,0.0,0.0,0.0,0.0,0.0,0.0,0.0,0.0,0.0,0.0,122.0,30.5,57.5,0.0,0.0,0.0,0.0,101.0,0.0,27.5,0.0,0.0,0.0,23.0,0.0,0.0,368.0,0.0,0.0,0.0,0.0,6.5,0.0,0.0,77.0,44.0,0.0,84.5,24.5,0.0,0.0,0.0,0.0,36.5,0.0,0.0,0.0,0.0,3.5,128.0,0.0,0.0,0.0,0.0,0.0,42.5,0.0,0.0,388.0,0.0,0.0,0.0,42.5,41.0,0.0,0.0,0.0,96.5,0.0,0.0,0.0,126.5,0.0,99.5,0.0,0.0,0.0,0.0,0.0,0.0,0.0,0.0,0.0,0.0,0.0,0.0,0.0,0.0,0.0,26.0,137.0,460.0
0.0,0.0,0.0,0.0,0.0,0.0,0.0,0.0,0.0,0.0,0.0,84.5,0.0,0.0,0.0,0.0,0.0,74.0,0.0,0.0,111.5,0.0,0.0,0.0,0.0,0.0,78.5,0.0,0.0,0.0,48.5,108.5,0.0,0.0,0.0,344.0,50.0,75.5,0.0,95.0,0.0,17.0,0.0,0.0,0.0,0.0,0.0,0.0,0.0,77.0,0.0,0.0,110.0,0.0,0.0,50.0,0.0,128.0,128.0,0.0,0.0,0.0,17.0,0.0,0.0,5.0,89.0,74.0,41.0,48.5,66.5,0.0,0.0,0.0,0.0,0.0,0.0,0.0,0.0,0.0,0.0,72.5,0.0,38.0,0.0,0.0,0.0,117.5,0.0,0.0,0.0,0.0,0.0,0.0,0.0,0.0,0.0,119.0,0.0,0.0
0.0,0.0,0.0,0.0,0.0,29.0,0.0,0.0,0.0,48.5,0.0,87.5,0.0,0.0,0.0,0.0,0.0,0.0,0.0,0.0,0.0,44.0,41.0,0.0,410.0,38.0,63.5,0.0,0.0,0.0,0.0,26.0,0.0,0.0,0.0,26.0,418.0,0.0,0.0,0.0,0.0,78.5,0.0,0.0,0.0,0.0,0.0,0.0,0.0,35.0,0.0,0.0,0.0,107.0,57.5,0.0,0.0,32.0,0.0,0.0,0.0,11.0,0.0,0.0,0.0,0.0,0.0,0.0,105.5,0.0,0.0,0.0,0.0,0.0,0.0,0.0,0.0,60.5,59.0,0.0,0.0,74.0,0.0,36.5,0.0,0.0,0.0,72.5,0.0,0.0,105.5,0.0,0.0,44.0,0.0,0.0,89.0,0.0,0.0,87.5
0.0,86.0,65.0,0.0,114.5,27.5,35.0,0.0,89.0,39.5,0.0,11.0,66.5,51.5,0.0,65.0,114.5,0.0,0.0,0.0,84.5,17.0,66.5,0.0,0.0,0.0,0.0,8.0,120.5,0.0,27.5,0.0,0.0,66.5,45.5,63.5,0.0,0.0,0.0,105.5,0.0,45.5,8.0,36.5,125.0,0.0,47.0,0.0,0.0,0.0,0.0,0.0,414.0,0.0,56.0,75.5,77.0,402.0,27.5,48.5,0.0,0.0,416.0,65.0,89.0,53.0,59.0,50.0,376.0,0.0,0.0,390.0,0.0,0.0,27.5,0.0,80.0,62.0,0.0,0.0,0.0,414.0,0.0,87.5,0.0,0.0,0.0,57.5,113.0,0.0,428.0,68.0,20.0,78.5,80.0,0.0,32.0,0.0,418.0,17.0
362.0,0.0,0.0,0.0,54.5,0.0,24.5,24.5,0.0,0.0,0.0,50.0,0.0,0.0,17.0,0.0,18.5,0.0,0.0,0.0,384.0,0.0,0.0,0.0,0.0,0.0,0.0,0.0,0.0,0.0,0.0,0.0,0.0,0.0,62.0,0.0,68.0,366.0,0.0,81.5,0.0,0.0,0.0,74.0,60.5,87.5,68.0,0.0,36.5,0.0,60.5,56.0,0.0,0.0,0.0,0.0,75.5,98.0,0.0,0.0,0.0,30.5,42.5,0.0,0.0,54.5,21.5,0.0,0.0,75.5,0.0,0.0,0.0,21.5,342.0,0.0,0.0,0.0,0.0,0.0,0.0,86.0,0.0,0.0,0.0,0.0,0.0,0.0,0.0,0.0,0.0,0.0,0.0,0.0,68.0,0.0,65.0,0.0,56.0,96.5
20.0,6.5,101.0,116.0,29.0,50.0,0.0,93.5,426.0,32.0,42.5,36.5,60.5,0.0,0.0,11.0,0.0,6.5,117.5,26.0,66.5,117.5,117.5,105.5,0.0,9.5,424.0,110.0,39.5,448.0,78.5,15.5,50.0,0.0,0.0,41.0,422.0,24.5,75.5,72.5,50.0,48.5,39.5,368.0,12.5,72.5,0.0,30.5,63.5,0.0,92.0,26.0,92.0,9.5,0.0,27.5,54.5,69.5,56.0,0.0,12.5,382.0,0.0,68.0,20.0,54.5,116.0,60.5,38.0,66.5,24.5,95.0,68.0,38.0,23.0,0.0,69.5,0.0,41.0,0.0,60.5,63.5,122.0,98.0,54.5,11.0,418.0,44.0,0.0,30.5,50.0,33.5,0.0,424.0,120.5,32.0,0.0,30.5,0.0,0.0
92.0,9.5,30.5,0.0,0.0,60.5,0.0,0.0,0.0,0.0,5.0,98.0,17.0,50.0,89.0,24.5,20.0,0.0,3.5,72.5,0.0,56.0,78.5,48.5,0.0,57.5,102.5,0.0,93.5,117.5,0.0,87.5,0.0,87.5,0.0,68.0,392.0,26.0,17.0,0.0,0.0,66.5,0.0,8.0,75.5,0.0,0.0,0.0,5.0,0.0,47.0,95.0,0.0,0.0,0.0,0.0,360.0,0.0,62.0,65.0,48.5,143.0,0.0,30.5,344.0,436.0,0.0,0.0,0.0,0.0,53.0,0.0,0.0,41.0,146.0,0.0,45.5,96.5,0.0,45.5,0.0,35.0,0.0,0.0,65.0,0.0,5.0,0.0,0.0,8.0,0.0,78.5,0.0,26.0,32.0,57.5,131.0,71.0,83.0,11.0
26.0,0.0,0.0,50.0,54.5,62.0,6.5,360.0,0.0,0.0,80.0,96.5,0.0,23.0,0.0,0.0,47.0,0.0,116.0,29.0,42.5,416.0,21.5,45.5,29.0,102.5,0.0,376.0,48.5,95.0,0.0,35.0,0.0,110.0,105.5,0.0,39.5,71.0,20.0,50.0,14.0,9.5,0.0,20.0,392.0,0.0,102.5,119.0,0.0,93.5,0.0,63.5,12.5,66.5,92.0,92.0,69.5,21.5,0.0,20.0,114.5,38.0,0.0,3.5,2.0,12.5,0.0,89.0,69.5,0.0,5.0,0.0,23.0,89.0,63.5,0.0,9.5,66.5,24.5,0.0,59.0,440.0,59.0,131.0,0.0,50.0,23.0,105.5,114.5,84.5,0.0,60.5,48.5,21.5,74.0,0.0,12.5,83.0,0.0,149.0
60.5,81.5,0.0,30.5,69.5,66.5,29.0,110.0,2.0,0.0,129.5,134.0,75.5,3.5,8.0,15.5,24.5,12.5,69.5,11.0,11.0,458.0,466.0,2.0,54.5,53.0,18.5,47.0,0.0,62.0,75.5,122.0,0.0,47.0,116.0,462.0,0.0,75.5,42.5,0.0,108.5,129.5,39.5,5.0,60.5,0.0,129.5,111.5,114.5,11.0,75.5,444.0,104.0,0.0,12.5,129.5,54.5,74.0,54.5,98.0,50.0,123.5,53.0,23.0,102.5,26.0,0.0,65.0,71.0,51.5,90.5,77.0,110.0,8.0,438.0,33.5,48.5,78.5,47.0,80.0,126.5,93.5,420.0,15.5,57.5,75.5,75.5,60.5,14.0,0.0,120.5,44.0,54.5,32.0,36.5,24.5,74.0,107.0,29.0,51.5
41.0,20.0,0.0,0.0,434.0,0.0,0.0,0.0,0.0,0.0,2.0,0.0,0.0,12.5,490.0,0.0,0.0,0.0,0.0,0.0,0.0,0.0,0.0,0.0,0.0,113.0,38.0,0.0,338.0,0.0,0.0,0.0,45.5,35.0,53.0,0.0,0.0,0.0,60.5,71.0,0.0,0.0,0.0,0.0,0.0,111.5,68.0,0.0,0.0,0.0,0.0,0.0,0.0,392.0,0.0,0.0,0.0,0.0,132.5,0.0,0.0,0.0,78.5,0.0,0.0,66.5,57.5,59.0,0.0,35.0,0.0,78.5,0.0,0.0,0.0,0.0,0.0,60.5,0.0,21.5,0.0,72.5,0.0,0.0,0.0,0.0,0.0,0.0,0.0,0.0,0.0,0.0,0.0,0.0,0.0,0.0,71.0,0.0,0.0,0.0
0.0,0.0,0.0,0.0,0.0,0.0,0.0,0.0,0.0,0.0,0.0,0.0,0.0,0.0,0.0,0.0,0.0,0.0,44.0,0.0,0.0,0.0,0.0,38.0,0.0,23.0,0.0,0.0,38.0,0.0,0.0,0.0,29.0,0.0,0.0,0.0,0.0,0.0,0.0,86.0,0.0,0.0,0.0,0.0,386.0,0.0,0.0,0.0,143.0,60.5,5.0,0.0,0.0,0.0,77.0,0.0,0.0,0.0,0.0,0.0,0.0,0.0,0.0,11.0,0.0,62.0,107.0,5.0,0.0,0.0,0.0,374.0,0.0,0.0,0.0,404.0,0.0,0.0,0.0,0.0,110.0,0.0,0.0,0.0,0.0,0.0,27.5,0.0,0.0,332.0,0.0,0.0,0.0,0.0,0.0,0.0,0.0,117.5,0.0,0.0
68.0,0.0,0.0,44.0,41.0,0.0,0.0,0.0,404.0,0.0,0.0,440.0,0.0,83.0,0.0,39.5,0.0,0.0,0.0,0.0,0.0,0.0,0.0,0.0,0.0,0.0,0.0,0.0,0.0,63.5,0.0,62.0,0.0,23.0,108.5,0.0,0.0,0.0,65.0,0.0,380.0,104.0,366.0,0.0,0.0,0.0,62.0,83.0,0.0,117.5,0.0,36.5,47.0,0.0,0.0,38.0,27.5,0.0,0.0,104.0,0.0,0.0,0.0,0.0,0.0,47.0,86.0,0.0,0.0,9.5,0.0,0.0,0.0,68.0,0.0,0.0,0.0,15.5,0.0,0.0,0.0,0.0,0.0,83.0,382.0,0.0,0.0,0.0,21.5,0.0,0.0,33.5,0.0,89.0,0.0,0.0,0.0,0.0,0.0,0.0
54.5,0.0,0.0,119.0,0.0,0.0,0.0,0.0,0.0,0.0,0.0,0.0,0.0,86.0,0.0,53.0,0.0,0.0,0.0,0.0,99.5,0.0,0.0,0.0,0.0,0.0,0.0,0.0,0.0,0.0,35.0,0.0,0.0,0.0,0.0,0.0,0.0,0.0,0.0,123.5,0.0,0.0,0.0,21.5,0.0,0.0,0.0,0.0,98.0,0.0,0.0,0.0,15.5,0.0,0.0,0.0,0.0,0.0,0.0,0.0,0.0,26.0,0.0,0.0,0.0,0.0,0.0,0.0,0.0,0.0,48.5,0.0,45.5,0.0,0.0,0.0,0.0,0.0,0.0,0.0,0.0,0.0,0.0,0.0,0.0,0.0,0.0,0.0,111.5,0.0,0.0,0.0,0.0,0.0,0.0,0.0,0.0,0.0,0.0,0.0
0.0,14.0,56.0,376.0,96.5,17.0,99.5,0.0,0.0,77.0,0.0,0.0,348.0,0.0,30.5,56.0,0.0,80.0,0.0,0.0,0.0,77.0,3.5,0.0,9.5,0.0,41.0,0.0,0.0,0.0,110.0,0.0,35.0,0.0,488.0,0.0,0.0,0.0,35.0,42.5,56.0,0.0,53.0,0.0,0.0,0.0,80.0,0.0,0.0,38.0,0.0,0.0,0.0,0.0,0.0,0.0,108.5,0.0,0.0,0.0,15.5,0.0,0.0,0.0,56.0,0.0,98.0,0.0,0.0,107.0,54.5,0.0,44.0,0.0,0.0,50.0,75.5,27.5,24.5,0.0,0.0,60.5,0.0,0.0,0.0,48.5,84.5,77.0,44.0,0.0,32.0,366.0,41.0,78.5,0.0,0.0,0.0,30.5,0.0,75.5
0.0,0.0,57.5,80.0,0.0,45.5,93.5,0.0,0.0,0.0,8.0,0.0,0.0,0.0,21.5,99.5,0.0,30.5,11.0,38.0,0.0,0.0,83.0,0.0,95.0,0.0,0.0,146.0,0.0,12.5,39.5,0.0,39.5,0.0,0.0,15.5,18.5,57.5,0.0,0.0,0.0,0.0,0.0,492.0,392.0,464.0,113.0,0.0,0.0,0.0,0.0,42.5,0.0,72.5,57.5,0.0,68.0,84.5,0.0,0.0,0.0,96.5,48.5,27.5,86.0,65.0,17.0,0.0,0.0,35.0,131.0,0.0,0.0,0.0,0.0,74.0,0.0,0.0,0.0,0.0,0.0,51.5,48.5,0.0,0.0,0.0,35.0,0.0,42.5,0.0,51.5,0.0,104.0,0.0,0.0,0.0,0.0,0.0,0.0,0.0
26.0,87.5,47.0,63.5,95.0,8.0,48.5,81.5,128.0,14.0,30.5,0.0,89.0,6.5,63.5,0.0,53.0,29.0,77.0,12.5,42.5,18.5,0.0,0.0,84.5,29.0,50.0,72.5,104.0,14.0,75.5,114.5,33.5,56.0,38.0,50.0,96.5,0.0,50.0,44.0,36.5,120.5,438.0,0.0,20.0,126.5,39.5,51.5,36.5,42.5,96.5,48.5,56.0,35.0,62.0,6.5,0.0,12.5,68.0,57.5,17.0,56.0,83.0,75.5,63.5,6.5,0.0,42.5,376.0,123.5,98.0,0.0,38.0,36.5,2.0,30.5,11.0,116.0,74.0,35.0,83.0,50.0,65.0,69.5,332.0,316.0,104.0,57.5,0.0,0.0,84.5,36.5,45.5,128.0,0.0,42.5,24.5,51.5,138.5,44.0
0.0,26.0,0.0,0.0,57.5,0.0,69.5,80.0,0.0,0.0,104.0,0.0,442.0,0.0,0.0,116.0,0.0,0.0,0.0,39.5,36.5,125.0,0.0,83.0,68.0,406.0,0.0,9.5,0.0,11.0,0.0,324.0,23.0,0.0,0.0,0.0,0.0,134.0,132.5,0.0,60.5,71.0,384.0,0.0,0.0,0.0,44.0,18.5,0.0,30.5,0.0,0.0,17.0,0.0,370.0,0.0,0.0,108.5,59.0,113.0,0.0,0.0,143.0,444.0,0.0,68.0,0.0,0.0,0.0,0.0,39.5,0.0,0.0,0.0,12.5,18.5,35.0,26.0,53.0,0.0,30.5,0.0,0.0,0.0,0.0,66.5,0.0,51.5,32.0,111.5,9.5,0.0,0.0,59.0,81.5,0.0,95.0,0.0,69.5,63.5
0.0,0.0,36.5,0.0,0.0,0.0,32.0,0.0,0.0,0.0,0.0,44.0,0.0,0.0,0.0,0.0,0.0,0.0,0.0,0.0,0.0,0.0,0.0,0.0,0.0,12.5,400.0,0.0,0.0,0.0,364.0,0.0,0.0,0.0,0.0,38.0,0.0,0.0,0.0,0.0,0.0,0.0,62.0,75.5,0.0,0.0,104.0,0.0,396.0,0.0,0.0,0.0,0.0,23.0,0.0,128.0,0.0,86.0,0.0,0.0,0.0,68.0,0.0,0.0,0.0,0.0,110.0,0.0,0.0,29.0,0.0,428.0,66.5,66.5,110.0,0.0,0.0,0.0,0.0,89.0,0.0,65.0,0.0,57.5,57.5,81.5,0.0,0.0,0.0,0.0,0.0,354.0,0.0,0.0,0.0,131.0,50.0,0.0,0.0,0.0
0.0,33.5,63.5,17.0,0.0,0.0,0.0,0.0,0.0,147.5,0.0,38.0,32.0,0.0,57.5,27.5,0.0,86.0,72.5,5.0,0.0,0.0,0.0,3.5,0.0,0.0,0.0,45.5,0.0,87.5,87.5,41.0,0.0,114.5,128.0,57.5,0.0,0.0,0.0,412.0,119.0,29.0,126.5,0.0,77.0,113.0,0.0,71.0,0.0,20.0,68.0,0.0,0.0,0.0,0.0,108.5,12.5,39.5,0.0,69.5,0.0,44.0,370.0,47.0,14.0,0.0,68.0,75.5,12.5,0.0,147.5,0.0,0.0,0.0,0.0,54.5,0.0,0.0,0.0,74.0,83.0,0.0,0.0,74.0,21.5,0.0,0.0,0.0,0.0,0.0,0.0,0.0,110.0,12.5,89.0,0.0,5.0,3.5,362.0,137.0
0.0,0.0,0.0,56.0,56.0,0.0,0.0,69.5,0.0,47.0,96.5,0.0,0.0,0.0,0.0,0.0,32.0,17.0,5.0,36.5,110.0,68.0,0.0,119.0,9.5,78.5,0.0,0.0,105.5,48.5,21.5,33.5,83.0,0.0,0.0,0.0,0.0,50.0,0.0,0.0,0.0,71.0,0.0,0.0,101.0,21.5,0.0,0.0,18.5,18.5,0.0,21.5,0.0,0.0,51.5,65.0,0.0,48.5,14.0,41.0,0.0,386.0,75.5,66.5,0.0,98.0,50.0,38.0,32.0,0.0,23.0,0.0,0.0,0.0,98.0,131.0,107.0,0.0,5.0,0.0,0.0,0.0,0.0,0.0,6.5,141.5,0.0,0.0,394.0,9.5,0.0,0.0,0.0,0.0,0.0,0.0,0.0,0.0,0.0,0.0
0.0,45.5,0.0,0.0,0.0,81.5,0.0,0.0,0.0,0.0,11.0,0.0,35.0,0.0,0.0,41.0,0.0,0.0,95.0,0.0,30.5,0.0,0.0,57.5,18.5,90.5,20.0,0.0,129.5,38.0,356.0,0.0,96.5,71.0,93.5,0.0,0.0,0.0,29.0,452.0,50.0,0.0,42.5,0.0,83.0,56.0,0.0,89.0,0.0,44.0,0.0,83.0,0.0,0.0,20.0,0.0,322.0,0.0,0.0,0.0,0.0,57.5,0.0,98.0,44.0,45.5,99.5,0.0,8.0,0.0,0.0,27.5,6.5,0.0,0.0,0.0,438.0,0.0,0.0,0.0,0.0,54.5,0.0,0.0,0.0,0.0,41.0,0.0,362.0,2.0,56.0,0.0,50.0,348.0,0.0,86.0,0.0,0.0,0.0,0.0
370.0,0.0,62.0,0.0,78.5,54.5,84.5,77.0,0.0,68.0,0.0,62.0,0.0,0.0,0.0,80.0,66.5,0.0,93.5,0.0,39.5,0.0,0.0,0.0,0.0,0.0,0.0,0.0,30.5,120.5,416.0,0.0,41.0,33.5,0.0,69.5,0.0,0.0,0.0,400.0,0.0,0.0,0.0,0.0,0.0,65.0,0.0,65.0,20.0,0.0,0.0,0.0,0.0,0.0,21.5,51.5,0.0,0.0,69.5,0.0,0.0,14.0,0.0,0.0,0.0,38.0,66.5,116.0,0.0,90.5,122.0,0.0,0.0,0.0,0.0,0.0,416.0,0.0,128.0,390.0,114.5,0.0,370.0,0.0,47.0,126.5,0.0,0.0,5.0,0.0,0.0,0.0,0.0,0.0,3.5,0.0,0.0,0.0,54.5,0.0
54.5,0.0,0.0,12.5,0.0,0.0,0.0,356.0,0.0,110.0,0.0,0.0,114.5,0.0,336.0,0.0,0.0,0.0,62.0,0.0,5.0,434.0,0.0,95.0,93.5,0.0,29.0,486.0,0.0,0.0,0.0,81.5,0.0,0.0,0.0,0.0,102.5,98.0,119.0,0.0,116.0,0.0,113.0,59.0,0.0,56.0,0.0,0.0,101.0,0.0,0.0,396.0,86.0,0.0,0.0,39.5,0.0,0.0,39.5,0.0,0.0,0.0,0.0,0.0,131.0,33.5,0.0,17.0,0.0,0.0,386.0,80.0,0.0,0.0,0.0,30.5,50.0,0.0,0.0,29.0,0.0,83.0,0.0,36.5,0.0,0.0,0.0,0.0,0.0,78.5,78.5,110.0,117.5,0.0,144.5,35.0,98.0,11.0,456.0,108.5
75.5,123.5,368.0,56.0,57.5,27.5,119.0,92.0,9.5,131.0,90.5,47.0,105.5,78.5,68.0,29.0,402.0,342.0,98.0,5.0,95.0,24.5,78.5,38.0,3.5,54.5,0.0,78.5,472.0,95.0,51.5,454.0,334.0,44.0,134.0,21.5,62.0,93.5,95.0,89.0,42.5,12.5,454.0,464.0,95.0,138.5,12.5,78.5,33.5,68.0,29.0,0.0,86.0,59.0,114.5,87.5,62.0,478.0,56.0,63.5,128.0,102.5,116.0,105.5,0.0,59.0,494.0,374.0,18.5,69.5,53.0,89.0,8.0,0.0,0.0,18.5,80.0,38.0,39.5,33.5,18.5,98.0,92.0,123.5,5.0,60.5,33.5,23.0,30.5,113.0,17.0,57.5,105.5,74.0,0.0,74.0,78.5,84.5,77.0,35.0
328.0,59.0,0.0,0.0,0.0,0.0,0.0,0.0,0.0,0.0,54.5,468.0,424.0,0.0,0.0,0.0,0.0,0.0,0.0,0.0,86.0,0.0,32.0,0.0,0.0,0.0,0.0,0.0,71.0,35.0,0.0,12.5,0.0,0.0,0.0,0.0,96.5,0.0,0.0,149.0,0.0,9.5,0.0,0.0,66.5,20.0,0.0,129.5,0.0,39.5,81.5,0.0,0.0,20.0,0.0,0.0,0.0,0.0,0.0,98.0,0.0,0.0,0.0,95.0,101.0,0.0,99.5,50.0,33.5,0.0,0.0,51.5,392.0,48.5,0.0,0.0,0.0,442.0,26.0,0.0,0.0,0.0,0.0,44.0,65.0,117.5,0.0,0.0,418.0,0.0,0.0,50.0,0.0,75.5,446.0,0.0,0.0,0.0,0.0,29.0
122.0,117.5,14.0,23.0,0.0,0.0,0.0,51.5,0.0,0.0,0.0,78.5,0.0,0.0,0.0,29.0,0.0,0.0,95.0,5.0,0.0,0.0,0.0,0.0,45.5,135.5,0.0,111.5,65.0,0.0,126.5,372.0,0.0,0.0,0.0,0.0,126.5,54.5,42.5,60.5,9.5,334.0,0.0,0.0,96.5,24.5,57.5,0.0,0.0,0.0,0.0,0.0,0.0,0.0,107.0,422.0,0.0,104.0,0.0,0.0,0.0,0.0,60.5,0.0,394.0,0.0,0.0,23.0,54.5,6.5,68.0,138.5,392.0,12.5,101.0,116.0,35.0,352.0,47.0,0.0,42.5,0.0,0.0,0.0,90.5,0.0,66.5,78.5,39.5,45.5,60.5,15.5,0.0,0.0,75.5,75.5,38.0,12.5,0.0,428.0
0.0,0.0,0.0,0.0,0.0,11.0,47.0,53.0,102.5,0.0,0.0,23.0,138.5,63.5,0.0,0.0,0.0,30.5,54.5,41.0,0.0,0.0,0.0,30.5,83.0,0.0,44.0,5.0,0.0,59.0,15.5,60.5,0.0,0.0,0.0,62.0,26.0,0.0,414.0,14.0,117.5,0.0,23.0,74.0,0.0,111.5,71.0,0.0,0.0,350.0,0.0,0.0,0.0,0.0,0.0,50.0,6.5,68.0,0.0,48.5,0.0,17.0,0.0,0.0,24.5,410.0,80.0,56.0,0.0,0.0,0.0,107.0,98.0,122.0,35.0,117.5,21.5,83.0,77.0,0.0,12.5,0.0,18.5,0.0,132.5,3.5,81.5,66.5,392.0,92.0,438.0,66.5,15.5,95.0,0.0,5.0,92.0,47.0,78.5,5.0
0.0,0.0,0.0,0.0,0.0,0.0,0.0,90.5,0.0,47.0,0.0,0.0,0.0,0.0,0.0,0.0,0.0,29.0,0.0,2.0,0.0,0.0,45.5,149.0,63.5,0.0,382.0,456.0,0.0,45.5,14.0,0.0,0.0,0.0,0.0,39.5,0.0,0.0,414.0,0.0,0.0,0.0,0.0,0.0,75.5,0.0,95.0,0.0,0.0,0.0,0.0,20.0,0.0,0.0,0.0,0.0,0.0,0.0,50.0,0.0,0.0,0.0,0.0,75.5,0.0,63.5,0.0,0.0,149.0,0.0,0.0,95.0,27.5,0.0,0.0,119.0,0.0,0.0,0.0,68.0,0.0,0.0,30.5,0.0,372.0,0.0,0.0,0.0,125.0,0.0,0.0,0.0,36.5,0.0,14.0,0.0,51.5,0.0,0.0,0.0
0.0,0.0,62.0,310.0,0.0,95.0,0.0,0.0,0.0,0.0,334.0,0.0,0.0,0.0,0.0,358.0,0.0,0.0,53.0,0.0,0.0,0.0,0.0,0.0,0.0,0.0,380.0,0.0,492.0,33.5,0.0,0.0,53.0,0.0,346.0,95.0,95.0,0.0,38.0,0.0,86.0,0.0,0.0,0.0,29.0,0.0,0.0,39.5,0.0,87.5,5.0,0.0,0.0,0.0,129.5,35.0,0.0,0.0,0.0,0.0,11.0,0.0,78.5,0.0,0.0,0.0,0.0,0.0,66.5,0.0,41.0,0.0,0.0,93.5,0.0,0.0,62.0,69.5,0.0,35.0,126.5,404.0,458.0,0.0,0.0,20.0,71.0,0.0,51.5,27.5,113.0,0.0,0.0,62.0,18.5,0.0,0.0,63.5,0.0,0.0
0.0,125.0,72.5,41.0,47.0,141.5,80.0,125.0,87.5,0.0,36.5,131.0,62.0,27.5,81.5,122.0,135.5,81.5,111.5,41.0,51.5,26.0,89.0,0.0,2.0,6.5,0.0,80.0,0.0,92.0,65.0,51.5,45.5,75.5,458.0,412.0,48.5,60.5,38.0,14.0,48.5,384.0,104.0,33.5,0.0,47.0,144.5,392.0,32.0,50.0,87.5,39.5,35.0,33.5,0.0,21.5,382.0,0.0,42.5,0.0,66.5,72.5,0.0,44.0,89.0,9.5,6.5,56.0,138.5,3.5,77.0,78.5,113.0,0.0,0.0,23.0,123.5,116.0,96.5,33.5,87.5,23.0,120.5,138.5,86.0,0.0,75.5,116.0,0.0,17.0,446.0,71.0,116.0,53.0,92.0,51.5,51.5,42.5,39.5,38.0
15.5,42.5,0.0,125.0,62.0,87.5,65.0,80.0,107.0,44.0,26.0,60.5,39.5,87.5,45.5,42.5,86.0,105.5,57.5,26.0,8.0,41.0,60.5,78.5,390.0,5.0,72.5,390.0,322.0,8.0,380.0,15.5,26.0,59.0,110.0,90.5,71.0,68.0,87.5,30.5,35.0,135.5,113.0,384.0,87.5,360.0,54.5,59.0,432.0,30.5,45.5,140.0,87.5,0.0,27.5,362.0,0.0,47.0,0.0,41.0,53.0,54.5,438.0,50.0,77.0,95.0,68.0,8.0,107.0,38.0,41.0,126.5,8.0,69.5,101.0,80.0,356.0,69.5,42.5,39.5,114.5,113.0,101.0,352.0,132.5,140.0,77.0,62.0,122.0,33.5,84.5,8.0,24.5,0.0,29.0,5.0,59.0,72.5,60.5,0.0
20.0,382.0,105.5,68.0,18.5,0.0,126.5,0.0,0.0,69.5,0.0,50.0,0.0,32.0,358.0,440.0,0.0,12.5,0.0,30.5,111.5,0.0,75.5,0.0,8.0,0.0,68.0,26.0,0.0,478.0,0.0,41.0,11.0,105.5,0.0,81.5,0.0,0.0,0.0,116.0,0.0,114.5,69.5,27.5,86.0,452.0,104.0,0.0,0.0,66.5,56.0,5.0,0.0,24.5,18.5,5.0,75.5,0.0,116.0,0.0,102.5,48.5,35.0,80.0,360.0,90.5,0.0,63.5,33.5,0.0,39.5,81.5,77.0,95.0,0.0,0.0,93.5,143.0,15.5,0.0,0.0,21.5,72.5,0.0,98.0,33.5,2.0,38.0,0.0,0.0,0.0,0.0,410.0,26.0,75.5,132.5,44.0,0.0,81.5,60.5
0.0,68.0,438.0,0.0,56.0,0.0,0.0,0.0,0.0,0.0,0.0,17.0,99.5,0.0,0.0,0.0,0.0,120.5,108.5,0.0,0.0,0.0,0.0,0.0,0.0,18.5,120.5,0.0,0.0,0.0,0.0,113.0,0.0,0.0,8.0,0.0,38.0,0.0,0.0,0.0,0.0,0.0,0.0,0.0,0.0,0.0,101.0,0.0,0.0,0.0,6.5,0.0,0.0,0.0,71.0,44.0,0.0,0.0,123.5,0.0,0.0,0.0,0.0,0.0,0.0,89.0,0.0,0.0,0.0,0.0,0.0,12.5,0.0,0.0,0.0,0.0,47.0,400.0,0.0,0.0,14.0,123.5,0.0,0.0,0.0,0.0,0.0,0.0,0.0,11.0,0.0,0.0,0.0,0.0,0.0,0.0,0.0,0.0,93.5,113.0
0.0,0.0,0.0,0.0,29.0,0.0,0.0,0.0,0.0,110.0,81.5,0.0,0.0,0.0,0.0,0.0,0.0,0.0,0.0,0.0,0.0,48.5,494.0,0.0,0.0,0.0,0.0,0.0,75.5,0.0,0.0,105.5,51.5,0.0,0.0,0.0,0.0,0.0,18.5,0.0,0.0,0.0,0.0,0.0,0.0,0.0,0.0,21.5,9.5,0.0,0.0,0.0,0.0,0.0,0.0,0.0,5.0,11.0,0.0,0.0,32.0,0.0,0.0,0.0,0.0,0.0,0.0,0.0,2.0,57.5,0.0,0.0,0.0,0.0,81.5,0.0,0.0,0.0,0.0,0.0,93.5,0.0,20.0,0.0,0.0,0.0,0.0,0.0,0.0,0.0,0.0,376.0,0.0,0.0,90.5,0.0,0.0,0.0,0.0,0.0
5.0,424.0,90.5,63.5,39.5,116.0,110.0,0.0,71.0,0.0,33.5,66.5,53.0,0.0,392.0,9.5,20.0,63.5,89.0,101.0,442.0,35.0,66.5,0.0,65.0,44.0,38.0,54.5,0.0,95.0,104.0,65.0,0.0,62.0,84.5,63.5,72.5,368.0,80.0,27.5,48.5,140.0,120.5,78.5,23.0,32.0,30.5,110.0,57.5,114.5,99.5,68.0,42.5,6.5,92.0,101.0,24.5,24.5,0.0,33.5,30.5,60.5,0.0,51.5,114.5,21.5,80.0,18.5,378.0,102.5,122.0,63.5,23.0,95.0,21.5,102.5,444.0,110.0,396.0,66.5,54.5,29.0,44.0,87.5,0.0,81.5,434.0,44.0,0.0,135.5,23.0,0.0,95.0,47.0,33.5,78.5,65.0,0.0,50.0,20.0
81.5,0.0,20.0,0.0,0.0,0.0,51.5,95.0,0.0,0.0,50.0,36.5,0.0,57.5,0.0,0.0,90.5,81.5,15.5,0.0,0.0,0.0,0.0,0.0,87.5,0.0,0.0,0.0,0.0,0.0,0.0,0.0,68.0,0.0,0.0,80.0,24.5,0.0,114.5,0.0,0.0,0.0,0.0,0.0,56.0,0.0,0.0,0.0,0.0,132.5,8.0,0.0,378.0,8.0,0.0,0.0,0.0,68.0,41.0,0.0,0.0,0.0,370.0,0.0,0.0,0.0,0.0,0.0,132.5,132.5,0.0,83.0,0.0,36.5,450.0,0.0,0.0,86.0,412.0,60.5,63.5,0.0,134.0,9.5,0.0,38.0,0.0,0.0,0.0,8.0,0.0,0.0,0.0,0.0,356.0,0.0,0.0,96.5,20.0,0.0
104.0,15.5,8.0,368.0,24.5,110.0,90.5,60.5,95.0,0.0,3.5,0.0,51.5,119.0,0.0,63.5,442.0,111.5,98.0,26.0,102.5,27.5,54.5,110.0,14.0,0.0,92.0,57.5,17.0,128.0,0.0,116.0,90.5,108.5,95.0,11.0,72.5,402.0,77.0,135.5,0.0,0.0,90.5,0.0,86.0,98.0,0.0,134.0,92.0,69.5,41.0,78.5,0.0,6.5,15.5,81.5,119.0,59.0,27.5,15.5,75.5,51.5,75.5,62.0,0.0,14.0,390.0,68.0,3.5,56.0,8.0,0.0,27.5,45.5,90.5,119.0,36.5,18.5,116.0,11.0,50.0,107.0,38.0,93.5,90.5,116.0,0.0,83.0,14.0,75.5,84.5,9.5,84.5,98.0,92.0,84.5,436.0,0.0,56.0,44.0
2.0,89.0,17.0,412.0,53.0,68.0,56.0,0.0,6.5,92.0,101.0,354.0,45.5,30.5,110.0,426.0,69.5,14.0,38.0,50.0,62.0,68.0,92.0,26.0,77.0,0.0,50.0,3.5,35.0,75.5,93.5,62.0,0.0,86.0,84.5,69.5,0.0,36.5,8.0,36.5,81.5,62.0,0.0,30.5,84.5,87.5,0.0,0.0,84.5,30.5,131.0,9.5,86.0,14.0,20.0,23.0,60.5,93.5,33.5,0.0,14.0,20.0,0.0,92.0,74.0,0.0,66.5,0.0,0.0,41.0,0.0,6.5,53.0,114.5,69.5,11.0,436.0,86.0,63.5,0.0,0.0,0.0,0.0,69.5,99.5,128.0,0.0,38.0,86.0,0.0,120.5,39.5,0.0,39.5,57.5,93.5,0.0,0.0,0.0,119.0
0.0,0.0,0.0,17.0,98.0,77.0,128.0,0.0,90.5,0.0,45.5,15.5,0.0,0.0,0.0,0.0,60.5,93.5,0.0,404.0,77.0,99.5,0.0,0.0,0.0,0.0,0.0,0.0,0.0,72.5,0.0,0.0,0.0,0.0,84.5,0.0,0.0,0.0,0.0,0.0,0.0,0.0,0.0,53.0,47.0,0.0,0.0,0.0,0.0,0.0,0.0,0.0,0.0,0.0,0.0,0.0,0.0,0.0,0.0,44.0,0.0,0.0,0.0,63.5,0.0,0.0,0.0,0.0,0.0,53.0,0.0,60.5,102.5,0.0,0.0,48.5,0.0,0.0,0.0,0.0,0.0,0.0,0.0,0.0,0.0,0.0,0.0,36.5,0.0,87.5,0.0,0.0,0.0,0.0,0.0,56.0,0.0,18.5,0.0,0.0
0.0,0.0,93.5,0.0,0.0,0.0,33.5,0.0,0.0,0.0,129.5,0.0,83.0,0.0,6.5,0.0,0.0,0.0,71.0,0.0,0.0,0.0,0.0,0.0,0.0,0.0,0.0,0.0,59.0,0.0,0.0,0.0,0.0,0.0,0.0,101.0,0.0,0.0,0.0,0.0,111.5,56.0,0.0,0.0,0.0,33.5,0.0,0.0,0.0,0.0,89.0,113.0,0.0,0.0,0.0,398.0,0.0,0.0,71.0,0.0,0.0,0.0,107.0,0.0,81.5,0.0,0.0,0.0,0.0,0.0,42.5,0.0,42.5,0.0,0.0,27.5,0.0,0.0,0.0,0.0,400.0,35.0,0.0,0.0,0.0,0.0,444.0,0.0,36.5,0.0,0.0,0.0,0.0,0.0,0.0,0.0,96.5,0.0,0.0,0.0
0.0,0.0,0.0,0.0,0.0,77.0,0.0,41.0,430.0,0.0,0.0,0.0,0.0,0.0,0.0,0.0,0.0,0.0,0.0,77.0,0.0,0.0,0.0,0.0,0.0,0.0,0.0,140.0,29.0,0.0,0.0,0.0,0.0,0.0,0.0,0.0,0.0,0.0,0.0,0.0,6.5,0.0,0.0,0.0,23.0,0.0,0.0,0.0,0.0,0.0,125.0,0.0,0.0,83.0,0.0,0.0,0.0,0.0,0.0,0.0,77.0,0.0,51.5,0.0,27.5,0.0,0.0,0.0,0.0,0.0,0.0,0.0,0.0,450.0,0.0,0.0,0.0,0.0,29.0,0.0,14.0,0.0,0.0,0.0,0.0,0.0,0.0,0.0,0.0,0.0,9.5,38.0,38.0,45.5,0.0,0.0,0.0,0.0,0.0,0.0
0.0,0.0,99.5,89.0,0.0,0.0,404.0,0.0,0.0,0.0,0.0,0.0,68.0,38.0,95.0,114.5,45.5,0.0,57.5,59.0,75.5,0.0,104.0,0.0,422.0,116.0,60.5,0.0,0.0,0.0,0.0,0.0,9.5,0.0,0.0,0.0,102.5,0.0,0.0,0.0,0.0,0.0,0.0,111.5,24.5,0.0,0.0,382.0,0.0,340.0,63.5,0.0,0.0,75.5,72.5,0.0,0.0,0.0,0.0,75.5,29.0,424.0,0.0,57.5,0.0,146.0,27.5,83.0,90.5,0.0,0.0,0.0,53.0,15.5,0.0,87.5,0.0,0.0,0.0,69.5,3.5,0.0,0.0,47.0,0.0,135.5,0.0,90.5,0.0,0.0,0.0,0.0,93.5,18.5,92.0,0.0,41.0,0.0,430.0,0.0
48.5,60.5,77.0,0.0,72.5,0.0,8.0,448.0,0.0,368.0,71.0,105.5,0.0,119.0,68.0,0.0,0.0,0.0,99.5,27.5,11.0,86.0,314.0,15.5,41.0,38.0,21.5,98.0,36.5,30.5,62.0,75.5,50.0,30.5,0.0,128.0,21.5,0.0,32.0,476.0,90.5,32.0,50.0,26.0,386.0,41.0,90.5,23.0,83.0,35.0,36.5,0.0,75.5,0.0,53.0,0.0,108.5,71.0,57.5,143.0,39.5,45.5,66.5,75.5,39.5,24.5,17.0,80.0,143.0,33.5,0.0,81.5,0.0,68.0,21.5,122.0,101.0,378.0,0.0,0.0,26.0,17.0,51.5,132.5,0.0,38.0,144.5,75.5,0.0,44.0,11.0,24.5,51.5,0.0,99.5,36.5,460.0,95.0,0.0,12.5
77.0,24.5,0.0,116.0,0.0,0.0,12.5,0.0,63.5,0.0,0.0,0.0,125.0,0.0,0.0,0.0,0.0,0.0,65.0,0.0,396.0,42.5,0.0,0.0,69.5,90.5,0.0,123.5,460.0,48.5,33.5,53.0,0.0,81.5,96.5,86.0,0.0,96.5,0.0,0.0,0.0,0.0,23.0,0.0,12.5,24.5,71.0,0.0,0.0,32.0,18.5,0.0,0.0,0.0,17.0,140.0,0.0,51.5,75.5,0.0,33.5,0.0,0.0,75.5,0.0,0.0,125.0,0.0,6.5,0.0,0.0,0.0,125.0,59.0,98.0,0.0,0.0,102.5,20.0,0.0,0.0,0.0,86.0,57.5,0.0,57.5,0.0,0.0,48.5,35.0,0.0,0.0,59.0,0.0,0.0,0.0,66.5,0.0,0.0,0.0
93.5,29.0,45.5,0.0,0.0,62.0,29.0,20.0,472.0,458.0,96.5,0.0,36.5,0.0,47.0,496.0,394.0,0.0,2.0,0.0,0.0,438.0,80.0,20.0,0.0,74.0,137.0,59.0,342.0,0.0,0.0,53.0,2.0,0.0,36.5,102.5,96.5,98.0,26.0,378.0,450.0,0.0,0.0,0.0,95.0,0.0,44.0,75.5,0.0,98.0,62.0,0.0,69.5,83.0,0.0,72.5,408.0,0.0,45.5,0.0,3.5,119.0,90.5,3.5,39.5,101.0,72.5,0.0,11.0,41.0,0.0,17.0,0.0,36.5,0.0,0.0,0.0,398.0,71.0,134.0,57.5,68.0,53.0,402.0,0.0,44.0,59.0,0.0,62.0,54.5,0.0,0.0,486.0,62.0,36.5,51.5,24.5,107.0,0.0,0.0
2.0,27.5,132.5,101.0,77.0,32.0,0.0,75.5,83.0,36.5,41.0,0.0,56.0,114.5,6.5,41.0,66.5,24.5,5.0,89.0,77.0,149.0,80.0,32.0,33.5,131.0,0.0,129.5,38.0,87.5,86.0,69.5,41.0,0.0,414.0,0.0,0.0,33.5,101.0,74.0,29.0,89.0,36.5,5.0,338.0,56.0,384.0,322.0,62.0,36.5,86.0,74.0,33.5,15.5,0.0,96.5,56.0,0.0,35.0,78.5,0.0,26.0,86.0,128.0,24.5,0.0,143.0,11.0,63.5,0.0,77.0,74.0,15.5,0.0,59.0,344.0,95.0,0.0,0.0,45.5,99.5,11.0,123.5,66.5,83.0,122.0,0.0,45.5,36.5,26.0,137.0,434.0,0.0,93.5,101.0,0.0,27.5,111.5,17.0,147.5
68.0,0.0,0.0,66.5,0.0,65.0,114.5,27.5,12.5,0.0,0.0,80.0,95.0,87.5,134.0,0.0,65.0,0.0,47.0,111.5,92.0,6.5,86.0,56.0,42.5,0.0,0.0,0.0,20.0,0.0,404.0,20.0,74.0,0.0,113.0,129.5,0.0,0.0,0.0,0.0,0.0,0.0,0.0,29.0,38.0,0.0,0.0,0.0,0.0,402.0,384.0,0.0,386.0,59.0,0.0,0.0,0.0,6.5,23.0,128.0,9.5,15.5,0.0,0.0,334.0,0.0,32.0,0.0,0.0,104.0,33.5,0.0,69.5,41.0,0.0,21.5,0.0,15.5,316.0,39.5,450.0,116.0,17.0,59.0,0.0,0.0,0.0,45.5,59.0,8.0,45.5,65.0,0.0,23.0,9.5,414.0,0.0,390.0,96.5,11.0
42.5,96.5,77.0,48.5,122.0,2.0,108.5,96.5,75.5,59.0,36.5,68.0,60.5,83.0,48.5,117.5,402.0,59.0,62.0,400.0,36.5,116.0,36.5,414.0,418.0,386.0,65.0,33.5,3.5,62.0,144.5,107.0,63.5,21.5,138.5,12.5,75.5,352.0,472.0,21.5,27.5,131.0,51.5,107.0,138.5,0.0,50.0,44.0,26.0,86.0,0.0,27.5,358.0,11.0,114.5,38.0,66.5,60.5,74.0,74.0,81.5,123.5,418.0,63.5,0.0,108.5,0.0,60.5,448.0,47.0,84.5,41.0,99.5,38.0,137.0,0.0,422.0,87.5,412.0,95.0,12.5,98.0,77.0,137.0,8.0,75.5,14.0,47.0,21.5,8.0,63.5,35.0,90.5,66.5,107.0,110.0,454.0,35.0,42.5,60.5
0.0,33.5,80.0,81.5,111.5,60.5,71.0,35.0,0.0,12.5,117.5,86.0,62.0,15.5,0.0,32.0,57.5,53.0,39.5,0.0,57.5,50.0,105.5,32.0,87.5,21.5,0.0,0.0,126.5,17.0,63.5,30.5,140.0,65.0,38.0,33.5,38.0,0.0,9.5,62.0,0.0,0.0,0.0,75.5,84.5,39.5,416.0,15.5,128.0,29.0,0.0,69.5,125.0,107.0,0.0,99.5,0.0,39.5,72.5,35.0,15.5,65.0,144.5,44.0,350.0,0.0,6.5,89.0,119.0,77.0,33.5,374.0,140.0,442.0,93.5,41.0,0.0,0.0,0.0,51.5,59.0,63.5,0.0,424.0,47.0,0.0,62.0,9.5,24.5,0.0,90.5,402.0,71.0,0.0,38.0,69.5,102.5,0.0,143.0,72.5
0.0,122.0,0.0,51.5,0.0,0.0,0.0,42.5,0.0,0.0,0.0,0.0,75.5,0.0,5.0,0.0,0.0,0.0,0.0,0.0,0.0,0.0,0.0,69.5,0.0,47.0,0.0,38.0,0.0,0.0,57.5,24.5,27.5,0.0,0.0,0.0,0.0,117.5,0.0,20.0,0.0,0.0,0.0,54.5,0.0,80.0,0.0,0.0,0.0,122.0,80.0,69.5,0.0,0.0,0.0,0.0,0.0,27.5,0.0,0.0,0.0,104.0,0.0,0.0,0.0,0.0,0.0,57.5,35.0,0.0,0.0,370.0,0.0,6.5,0.0,0.0,0.0,0.0,35.0,78.5,0.0,0.0,101.0,0.0,56.0,21.5,0.0,0.0,0.0,0.0,0.0,0.0,0.0,119.0,0.0,0.0,26.0,0.0,14.0,0.0
42.5,15.5,135.5,0.0,0.0,81.5,400.0,81.5,0.0,0.0,0.0,134.0,0.0,128.0,0.0,89.0,0.0,0.0,8.0,53.0,0.0,0.0,0.0,65.0,77.0,0.0,0.0,0.0,45.5,53.0,0.0,0.0,147.5,0.0,0.0,0.0,120.5,20.0,436.0,0.0,0.0,0.0,328.0,0.0,0.0,0.0,0.0,0.0,0.0,0.0,0.0,0.0,96.5,119.0,65.0,86.0,20.0,0.0,0.0,12.5,69.5,69.5,0.0,89.0,0.0,324.0,386.0,68.0,78.5,0.0,374.0,44.0,86.0,122.0,0.0,17.0,9.5,116.0,0.0,0.0,41.0,54.5,442.0,20.0,80.0,54.5,27.5,0.0,6.5,0.0,0.0,0.0,114.5,0.0,98.0,116.0,36.5,113.0,0.0,0.0
0.0,51.5,0.0,53.0,0.0,9.5,0.0,104.0,0.0,0.0,0.0,0.0,0.0,0.0,0.0,12.5,0.0,0.0,0.0,0.0,0.0,0.0,119.0,39.5,0.0,0.0,6.5,0.0,0.0,0.0,0.0,98.0,0.0,0.0,0.0,0.0,0.0,0.0,0.0,0.0,0.0,0.0,0.0,0.0,0.0,0.0,0.0,0.0,0.0,0.0,0.0,0.0,0.0,47.0,0.0,0.0,0.0,0.0,0.0,0.0,0.0,0.0,0.0,63.5,0.0,0.0,51.5,0.0,0.0,0.0,0.0,104.0,0.0,0.0,0.0,0.0,125.0,0.0,0.0,0.0,0.0,0.0,0.0,0.0,0.0,0.0,60.5,26.0,0.0,0.0,0.0,0.0,65.0,92.0,32.0,95.0,0.0,0.0,0.0,0.0
0.0,0.0,0.0,0.0,0.0,0.0,0.0,20.0,0.0,0.0,0.0,0.0,107.0,0.0,0.0,0.0,104.0,39.5,66.5,0.0,50.0,0.0,0.0,0.0,0.0,140.0,0.0,0.0,8.0,0.0,0.0,0.0,0.0,48.5,0.0,0.0,0.0,0.0,0.0,0.0,0.0,0.0,0.0,18.5,0.0,0.0,0.0,0.0,0.0,104.0,0.0,0.0,320.0,0.0,0.0,0.0,14.0,44.0,0.0,0.0,39.5,0.0,0.0,0.0,0.0,0.0,47.0,93.5,0.0,69.5,0.0,0.0,0.0,0.0,360.0,0.0,12.5,143.0,0.0,0.0,0.0,0.0,0.0,0.0,0.0,0.0,18.5,0.0,0.0,0.0,23.0,0.0,0.0,51.5,468.0,0.0,0.0,74.0,0.0,71.0
33.5,41.0,114.5,0.0,68.0,48.5,78.5,45.5,376.0,14.0,436.0,146.0,60.5,63.5,32.0,464.0,2.0,32.0,0.0,33.5,77.0,74.0,23.0,68.0,0.0,51.5,132.5,51.5,370.0,23.0,59.0,95.0,0.0,460.0,114.5,62.0,69.5,0.0,23.0,404.0,74.0,39.5,80.0,460.0,36.5,50.0,78.5,23.0,123.5,63.5,101.0,57.5,74.0,0.0,41.0,41.0,374.0,32.0,120.5,75.5,26.0,446.0,102.5,382.0,32.0,68.0,50.0,81.5,0.0,65.0,69.5,44.0,77.0,454.0,410.0,8.0,143.0,53.0,56.0,416.0,48.5,0.0,95.0,101.0,0.0,32.0,442.0,0.0,51.5,74.0,50.0,62.0,84.5,50.0,0.0,57.5,63.5,126.5,0.0,45.5
89.0,50.0,0.0,0.0,107.0,14.0,12.5,53.0,66.5,36.5,0.0,0.0,93.5,134.0,18.5,17.0,0.0,60.5,66.5,0.0,390.0,0.0,0.0,0.0,41.0,306.0,0.0,0.0,3.5,0.0,0.0,474.0,144.5,39.5,398.0,74.0,69.5,75.5,458.0,0.0,83.0,0.0,126.5,38.0,63.5,27.5,39.5,39.5,3.5,99.5,53.0,77.0,430.0,105.5,68.0,3.5,93.5,125.0,32.0,14.0,47.0,68.0,74.0,54.5,0.0,0.0,47.0,78.5,96.5,0.0,53.0,42.5,65.0,0.0,63.5,129.5,144.5,66.5,18.5,107.0,41.0,0.0,0.0,144.5,96.5,0.0,74.0,39.5,26.0,81.5,20.0,125.0,93.5,0.0,144.5,8.0,39.5,102.5,21.5,59.0
74.0,6.5,0.0,0.0,84.5,35.0,0.0,45.5,119.0,408.0,38.0,59.0,47.0,0.0,41.0,0.0,0.0,78.5,113.0,0.0,71.0,60.5,84.5,44.0,0.0,59.0,2.0,27.5,490.0,53.0,17.0,83.0,62.0,78.5,128.0,107.0,0.0,104.0,56.0,0.0,6.5,68.0,60.5,69.5,47.0,0.0,140.0,138.5,51.5,0.0,30.5,412.0,41.0,50.0,89.0,53.0,0.0,26.0,0.0,450.0,108.5,0.0,78.5,62.0,78.5,0.0,0.0,0.0,23.0,119.0,53.0,24.5,65.0,41.0,2.0,102.5,26.0,125.0,35.0,360.0,90.5,63.5,56.0,0.0,75.5,147.5,0.0,0.0,72.5,312.0,74.0,27.5,0.0,35.0,35.0,0.0,78.5,57.5,0.0,0.0
59.0,21.5,440.0,0.0,21.5,116.0,51.5,308.0,23.0,3.5,137.0,414.0,119.0,0.0,54.5,59.0,0.0,0.0,0.0,107.0,0.0,0.0,96.5,57.5,116.0,32.0,65.0,56.0,0.0,66.5,39.5,60.5,0.0,0.0,430.0,0.0,44.0,39.5,0.0,26.0,0.0,26.0,51.5,45.5,98.0,57.5,44.0,75.5,0.0,41.0,90.5,0.0,63.5,350.0,48.5,0.0,444.0,90.5,104.0,30.5,0.0,44.0,27.5,96.5,302.0,434.0,21.5,434.0,57.5,90.5,95.0,0.0,430.0,99.5,107.0,134.0,26.0,45.5,99.5,83.0,39.5,80.0,0.0,95.0,0.0,114.5,54.5,72.5,48.5,119.0,81.5,45.5,113.0,78.5,9.5,53.0,45.5,0.0,72.5,0.0
0.0,0.0,84.5,0.0,5.0,0.0,32.0,0.0,8.0,0.0,0.0,0.0,0.0,0.0,0.0,0.0,68.0,0.0,0.0,30.5,23.0,108.5,62.0,47.0,0.0,0.0,75.5,0.0,0.0,0.0,59.0,27.5,23.0,39.5,0.0,0.0,0.0,0.0,0.0,0.0,9.5,0.0,0.0,0.0,0.0,0.0,0.0,72.5,0.0,0.0,0.0,3.5,0.0,366.0,89.0,0.0,0.0,12.5,0.0,0.0,62.0,0.0,0.0,87.5,0.0,0.0,0.0,340.0,62.0,358.0,0.0,0.0,428.0,78.5,87.5,0.0,0.0,129.5,6.5,0.0,42.5,0.0,0.0,0.0,0.0,0.0,17.0,0.0,0.0,38.0,0.0,0.0,0.0,0.0,0.0,0.0,0.0,0.0,0.0,0.0
51.5,36.5,11.0,0.0,38.0,27.5,57.5,143.0,126.5,36.5,111.5,57.5,0.0,51.5,412.0,86.0,98.0,72.5,59.0,0.0,72.5,26.0,89.0,464.0,380.0,69.5,35.0,114.5,41.0,110.0,35.0,111.5,117.5,90.5,27.5,0.0,87.5,0.0,44.0,41.0,21.5,57.5,42.5,72.5,0.0,9.5,39.5,36.5,30.5,0.0,0.0,408.0,0.0,0.0,36.5,95.0,81.5,110.0,69.5,0.0,30.5,26.0,2.0,0.0,18.5,68.0,0.0,132.5,42.5,87.5,128.0,39.5,144.5,56.0,51.5,41.0,0.0,0.0,0.0,33.5,74.0,66.5,72.5,376.0,400.0,68.0,0.0,0.0,0.0,54.5,113.0,23.0,123.5,0.0,39.5,398.0,54.5,0.0,2.0,39.5
66.5,0.0,110.0,23.0,0.0,92.0,358.0,0.0,105.5,65.0,0.0,120.5,63.5,84.5,0.0,0.0,38.0,0.0,102.5,0.0,0.0,0.0,60.5,0.0,72.5,0.0,0.0,89.0,0.0,81.5,0.0,0.0,74.0,0.0,0.0,21.5,0.0,0.0,0.0,42.5,89.0,0.0,0.0,0.0,29.0,0.0,0.0,0.0,87.5,11.0,0.0,0.0,0.0,0.0,0.0,3.5,0.0,0.0,418.0,92.0,0.0,0.0,113.0,0.0,0.0,17.0,0.0,0.0,0.0,84.5,0.0,74.0,0.0,26.0,0.0,0.0,0.0,0.0,134.0,24.5,41.0,48.5,29.0,470.0,0.0,0.0,0.0,0.0,0.0,0.0,0.0,0.0,0.0,129.5,0.0,65.0,0.0,0.0,0.0,0.0
47.0,86.0,14.0,0.0,6.5,42.5,384.0,18.5,26.0,0.0,54.5,41.0,119.0,18.5,96.5,41.0,0.0,54.5,50.0,38.0,81.5,11.0,0.0,0.0,63.5,99.5,62.0,0.0,146.0,84.5,45.5,20.0,65.0,0.0,86.0,428.0,9.5,11.0,77.0,444.0,56.0,38.0,0.0,33.5,65.0,33.5,75.5,102.5,54.5,354.0,62.0,51.5,24.5,39.5,59.0,110.0,41.0,98.0,48.5,60.5,75.5,75.5,316.0,104.0,35.0,111.5,68.0,47.0,386.0,59.0,33.5,8.0,0.0,2.0,33.5,71.0,75.5,110.0,72.5,51.5,96.5,96.5,77.0,113.0,77.0,89.0,117.5,430.0,0.0,98.0,129.5,77.0,18.5,89.0,454.0,39.5,416.0,114.5,24.5,32.0
32.0,0.0,39.5,0.0,0.0,53.0,0.0,0.0,0.0,77.0,406.0,0.0,26.0,0.0,0.0,8.0,0.0,0.0,0.0,0.0,0.0,0.0,0.0,0.0,0.0,0.0,0.0,0.0,140.0,0.0,42.5,42.5,0.0,69.5,0.0,356.0,0.0,0.0,0.0,86.0,0.0,30.5,0.0,38.0,0.0,0.0,0.0,0.0,0.0,0.0,0.0,0.0,0.0,0.0,12.5,0.0,0.0,0.0,0.0,0.0,0.0,110.0,33.5,0.0,0.0,0.0,0.0,0.0,2.0,89.0,0.0,0.0,0.0,0.0,0.0,0.0,0.0,38.0,0.0,410.0,0.0,0.0,0.0,0.0,0.0,0.0,0.0,0.0,0.0,0.0,0.0,0.0,0.0,0.0,0.0,0.0,0.0,0.0,426.0,0.0
0.0,0.0,63.5,0.0,50.0,50.0,51.5,0.0,80.0,0.0,386.0,111.5,432.0,74.0,12.5,378.0,486.0,0.0,140.0,47.0,78.5,47.0,81.5,45.5,105.5,0.0,14.0,0.0,45.5,0.0,95.0,35.0,0.0,113.0,418.0,0.0,0.0,57.5,84.5,11.0,0.0,0.0,400.0,0.0,60.5,27.5,0.0,72.5,26.0,98.0,0.0,71.0,83.0,0.0,102.5,0.0,442.0,120.5,26.0,26.0,60.5,114.5,134.0,0.0,21.5,15.5,92.0,0.0,0.0,0.0,78.5,36.5,392.0,0.0,0.0,11.0,141.5,62.0,388.0,68.0,32.0,143.0,0.0,9.5,69.5,380.0,384.0,33.5,0.0,0.0,0.0,0.0,32.0,0.0,47.0,0.0,119.0,110.0,0.0,0.0
72.5,29.0,30.5,59.0,406.0,60.5,39.5,69.5,15.5,119.0,143.0,32.0,27.5,35.0,47.0,38.0,95.0,102.5,44.0,69.5,9.5,36.5,59.0,29.0,11.0,105.5,104.0,98.0,68.0,8.0,51.5,38.0,95.0,92.0,424.0,66.5,14.0,0.0,47.0,314.0,29.0,11.0,456.0,0.0,33.5,39.5,134.0,99.5,8.0,77.0,126.5,128.0,92.0,0.0,80.0,24.5,65.0,0.0,372.0,47.0,0.0,2.0,0.0,74.0,84.5,72.5,68.0,42.5,18.5,132.5,30.5,3.5,59.0,63.5,42.5,90.5,5.0,51.5,0.0,65.0,21.5,63.5,77.0,42.5,408.0,41.0,0.0,116.0,18.5,74.0,0.0,0.0,45.5,83.0,0.0,57.5,20.0,113.0,35.0,41.0
360.0,362.0,0.0,0.0,0.0,11.0,0.0,0.0,0.0,0.0,0.0,0.0,0.0,0.0,0.0,0.0,0.0,0.0,424.0,24.5,0.0,38.0,0.0,0.0,0.0,0.0,0.0,0.0,0.0,21.5,0.0,0.0,0.0,0.0,0.0,0.0,0.0,370.0,378.0,21.5,141.5,386.0,0.0,0.0,0.0,0.0,69.5,108.5,0.0,0.0,0.0,33.5,54.5,117.5,0.0,0.0,0.0,0.0,0.0,0.0,0.0,92.0,0.0,26.0,27.5,0.0,0.0,0.0,0.0,62.0,35.0,0.0,30.5,0.0,0.0,54.5,89.0,75.5,128.0,0.0,0.0,0.0,0.0,0.0,0.0,0.0,47.0,0.0,42.5,0.0,0.0,0.0,0.0,0.0,0.0,0.0,0.0,0.0,0.0,111.5
126.5,24.5,41.0,0.0,0.0,0.0,0.0,8.0,406.0,438.0,53.0,0.0,466.0,35.0,0.0,0.0,0.0,0.0,0.0,26.0,0.0,0.0,32.0,0.0,0.0,0.0,0.0,0.0,0.0,0.0,48.5,0.0,340.0,0.0,0.0,0.0,0.0,0.0,99.5,149.0,0.0,0.0,0.0,102.5,113.0,0.0,0.0,0.0,0.0,0.0,0.0,0.0,0.0,78.5,0.0,0.0,0.0,50.0,370.0,0.0,18.5,0.0,122.0,0.0,0.0,0.0,0.0,0.0,8.0,47.0,0.0,27.5,0.0,0.0,0.0,0.0,0.0,0.0,0.0,60.5,0.0,0.0,0.0,444.0,392.0,0.0,0.0,0.0,0.0,0.0,0.0,0.0,422.0,0.0,0.0,0.0,0.0,0.0,17.0,0.0
29.0,44.0,6.5,69.5,60.5,72.5,0.0,12.5,30.5,84.5,0.0,404.0,96.5,69.5,0.0,334.0,17.0,71.0,12.5,35.0,376.0,92.0,39.5,102.5,50.0,92.0,111.5,38.0,0.0,316.0,36.5,71.0,14.0,83.0,126.5,87.5,3.5,48.5,0.0,0.0,122.0,36.5,336.0,20.0,78.5,418.0,27.5,36.5,24.5,0.0,110.0,90.5,84.5,72.5,63.5,26.0,87.5,406.0,131.0,83.0,89.0,15.5,38.0,92.0,0.0,66.5,63.5,0.0,0.0,114.5,125.0,5.0,78.5,0.0,38.0,128.0,65.0,48.5,63.5,29.0,93.5,75.5,42.5,378.0,50.0,56.0,101.0,71.0,23.0,20.0,12.5,110.0,81.5,134.0,0.0,23.0,84.5,42.5,33.5,132.5
96.5,3.5,0.0,0.0,0.0,0.0,0.0,113.0,422.0,0.0,0.0,120.5,0.0,0.0,0.0,86.0,0.0,0.0,0.0,0.0,0.0,0.0,0.0,27.5,440.0,0.0,66.5,0.0,48.5,0.0,0.0,0.0,81.5,56.0,80.0,90.5,0.0,51.5,0.0,57.5,0.0,412.0,108.5,0.0,89.0,84.5,81.5,0.0,414.0,57.5,0.0,0.0,57.5,0.0,0.0,0.0,27.5,476.0,0.0,0.0,0.0,0.0,69.5,92.0,98.0,0.0,54.5,48.5,0.0,56.0,74.0,98.0,0.0,81.5,69.5,59.0,83.0,0.0,316.0,24.5,44.0,0.0,48.5,0.0,107.0,60.5,33.5,137.0,95.0,0.0,0.0,44.0,0.0,0.0,14.0,0.0,0.0,39.5,54.5,0.0
316.0,0.0,36.5,0.0,0.0,0.0,0.0,0.0,0.0,0.0,23.0,36.5,80.0,0.0,65.0,0.0,0.0,0.0,0.0,0.0,0.0,0.0,0.0,0.0,41.0,80.0,60.5,0.0,0.0,0.0,0.0,0.0,0.0,63.5,0.0,0.0,0.0,74.0,18.5,0.0,0.0,47.0,0.0,0.0,65.0,0.0,452.0,0.0,362.0,0.0,0.0,110.0,0.0,0.0,44.0,0.0,0.0,126.5,0.0,0.0,0.0,0.0,104.0,0.0,54.5,0.0,0.0,11.0,0.0,50.0,56.0,0.0,0.0,0.0,0.0,0.0,0.0,0.0,432.0,0.0,0.0,0.0,57.5,0.0,0.0,0.0,0.0,0.0,0.0,0.0,110.0,0.0,0.0,0.0,29.0,0.0,0.0,0.0,0.0,0.0
128.0,149.0,0.0,380.0,0.0,0.0,11.0,57.5,17.0,35.0,490.0,9.5,26.0,45.5,53.0,0.0,30.5,6.5,48.5,0.0,452.0,0.0,0.0,35.0,0.0,47.0,57.5,123.5,44.0,402.0,0.0,104.0,0.0,0.0,47.0,83.0,98.0,33.5,101.0,38.0,71.0,33.5,81.5,90.5,360.0,0.0,56.0,0.0,66.5,90.5,65.0,0.0,30.5,322.0,66.5,3.5,21.5,132.5,0.0,71.0,53.0,57.5,96.5,18.5,66.5,0.0,2.0,0.0,50.0,0.0,0.0,9.5,87.5,102.5,8.0,21.5,80.0,5.0,56.0,0.0,96.5,448.0,62.0,0.0,59.0,18.5,48.5,51.5,95.0,132.5,0.0,0.0,77.0,0.0,89.0,26.0,39.5,0.0,5.0,83.0
0.0,125.0,20.0,0.0,0.0,65.0,14.0,26.0,108.5,2.0,0.0,0.0,9.5,96.5,0.0,0.0,356.0,0.0,0.0,0.0,0.0,99.5,0.0,0.0,0.0,134.0,35.0,44.0,107.0,78.5,0.0,0.0,78.5,462.0,0.0,0.0,0.0,0.0,74.0,0.0,0.0,126.5,0.0,35.0,0.0,0.0,122.0,0.0,77.0,0.0,119.0,412.0,54.5,120.5,66.5,87.5,0.0,99.5,78.5,0.0,18.5,98.0,0.0,0.0,86.0,72.5,0.0,125.0,42.5,57.5,48.5,17.0,0.0,0.0,41.0,138.5,50.0,0.0,38.0,57.5,0.0,60.5,89.0,0.0,80.0,32.0,0.0,0.0,8.0,5.0,90.5,0.0,0.0,74.0,42.5,3.5,0.0,47.0,0.0,11.0
0.0,0.0,0.0,0.0,0.0,0.0,14.0,0.0,60.5,0.0,0.0,0.0,0.0,0.0,0.0,135.5,0.0,0.0,0.0,0.0,0.0,0.0,0.0,51.5,0.0,48.5,0.0,0.0,0.0,63.5,0.0,0.0,0.0,0.0,54.5,0.0,24.5,62.0,0.0,0.0,0.0,0.0,0.0,0.0,0.0,0.0,0.0,0.0,0.0,0.0,0.0,0.0,84.5,0.0,0.0,0.0,0.0,41.0,0.0,0.0,26.0,0.0,0.0,0.0,0.0,0.0,0.0,0.0,0.0,0.0,0.0,0.0,0.0,0.0,0.0,0.0,0.0,0.0,0.0,0.0,0.0,0.0,0.0,102.5,0.0,0.0,0.0,0.0,0.0,17.0,0.0,0.0,0.0,0.0,0.0,0.0,0.0,0.0,0.0,0.0
