0.0,40.0,94.0,0.0,0.0,0.0,0.0,391.0,0.0,0.0,19.0,0.0,0.0,67.0,26.0,38.0,0.0,0.0,57.0,0.0,0.0,0.0,61.0,66.0,0.0,0.0,379.0,0.0,48.0,0.0,0.0,52.0,43.0,34.0,0.0,0.0,61.0,39.0,19.0,84.0,37.0,421.0,395.0,0.0,0.0,40.0,0.0,0.0,22.0,0.0,44.0,38.0,0.0,0.0,3.0,0.0,0.0,43.0,71.0,50.0,33.0,0.0,0.0,427.0,49.0,0.0,0.0,50.0,42.0,38.0,65.0,24.0,0.0,42.0,0.0,0.0,56.0,0.0,57.0,59.0,0.0,0.0,15.0,0.0,414.0,71.0,34.0,0.0,50.0,0.0,0.0,87.0,0.0,406.0,45.0,0.0,25.0,28.0,0.0,27.0
0.0,0.0,0.0,0.0,0.0,0.0,0.0,72.0,0.0,0.0,0.0,0.0,5.0,0.0,0.0,93.0,0.0,0.0,61.0,0.0,0.0,0.0,0.0,0.0,0.0,0.0,0.0,0.0,0.0,0.0,0.0,0.0,0.0,0.0,0.0,0.0,0.0,0.0,0.0,0.0,0.0,0.0,0.0,49.0,0.0,59.0,25.0,0.0,0.0,60.0,0.0,0.0,0.0,0.0,39.0,0.0,0.0,0.0,0.0,0.0,0.0,0.0,33.0,0.0,0.0,0.0,0.0,0.0,0.0,0.0,60.0,0.0,85.0,0.0,0.0,0.0,0.0,0.0,0.0,0.0,0.0,417.0,41.0,0.0,0.0,48.0,0.0,0.0,0.0,0.0,0.0,0.0,0.0,0.0,0.0,0.0,0.0,0.0,0.0,0.0
51.0,23.0,0.0,46.0,85.0,0.0,49.0,23.0,68.0,85.0,55.0,98.0,61.0,17.0,16.0,81.0,59.0,19.0,33.0,66.0,65.0,56.0,24.0,48.0,60.0,0.0,60.0,386.0,46.0,78.0,37.0,0.0,80.0,56.0,59.0,0.0,370.0,74.0,0.0,6.0,66.0,63.0,67.0,0.0,56.0,48.0,66.0,415.0,32.0,60.0,77.0,57.0,25.0,63.0,13.0,43.0,38.0,79.0,25.0,60.0,45.0,14.0,26.0,0.0,61.0,48.0,38.0,64.0,44.0,72.0,70.0,59.0,13.0,402.0,0.0,5.0,4.0,15.0,92.0,54.0,402.0,0.0,20.0,53.0,2.0,0.0,23.0,16.0,0.0,35.0,57.0,1.0,13.0,3.0,50.0,0.0,0.0,88.0,394.0,0.0
18.0,53.0,0.0,0.0,19.0,36.0,30.0,75.0,32.0,371.0,29.0,381.0,27.0,0.0,81.0,0.0,95.0,28.0,51.0,48.0,45.0,4.0,397.0,22.0,56.0,50.0,0.0,71.0,0.0,22.0,379.0,71.0,16.0,72.0,45.0,43.0,352.0,55.0,0.0,52.0,22.0,71.0,0.0,46.0,0.0,0.0,79.0,38.0,36.0,0.0,26.0,24.0,26.0,47.0,5.0,0.0,71.0,68.0,73.0,92.0,0.0,40.0,435.0,27.0,38.0,62.0,61.0,75.0,77.0,377.0,57.0,411.0,32.0,63.0,0.0,0.0,56.0,45.0,0.0,30.0,0.0,60.0,82.0,0.0,80.0,18.0,52.0,81.0,40.0,28.0,68.0,64.0,29.0,0.0,3.0,19.0,59.0,77.0,385.0,52.0
0.0,0.0,88.0,58.0,0.0,0.0,0.0,46.0,52.0,0.0,59.0,0.0,0.0,45.0,0.0,0.0,39.0,0.0,44.0,50.0,0.0,0.0,0.0,0.0,0.0,62.0,0.0,0.0,0.0,45.0,0.0,0.0,0.0,0.0,0.0,381.0,0.0,0.0,45.0,0.0,32.0,417.0,0.0,0.0,44.0,0.0,0.0,0.0,87.0,0.0,62.0,0.0,0.0,48.0,0.0,0.0,40.0,28.0,44.0,362.0,63.0,74.0,0.0,0.0,19.0,25.0,0.0,0.0,59.0,85.0,0.0,63.0,54.0,0.0,42.0,0.0,21.0,0.0,0.0,84.0,0.0,0.0,87.0,0.0,0.0,56.0,0.0,0.0,0.0,0.0,56.0,57.0,41.0,0.0,0.0,0.0,0.0,0.0,0.0,0.0
0.0,29.0,385.0,0.0,65.0,0.0,70.0,75.0,0.0,0.0,74.0,0.0,0.0,0.0,50.0,91.0,95.0,83.0,38.0,417.0,0.0,93.0,0.0,0.0,0.0,0.0,63.0,40.0,0.0,37.0,52.0,432.0,56.0,0.0,33.0,46.0,0.0,0.0,61.0,14.0,0.0,0.0,28.0,0.0,75.0,0.0,30.0,0.0,21.0,0.0,45.0,40.0,0.0,0.0,0.0,411.0,89.0,0.0,0.0,0.0,0.0,86.0,86.0,84.0,0.0,62.0,85.0,63.0,53.0,58.0,0.0,0.0,0.0,65.0,0.0,68.0,34.0,0.0,52.0,0.0,0.0,51.0,0.0,15.0,0.0,0.0,0.0,0.0,0.0,0.0,0.0,49.0,28.0,445.0,93.0,40.0,0.0,60.0,33.0,0.0
0.0,51.0,0.0,0.0,41.0,0.0,0.0,0.0,0.0,0.0,0.0,0.0,24.0,0.0,0.0,73.0,0.0,0.0,0.0,0.0,0.0,63.0,0.0,0.0,0.0,41.0,0.0,0.0,0.0,62.0,0.0,0.0,9.0,0.0,0.0,0.0,0.0,0.0,0.0,0.0,0.0,0.0,0.0,0.0,0.0,0.0,0.0,0.0,34.0,0.0,0.0,0.0,0.0,59.0,0.0,0.0,30.0,0.0,0.0,0.0,0.0,0.0,0.0,41.0,0.0,0.0,415.0,0.0,0.0,0.0,0.0,37.0,0.0,0.0,0.0,0.0,0.0,0.0,0.0,0.0,0.0,0.0,0.0,0.0,41.0,19.0,0.0,0.0,0.0,0.0,0.0,0.0,0.0,0.0,0.0,363.0,0.0,0.0,0.0,0.0
391.0,0.0,34.0,27.0,25.0,390.0,402.0,0.0,42.0,0.0,0.0,17.0,24.0,0.0,28.0,0.0,0.0,0.0,0.0,386.0,0.0,38.0,0.0,0.0,426.0,0.0,54.0,82.0,47.0,90.0,45.0,27.0,0.0,28.0,0.0,44.0,45.0,48.0,42.0,0.0,0.0,0.0,0.0,35.0,0.0,46.0,0.0,76.0,0.0,57.0,0.0,0.0,0.0,69.0,0.0,0.0,72.0,0.0,0.0,0.0,78.0,0.0,70.0,29.0,0.0,0.0,0.0,0.0,72.0,71.0,384.0,0.0,91.0,0.0,85.0,379.0,35.0,0.0,60.0,84.0,32.0,48.0,0.0,51.0,39.0,0.0,42.0,31.0,0.0,371.0,22.0,33.0,36.0,3.0,0.0,49.0,80.0,0.0,48.0,51.0
77.0,45.0,3.0,83.0,0.0,45.0,37.0,9.0,0.0,19.0,1.0,56.0,20.0,12.0,18.0,25.0,16.0,0.0,14.0,76.0,71.0,88.0,391.0,64.0,51.0,32.0,0.0,82.0,74.0,37.0,0.0,0.0,0.0,42.0,57.0,67.0,24.0,96.0,0.0,49.0,72.0,0.0,35.0,64.0,39.0,97.0,361.0,31.0,0.0,47.0,0.0,82.0,65.0,76.0,28.0,0.0,70.0,33.0,375.0,33.0,392.0,89.0,403.0,63.0,67.0,88.0,51.0,415.0,2.0,80.0,25.0,46.0,88.0,14.0,40.0,85.0,42.0,30.0,11.0,433.0,0.0,70.0,33.0,0.0,0.0,0.0,71.0,27.0,42.0,63.0,20.0,0.0,57.0,65.0,16.0,55.0,48.0,35.0,27.0,58.0
50.0,30.0,60.0,42.0,8.0,367.0,49.0,34.0,45.0,0.0,0.0,80.0,40.0,0.0,0.0,0.0,90.0,27.0,0.0,0.0,72.0,54.0,432.0,0.0,31.0,64.0,0.0,0.0,0.0,56.0,9.0,59.0,0.0,408.0,55.0,0.0,50.0,52.0,378.0,76.0,0.0,0.0,0.0,30.0,396.0,80.0,38.0,65.0,74.0,88.0,42.0,25.0,0.0,19.0,0.0,60.0,43.0,36.0,71.0,0.0,0.0,52.0,56.0,36.0,0.0,0.0,19.0,0.0,0.0,14.0,0.0,42.0,51.0,49.0,17.0,9.0,0.0,0.0,59.0,26.0,16.0,47.0,0.0,0.0,0.0,0.0,65.0,58.0,39.0,55.0,0.0,31.0,0.0,40.0,0.0,19.0,64.0,61.0,32.0,33.0
81.0,81.0,14.0,0.0,40.0,25.0,0.0,0.0,67.0,60.0,0.0,352.0,15.0,0.0,52.0,0.0,51.0,0.0,0.0,37.0,30.0,65.0,45.0,0.0,59.0,70.0,42.0,0.0,65.0,0.0,0.0,382.0,30.0,0.0,74.0,17.0,407.0,48.0,0.0,38.0,64.0,42.0,78.0,0.0,77.0,0.0,52.0,29.0,0.0,21.0,40.0,85.0,37.0,0.0,48.0,0.0,380.0,0.0,93.0,71.0,0.0,0.0,53.0,0.0,0.0,0.0,39.0,0.0,42.0,55.0,66.0,45.0,0.0,35.0,53.0,53.0,53.0,42.0,0.0,20.0,29.0,424.0,39.0,0.0,0.0,34.0,0.0,74.0,0.0,40.0,0.0,81.0,0.0,11.0,0.0,13.0,395.0,0.0,0.0,0.0
32.0,31.0,44.0,30.0,51.0,0.0,0.0,396.0,59.0,26.0,66.0,0.0,13.0,27.0,377.0,370.0,57.0,76.0,63.0,34.0,0.0,38.0,47.0,363.0,38.0,62.0,405.0,90.0,50.0,58.0,59.0,0.0,0.0,47.0,58.0,25.0,404.0,76.0,83.0,49.0,57.0,52.0,430.0,55.0,44.0,80.0,0.0,46.0,37.0,66.0,80.0,53.0,0.0,38.0,0.0,422.0,27.0,44.0,0.0,60.0,46.0,65.0,39.0,55.0,32.0,39.0,365.0,64.0,0.0,0.0,443.0,0.0,43.0,355.0,59.0,27.0,409.0,75.0,0.0,98.0,0.0,390.0,28.0,48.0,0.0,61.0,0.0,0.0,26.0,416.0,0.0,0.0,75.0,0.0,47.0,0.0,53.0,0.0,42.0,18.0
76.0,0.0,0.0,70.0,67.0,38.0,67.0,0.0,0.0,0.0,0.0,65.0,0.0,28.0,56.0,90.0,22.0,0.0,73.0,34.0,0.0,14.0,26.0,0.0,0.0,0.0,0.0,0.0,416.0,0.0,55.0,37.0,60.0,0.0,31.0,55.0,0.0,0.0,0.0,0.0,0.0,0.0,0.0,0.0,15.0,0.0,74.0,55.0,0.0,73.0,0.0,78.0,0.0,0.0,0.0,10.0,0.0,0.0,93.0,415.0,0.0,0.0,0.0,0.0,55.0,1.0,0.0,0.0,0.0,0.0,73.0,0.0,0.0,0.0,48.0,17.0,35.0,43.0,75.0,13.0,0.0,0.0,88.0,0.0,0.0,0.0,0.0,12.0,0.0,0.0,84.0,48.0,0.0,0.0,81.0,0.0,0.0,58.0,0.0,22.0
9.0,11.0,49.0,54.0,0.0,380.0,0.0,0.0,0.0,34.0,78.0,0.0,30.0,0.0,0.0,31.0,0.0,0.0,22.0,31.0,0.0,0.0,47.0,80.0,61.0,57.0,0.0,45.0,33.0,41.0,0.0,0.0,88.0,49.0,55.0,0.0,58.0,31.0,55.0,56.0,0.0,67.0,54.0,19.0,25.0,0.0,33.0,0.0,51.0,0.0,99.0,0.0,0.0,62.0,53.0,44.0,77.0,72.0,0.0,31.0,50.0,421.0,0.0,0.0,0.0,46.0,0.0,0.0,60.0,39.0,0.0,72.0,27.0,0.0,45.0,0.0,35.0,32.0,54.0,45.0,38.0,51.0,65.0,0.0,439.0,0.0,46.0,0.0,0.0,75.0,73.0,0.0,378.0,70.0,40.0,54.0,0.0,52.0,27.0,30.0
69.0,0.0,0.0,0.0,0.0,20.0,42.0,26.0,0.0,0.0,41.0,99.0,36.0,409.0,0.0,0.0,0.0,57.0,43.0,0.0,55.0,0.0,60.0,0.0,389.0,53.0,0.0,0.0,65.0,47.0,63.0,0.0,55.0,53.0,43.0,36.0,46.0,70.0,38.0,53.0,83.0,67.0,50.0,71.0,54.0,0.0,63.0,0.0,0.0,56.0,65.0,0.0,86.0,0.0,73.0,93.0,0.0,0.0,0.0,79.0,0.0,41.0,41.0,376.0,10.0,51.0,366.0,0.0,50.0,22.0,381.0,0.0,27.0,0.0,0.0,0.0,0.0,0.0,99.0,0.0,0.0,46.0,37.0,82.0,0.0,69.0,51.0,0.0,0.0,56.0,0.0,351.0,53.0,61.0,366.0,51.0,0.0,0.0,24.0,78.0
62.0,0.0,29.0,70.0,0.0,50.0,414.0,65.0,40.0,80.0,415.0,32.0,0.0,73.0,60.0,0.0,4.0,66.0,85.0,38.0,12.0,68.0,0.0,25.0,24.0,75.0,13.0,419.0,60.0,0.0,64.0,31.0,66.0,44.0,37.0,53.0,49.0,33.0,0.0,0.0,47.0,53.0,39.0,367.0,16.0,0.0,46.0,0.0,0.0,29.0,63.0,45.0,70.0,0.0,40.0,50.0,418.0,63.0,36.0,16.0,0.0,390.0,50.0,35.0,80.0,54.0,40.0,57.0,50.0,70.0,41.0,9.0,398.0,81.0,33.0,37.0,59.0,43.0,30.0,2.0,34.0,44.0,0.0,19.0,0.0,47.0,33.0,95.0,74.0,7.0,86.0,0.0,5.0,45.0,65.0,34.0,52.0,52.0,45.0,68.0
0.0,0.0,0.0,29.0,0.0,376.0,0.0,0.0,72.0,72.0,0.0,74.0,46.0,84.0,0.0,0.0,0.0,0.0,0.0,41.0,0.0,0.0,0.0,0.0,42.0,0.0,0.0,0.0,0.0,63.0,0.0,0.0,0.0,0.0,0.0,0.0,0.0,0.0,45.0,0.0,53.0,35.0,0.0,86.0,0.0,42.0,89.0,0.0,0.0,0.0,0.0,0.0,24.0,0.0,49.0,0.0,0.0,0.0,48.0,82.0,0.0,0.0,0.0,72.0,0.0,0.0,0.0,0.0,0.0,0.0,0.0,41.0,0.0,0.0,71.0,399.0,0.0,30.0,0.0,0.0,53.0,0.0,0.0,0.0,62.0,47.0,0.0,0.0,0.0,0.0,61.0,0.0,0.0,0.0,0.0,0.0,0.0,0.0,0.0,0.0
37.0,0.0,0.0,0.0,0.0,0.0,0.0,0.0,0.0,0.0,0.0,0.0,50.0,0.0,0.0,0.0,0.0,0.0,0.0,0.0,0.0,0.0,0.0,0.0,0.0,0.0,0.0,0.0,0.0,34.0,0.0,58.0,0.0,0.0,0.0,0.0,0.0,0.0,0.0,0.0,51.0,0.0,38.0,0.0,0.0,0.0,0.0,0.0,0.0,0.0,0.0,0.0,0.0,0.0,0.0,0.0,0.0,0.0,0.0,0.0,0.0,0.0,0.0,0.0,44.0,0.0,0.0,0.0,0.0,0.0,63.0,0.0,26.0,0.0,0.0,0.0,0.0,0.0,61.0,0.0,44.0,0.0,0.0,0.0,55.0,0.0,0.0,0.0,0.0,0.0,0.0,0.0,0.0,0.0,0.0,61.0,0.0,0.0,0.0,0.0
0.0,0.0,0.0,0.0,42.0,0.0,0.0,75.0,0.0,0.0,0.0,0.0,0.0,0.0,0.0,0.0,0.0,0.0,0.0,59.0,44.0,0.0,0.0,0.0,0.0,0.0,0.0,0.0,0.0,0.0,0.0,0.0,0.0,0.0,410.0,52.0,0.0,0.0,0.0,385.0,59.0,0.0,56.0,0.0,0.0,0.0,0.0,33.0,0.0,0.0,0.0,0.0,0.0,68.0,26.0,0.0,0.0,0.0,0.0,0.0,31.0,0.0,0.0,0.0,0.0,0.0,0.0,0.0,0.0,0.0,0.0,0.0,0.0,18.0,0.0,0.0,0.0,0.0,0.0,0.0,0.0,85.0,0.0,0.0,414.0,0.0,0.0,0.0,0.0,89.0,0.0,0.0,0.0,91.0,14.0,81.0,0.0,0.0,0.0,0.0
38.0,12.0,0.0,69.0,0.0,0.0,0.0,0.0,0.0,0.0,52.0,0.0,0.0,44.0,66.0,72.0,0.0,64.0,0.0,0.0,0.0,82.0,0.0,0.0,0.0,57.0,376.0,0.0,46.0,38.0,44.0,0.0,0.0,0.0,0.0,0.0,0.0,0.0,0.0,0.0,0.0,0.0,0.0,50.0,23.0,29.0,0.0,0.0,0.0,46.0,0.0,0.0,0.0,50.0,0.0,47.0,0.0,26.0,0.0,0.0,0.0,0.0,0.0,39.0,0.0,0.0,0.0,0.0,0.0,6.0,0.0,36.0,51.0,0.0,37.0,0.0,0.0,0.0,7.0,74.0,0.0,49.0,0.0,71.0,80.0,0.0,76.0,0.0,0.0,0.0,32.0,13.0,0.0,0.0,0.0,0.0,0.0,0.0,27.0,0.0
0.0,0.0,0.0,74.0,0.0,0.0,0.0,0.0,30.0,0.0,0.0,15.0,0.0,0.0,0.0,0.0,0.0,0.0,0.0,0.0,0.0,0.0,0.0,0.0,60.0,96.0,0.0,32.0,0.0,0.0,0.0,0.0,0.0,0.0,0.0,0.0,0.0,0.0,0.0,0.0,0.0,0.0,0.0,0.0,0.0,0.0,0.0,0.0,59.0,0.0,0.0,0.0,0.0,79.0,0.0,0.0,0.0,0.0,0.0,0.0,0.0,49.0,0.0,0.0,0.0,0.0,0.0,0.0,0.0,0.0,0.0,0.0,0.0,0.0,0.0,0.0,0.0,0.0,0.0,0.0,0.0,40.0,0.0,0.0,0.0,0.0,0.0,35.0,0.0,0.0,0.0,1.0,0.0,0.0,0.0,0.0,0.0,0.0,0.0,0.0
0.0,66.0,0.0,361.0,63.0,0.0,31.0,425.0,0.0,0.0,0.0,0.0,408.0,97.0,51.0,10.0,0.0,41.0,0.0,56.0,0.0,0.0,0.0,0.0,54.0,40.0,0.0,0.0,0.0,0.0,0.0,0.0,0.0,7.0,0.0,33.0,53.0,0.0,99.0,0.0,67.0,0.0,55.0,0.0,75.0,0.0,0.0,22.0,0.0,0.0,0.0,0.0,32.0,44.0,0.0,0.0,0.0,0.0,0.0,0.0,0.0,0.0,0.0,0.0,434.0,0.0,430.0,423.0,41.0,0.0,0.0,48.0,0.0,0.0,400.0,0.0,0.0,0.0,43.0,0.0,0.0,0.0,0.0,42.0,0.0,83.0,64.0,0.0,0.0,402.0,430.0,0.0,0.0,78.0,0.0,0.0,0.0,449.0,48.0,0.0
51.0,0.0,37.0,19.0,13.0,29.0,26.0,43.0,0.0,51.0,0.0,26.0,391.0,54.0,24.0,58.0,57.0,0.0,25.0,23.0,54.0,93.0,0.0,50.0,385.0,77.0,60.0,20.0,41.0,438.0,27.0,27.0,82.0,59.0,60.0,52.0,57.0,387.0,61.0,78.0,26.0,425.0,2.0,27.0,61.0,414.0,15.0,6.0,62.0,47.0,0.0,87.0,60.0,0.0,45.0,47.0,33.0,68.0,52.0,21.0,52.0,46.0,0.0,64.0,63.0,50.0,371.0,43.0,64.0,87.0,85.0,0.0,378.0,60.0,39.0,0.0,29.0,66.0,24.0,31.0,93.0,0.0,33.0,37.0,49.0,49.0,55.0,31.0,0.0,26.0,0.0,0.0,403.0,34.0,62.0,69.0,29.0,26.0,50.0,54.0
0.0,0.0,0.0,28.0,0.0,0.0,0.0,0.0,0.0,0.0,0.0,0.0,0.0,51.0,68.0,30.0,38.0,0.0,38.0,0.0,0.0,31.0,24.0,0.0,0.0,0.0,71.0,44.0,0.0,49.0,89.0,39.0,0.0,42.0,36.0,0.0,48.0,0.0,79.0,0.0,421.0,44.0,88.0,33.0,44.0,0.0,34.0,50.0,0.0,0.0,22.0,0.0,0.0,18.0,0.0,0.0,69.0,0.0,48.0,0.0,33.0,0.0,0.0,0.0,0.0,69.0,65.0,34.0,0.0,64.0,405.0,84.0,68.0,0.0,0.0,54.0,0.0,0.0,47.0,0.0,49.0,57.0,0.0,0.0,0.0,0.0,0.0,0.0,0.0,62.0,0.0,34.0,37.0,0.0,0.0,0.0,0.0,49.0,0.0,0.0
0.0,0.0,47.0,0.0,74.0,0.0,0.0,0.0,0.0,0.0,32.0,0.0,0.0,0.0,0.0,0.0,0.0,0.0,0.0,0.0,0.0,0.0,0.0,0.0,0.0,0.0,0.0,0.0,0.0,0.0,0.0,0.0,0.0,0.0,0.0,0.0,0.0,0.0,0.0,0.0,0.0,0.0,0.0,0.0,0.0,0.0,0.0,0.0,67.0,21.0,0.0,68.0,0.0,72.0,0.0,0.0,0.0,0.0,0.0,0.0,0.0,0.0,0.0,0.0,0.0,75.0,0.0,0.0,63.0,0.0,0.0,0.0,0.0,0.0,0.0,0.0,0.0,0.0,88.0,0.0,0.0,0.0,67.0,0.0,0.0,0.0,0.0,0.0,0.0,0.0,0.0,52.0,0.0,0.0,0.0,0.0,0.0,0.0,0.0,0.0
57.0,40.0,81.0,95.0,73.0,35.0,38.0,5.0,395.0,414.0,402.0,45.0,80.0,36.0,55.0,80.0,44.0,66.0,47.0,49.0,0.0,34.0,63.0,91.0,69.0,0.0,54.0,21.0,0.0,59.0,404.0,411.0,65.0,74.0,9.0,49.0,37.0,34.0,18.0,45.0,91.0,0.0,49.0,23.0,53.0,48.0,388.0,40.0,73.0,10.0,57.0,432.0,382.0,18.0,24.0,55.0,67.0,403.0,74.0,63.0,41.0,35.0,55.0,84.0,67.0,58.0,60.0,84.0,45.0,0.0,68.0,50.0,396.0,39.0,45.0,23.0,3.0,15.0,52.0,68.0,97.0,42.0,0.0,60.0,82.0,7.0,89.0,393.0,26.0,44.0,36.0,95.0,62.0,49.0,6.0,71.0,95.0,0.0,57.0,59.0
64.0,0.0,62.0,0.0,72.0,0.0,0.0,0.0,0.0,0.0,0.0,0.0,68.0,69.0,0.0,0.0,95.0,0.0,0.0,0.0,19.0,0.0,0.0,382.0,4.0,11.0,0.0,64.0,0.0,16.0,54.0,34.0,0.0,78.0,0.0,0.0,51.0,33.0,41.0,400.0,0.0,56.0,32.0,61.0,0.0,0.0,0.0,35.0,13.0,13.0,0.0,0.0,0.0,0.0,41.0,0.0,94.0,0.0,0.0,0.0,0.0,0.0,0.0,0.0,0.0,0.0,4.0,0.0,43.0,46.0,0.0,42.0,0.0,24.0,71.0,0.0,0.0,0.0,32.0,0.0,0.0,0.0,51.0,0.0,62.0,0.0,22.0,81.0,70.0,0.0,0.0,68.0,48.0,0.0,0.0,64.0,0.0,0.0,0.0,0.0
92.0,411.0,50.0,28.0,403.0,5.0,75.0,83.0,48.0,46.0,53.0,65.0,65.0,0.0,406.0,0.0,354.0,47.0,63.0,21.0,0.0,35.0,57.0,0.0,79.0,40.0,63.0,0.0,31.0,62.0,0.0,53.0,63.0,94.0,48.0,49.0,62.0,42.0,0.0,35.0,72.0,56.0,43.0,7.0,6.0,36.0,6.0,46.0,30.0,46.0,56.0,62.0,0.0,0.0,59.0,70.0,436.0,35.0,0.0,60.0,46.0,7.0,0.0,56.0,88.0,16.0,26.0,0.0,53.0,96.0,357.0,55.0,0.0,24.0,34.0,7.0,436.0,25.0,30.0,418.0,79.0,0.0,72.0,46.0,83.0,398.0,8.0,49.0,48.0,10.0,81.0,0.0,63.0,50.0,34.0,0.0,0.0,98.0,21.0,0.0
68.0,66.0,44.0,53.0,46.0,65.0,50.0,67.0,18.0,62.0,34.0,55.0,0.0,36.0,51.0,0.0,57.0,81.0,38.0,25.0,27.0,50.0,95.0,34.0,13.0,27.0,84.0,46.0,0.0,37.0,35.0,67.0,52.0,24.0,0.0,38.0,84.0,67.0,49.0,17.0,38.0,399.0,51.0,99.0,389.0,55.0,34.0,80.0,86.0,36.0,402.0,408.0,59.0,55.0,37.0,0.0,51.0,71.0,36.0,48.0,52.0,0.0,49.0,0.0,27.0,20.0,26.0,388.0,45.0,410.0,50.0,0.0,15.0,57.0,67.0,64.0,73.0,361.0,58.0,65.0,96.0,0.0,11.0,85.0,373.0,69.0,9.0,51.0,58.0,51.0,62.0,59.0,87.0,75.0,61.0,91.0,58.0,80.0,34.0,81.0
0.0,0.0,0.0,81.0,0.0,27.0,64.0,0.0,0.0,404.0,84.0,0.0,0.0,17.0,73.0,422.0,53.0,0.0,74.0,0.0,0.0,74.0,353.0,0.0,0.0,13.0,27.0,0.0,0.0,0.0,0.0,0.0,0.0,77.0,34.0,0.0,0.0,0.0,0.0,0.0,59.0,0.0,77.0,24.0,0.0,0.0,56.0,0.0,0.0,0.0,65.0,0.0,75.0,0.0,0.0,0.0,0.0,0.0,77.0,79.0,0.0,12.0,0.0,0.0,63.0,0.0,0.0,0.0,0.0,0.0,0.0,0.0,0.0,0.0,94.0,54.0,0.0,0.0,0.0,76.0,38.0,90.0,78.0,0.0,0.0,4.0,46.0,0.0,0.0,0.0,65.0,0.0,44.0,0.0,0.0,16.0,0.0,26.0,0.0,0.0
49.0,85.0,63.0,62.0,55.0,85.0,45.0,0.0,60.0,34.0,405.0,70.0,20.0,48.0,54.0,35.0,411.0,68.0,394.0,0.0,68.0,93.0,50.0,59.0,89.0,65.0,58.0,83.0,43.0,74.0,0.0,48.0,81.0,34.0,411.0,51.0,44.0,41.0,51.0,44.0,24.0,415.0,48.0,47.0,59.0,37.0,44.0,28.0,72.0,41.0,26.0,4.0,0.0,16.0,30.0,3.0,61.0,20.0,0.0,87.0,72.0,0.0,34.0,15.0,10.0,46.0,391.0,62.0,27.0,0.0,0.0,70.0,36.0,71.0,409.0,70.0,33.0,45.0,49.0,56.0,39.0,403.0,448.0,61.0,37.0,56.0,58.0,26.0,17.0,37.0,74.0,77.0,0.0,8.0,59.0,23.0,0.0,89.0,26.0,21.0
0.0,0.0,0.0,0.0,0.0,0.0,0.0,374.0,0.0,0.0,91.0,0.0,0.0,0.0,0.0,384.0,0.0,0.0,0.0,0.0,79.0,13.0,0.0,0.0,0.0,0.0,0.0,0.0,0.0,0.0,0.0,0.0,0.0,0.0,0.0,42.0,0.0,0.0,23.0,0.0,0.0,0.0,75.0,0.0,0.0,40.0,0.0,0.0,0.0,0.0,0.0,0.0,56.0,0.0,0.0,0.0,0.0,0.0,85.0,0.0,0.0,0.0,0.0,0.0,0.0,0.0,31.0,0.0,0.0,33.0,0.0,0.0,17.0,0.0,0.0,0.0,402.0,75.0,63.0,55.0,0.0,0.0,0.0,0.0,0.0,0.0,0.0,0.0,65.0,0.0,0.0,0.0,0.0,0.0,0.0,0.0,63.0,0.0,0.0,55.0
0.0,0.0,0.0,0.0,0.0,36.0,0.0,0.0,0.0,51.0,0.0,0.0,0.0,0.0,0.0,0.0,0.0,0.0,0.0,0.0,0.0,0.0,0.0,0.0,0.0,12.0,0.0,0.0,0.0,0.0,0.0,48.0,0.0,0.0,0.0,0.0,0.0,0.0,0.0,0.0,0.0,0.0,0.0,53.0,0.0,0.0,22.0,0.0,0.0,54.0,0.0,0.0,0.0,0.0,0.0,47.0,0.0,0.0,0.0,0.0,39.0,0.0,0.0,0.0,0.0,0.0,0.0,35.0,0.0,0.0,0.0,0.0,0.0,0.0,0.0,0.0,0.0,0.0,0.0,0.0,0.0,0.0,0.0,0.0,0.0,0.0,0.0,0.0,0.0,0.0,0.0,0.0,0.0,75.0,0.0,0.0,0.0,0.0,0.0,0.0
64.0,380.0,38.0,438.0,38.0,57.0,96.0,44.0,50.0,58.0,0.0,60.0,50.0,34.0,48.0,62.0,23.0,34.0,396.0,85.0,36.0,68.0,35.0,54.0,70.0,67.0,67.0,10.0,27.0,39.0,0.0,51.0,72.0,0.0,88.0,83.0,51.0,41.0,47.0,11.0,34.0,81.0,61.0,81.0,44.0,41.0,55.0,13.0,62.0,17.0,26.0,36.0,25.0,39.0,0.0,48.0,62.0,71.0,42.0,73.0,388.0,387.0,81.0,36.0,17.0,47.0,30.0,29.0,50.0,23.0,49.0,76.0,0.0,402.0,394.0,46.0,30.0,14.0,3.0,59.0,29.0,23.0,53.0,425.0,53.0,41.0,36.0,27.0,76.0,42.0,58.0,85.0,79.0,385.0,59.0,47.0,54.0,58.0,97.0,48.0
0.0,73.0,0.0,0.0,0.0,0.0,0.0,0.0,30.0,0.0,0.0,0.0,0.0,0.0,21.0,78.0,45.0,352.0,0.0,0.0,0.0,0.0,0.0,0.0,0.0,0.0,0.0,0.0,0.0,0.0,0.0,55.0,0.0,0.0,0.0,57.0,0.0,0.0,0.0,0.0,0.0,0.0,0.0,0.0,0.0,0.0,22.0,371.0,0.0,73.0,0.0,0.0,374.0,0.0,0.0,0.0,0.0,0.0,0.0,0.0,68.0,0.0,42.0,37.0,0.0,0.0,0.0,0.0,52.0,0.0,0.0,48.0,55.0,0.0,0.0,0.0,0.0,45.0,0.0,0.0,0.0,0.0,0.0,0.0,43.0,0.0,0.0,0.0,80.0,0.0,0.0,93.0,0.0,0.0,6.0,45.0,0.0,0.0,79.0,49.0
357.0,42.0,40.0,0.0,53.0,67.0,43.0,43.0,33.0,34.0,70.0,34.0,49.0,411.0,37.0,0.0,41.0,85.0,41.0,0.0,41.0,5.0,0.0,45.0,0.0,0.0,43.0,60.0,30.0,0.0,0.0,31.0,20.0,56.0,73.0,0.0,0.0,19.0,0.0,402.0,87.0,0.0,414.0,60.0,0.0,24.0,61.0,80.0,0.0,54.0,0.0,87.0,53.0,32.0,0.0,58.0,28.0,54.0,41.0,0.0,27.0,0.0,60.0,88.0,401.0,0.0,0.0,0.0,99.0,67.0,65.0,39.0,0.0,0.0,57.0,41.0,49.0,48.0,0.0,0.0,66.0,65.0,85.0,84.0,56.0,0.0,69.0,0.0,86.0,85.0,56.0,57.0,411.0,49.0,69.0,391.0,377.0,50.0,47.0,62.0
0.0,0.0,0.0,0.0,0.0,51.0,59.0,0.0,0.0,0.0,0.0,10.0,0.0,0.0,0.0,0.0,0.0,0.0,0.0,0.0,0.0,50.0,0.0,0.0,0.0,0.0,66.0,0.0,0.0,0.0,0.0,0.0,0.0,75.0,0.0,0.0,0.0,0.0,0.0,0.0,0.0,0.0,0.0,0.0,0.0,0.0,61.0,0.0,413.0,0.0,66.0,0.0,0.0,0.0,0.0,0.0,0.0,0.0,42.0,75.0,0.0,84.0,374.0,50.0,0.0,95.0,0.0,0.0,0.0,59.0,0.0,0.0,62.0,0.0,0.0,359.0,19.0,47.0,78.0,0.0,0.0,57.0,57.0,0.0,0.0,0.0,0.0,0.0,57.0,0.0,0.0,0.0,0.0,0.0,91.0,0.0,0.0,0.0,0.0,0.0
0.0,402.0,392.0,63.0,0.0,58.0,5.0,373.0,415.0,31.0,0.0,0.0,62.0,57.0,13.0,28.0,0.0,0.0,38.0,0.0,22.0,0.0,425.0,57.0,0.0,85.0,33.0,0.0,7.0,46.0,3.0,85.0,0.0,422.0,0.0,52.0,52.0,0.0,21.0,47.0,53.0,396.0,76.0,49.0,35.0,39.0,18.0,0.0,39.0,0.0,14.0,53.0,40.0,76.0,88.0,0.0,57.0,21.0,70.0,0.0,0.0,40.0,46.0,65.0,19.0,78.0,44.0,4.0,0.0,35.0,55.0,52.0,59.0,42.0,61.0,0.0,0.0,50.0,47.0,47.0,54.0,51.0,33.0,0.0,48.0,402.0,51.0,99.0,0.0,0.0,51.0,0.0,0.0,53.0,0.0,21.0,86.0,7.0,429.0,37.0
41.0,73.0,49.0,32.0,20.0,78.0,31.0,54.0,68.0,0.0,45.0,59.0,32.0,46.0,61.0,37.0,0.0,74.0,11.0,0.0,404.0,418.0,0.0,28.0,0.0,33.0,52.0,0.0,26.0,414.0,2.0,13.0,83.0,0.0,0.0,62.0,0.0,27.0,0.0,0.0,405.0,31.0,87.0,83.0,33.0,77.0,42.0,52.0,15.0,0.0,0.0,76.0,57.0,0.0,0.0,0.0,381.0,68.0,0.0,53.0,52.0,63.0,391.0,48.0,40.0,0.0,63.0,0.0,54.0,0.0,47.0,47.0,10.0,10.0,0.0,85.0,42.0,371.0,394.0,51.0,64.0,0.0,46.0,0.0,29.0,0.0,41.0,0.0,396.0,23.0,429.0,30.0,37.0,15.0,58.0,37.0,0.0,0.0,37.0,50.0
0.0,0.0,0.0,28.0,25.0,0.0,0.0,0.0,0.0,0.0,0.0,0.0,59.0,0.0,0.0,0.0,0.0,0.0,20.0,0.0,0.0,20.0,0.0,0.0,0.0,0.0,0.0,0.0,0.0,0.0,0.0,0.0,0.0,14.0,0.0,0.0,0.0,0.0,0.0,0.0,0.0,0.0,0.0,0.0,0.0,0.0,0.0,0.0,0.0,25.0,62.0,352.0,0.0,0.0,22.0,0.0,0.0,0.0,0.0,0.0,23.0,0.0,0.0,0.0,0.0,0.0,52.0,0.0,65.0,40.0,0.0,0.0,0.0,0.0,0.0,42.0,390.0,42.0,0.0,0.0,0.0,0.0,0.0,29.0,0.0,0.0,7.0,0.0,0.0,0.0,0.0,83.0,0.0,23.0,0.0,0.0,0.0,0.0,0.0,0.0
409.0,47.0,0.0,387.0,0.0,0.0,0.0,0.0,0.0,0.0,77.0,0.0,15.0,0.0,0.0,53.0,0.0,0.0,423.0,0.0,0.0,0.0,56.0,0.0,0.0,0.0,0.0,0.0,0.0,0.0,0.0,0.0,0.0,55.0,0.0,0.0,0.0,0.0,0.0,0.0,0.0,0.0,372.0,0.0,0.0,0.0,0.0,0.0,0.0,0.0,63.0,0.0,0.0,0.0,0.0,0.0,423.0,1.0,0.0,0.0,0.0,37.0,0.0,0.0,0.0,0.0,17.0,58.0,34.0,0.0,0.0,74.0,0.0,0.0,33.0,0.0,56.0,0.0,0.0,2.0,0.0,61.0,0.0,0.0,0.0,0.0,0.0,27.0,0.0,0.0,0.0,0.0,0.0,0.0,404.0,0.0,0.0,0.0,0.0,0.0
0.0,45.0,403.0,55.0,52.0,62.0,0.0,38.0,59.0,33.0,28.0,82.0,30.0,56.0,0.0,0.0,0.0,43.0,0.0,41.0,435.0,0.0,78.0,390.0,63.0,0.0,0.0,83.0,39.0,89.0,24.0,18.0,52.0,0.0,33.0,0.0,0.0,0.0,78.0,0.0,36.0,0.0,0.0,46.0,0.0,76.0,39.0,0.0,78.0,36.0,60.0,77.0,70.0,0.0,37.0,0.0,17.0,0.0,41.0,0.0,21.0,0.0,54.0,0.0,0.0,28.0,64.0,435.0,0.0,402.0,0.0,404.0,59.0,59.0,0.0,0.0,0.0,67.0,83.0,63.0,53.0,53.0,75.0,34.0,405.0,47.0,0.0,46.0,40.0,0.0,17.0,0.0,428.0,48.0,38.0,48.0,52.0,0.0,0.0,0.0
0.0,21.0,0.0,0.0,58.0,0.0,0.0,0.0,72.0,38.0,68.0,424.0,54.0,20.0,37.0,0.0,399.0,0.0,61.0,0.0,365.0,0.0,0.0,7.0,0.0,15.0,0.0,62.0,0.0,43.0,75.0,60.0,37.0,96.0,71.0,51.0,0.0,0.0,0.0,72.0,75.0,56.0,0.0,47.0,35.0,81.0,87.0,0.0,361.0,52.0,0.0,73.0,78.0,370.0,73.0,0.0,91.0,393.0,0.0,80.0,53.0,57.0,32.0,0.0,0.0,74.0,76.0,66.0,47.0,0.0,73.0,50.0,0.0,408.0,89.0,0.0,0.0,41.0,57.0,54.0,19.0,65.0,0.0,81.0,46.0,0.0,0.0,385.0,57.0,32.0,0.0,22.0,0.0,45.0,30.0,35.0,0.0,0.0,0.0,65.0
89.0,21.0,68.0,34.0,9.0,16.0,405.0,83.0,42.0,429.0,47.0,62.0,53.0,76.0,68.0,0.0,0.0,71.0,415.0,47.0,0.0,49.0,36.0,25.0,48.0,39.0,52.0,54.0,35.0,64.0,53.0,48.0,80.0,31.0,385.0,46.0,26.0,19.0,86.0,65.0,396.0,84.0,69.0,0.0,83.0,45.0,70.0,34.0,86.0,0.0,38.0,0.0,381.0,80.0,367.0,9.0,64.0,13.0,57.0,10.0,392.0,41.0,436.0,16.0,0.0,43.0,416.0,55.0,56.0,0.0,11.0,40.0,83.0,28.0,75.0,37.0,416.0,0.0,402.0,54.0,27.0,55.0,70.0,383.0,71.0,65.0,30.0,0.0,50.0,0.0,38.0,0.0,92.0,378.0,384.0,33.0,29.0,62.0,31.0,0.0
50.0,23.0,365.0,60.0,59.0,0.0,0.0,0.0,0.0,0.0,48.0,0.0,0.0,80.0,59.0,47.0,88.0,0.0,0.0,0.0,0.0,0.0,0.0,34.0,38.0,0.0,63.0,0.0,0.0,42.0,0.0,0.0,0.0,0.0,82.0,0.0,0.0,0.0,37.0,23.0,66.0,0.0,0.0,45.0,0.0,40.0,0.0,47.0,34.0,0.0,0.0,87.0,58.0,0.0,46.0,59.0,0.0,81.0,0.0,0.0,54.0,14.0,394.0,0.0,0.0,53.0,51.0,0.0,66.0,0.0,0.0,0.0,0.0,43.0,0.0,45.0,0.0,0.0,49.0,35.0,75.0,0.0,11.0,0.0,0.0,418.0,0.0,0.0,0.0,0.0,59.0,0.0,0.0,0.0,0.0,0.0,17.0,60.0,0.0,0.0
0.0,35.0,92.0,0.0,68.0,84.0,85.0,67.0,69.0,44.0,19.0,46.0,0.0,75.0,73.0,30.0,0.0,76.0,69.0,62.0,33.0,0.0,68.0,0.0,28.0,27.0,66.0,50.0,43.0,89.0,38.0,57.0,71.0,74.0,21.0,30.0,46.0,390.0,0.0,54.0,9.0,60.0,41.0,6.0,58.0,0.0,39.0,0.0,18.0,50.0,33.0,47.0,406.0,389.0,69.0,21.0,0.0,94.0,38.0,55.0,64.0,26.0,60.0,0.0,0.0,0.0,95.0,43.0,35.0,16.0,44.0,370.0,54.0,0.0,373.0,54.0,64.0,0.0,0.0,41.0,57.0,41.0,39.0,86.0,414.0,22.0,57.0,0.0,78.0,47.0,0.0,419.0,0.0,83.0,77.0,41.0,60.0,0.0,87.0,76.0
0.0,32.0,0.0,0.0,54.0,84.0,0.0,0.0,78.0,37.0,48.0,0.0,46.0,0.0,0.0,0.0,58.0,0.0,64.0,34.0,81.0,0.0,0.0,24.0,38.0,37.0,0.0,0.0,0.0,0.0,0.0,0.0,41.0,20.0,0.0,0.0,0.0,52.0,0.0,0.0,51.0,0.0,0.0,0.0,43.0,0.0,0.0,68.0,37.0,0.0,0.0,19.0,0.0,0.0,60.0,87.0,64.0,54.0,0.0,0.0,19.0,41.0,0.0,0.0,0.0,0.0,0.0,66.0,71.0,0.0,0.0,48.0,71.0,0.0,0.0,0.0,69.0,387.0,56.0,47.0,0.0,38.0,25.0,0.0,49.0,0.0,0.0,32.0,0.0,53.0,0.0,0.0,386.0,89.0,0.0,24.0,0.0,76.0,51.0,28.0
79.0,62.0,78.0,48.0,434.0,55.0,40.0,10.0,64.0,35.0,60.0,55.0,39.0,25.0,47.0,70.0,393.0,7.0,33.0,58.0,28.0,93.0,57.0,25.0,396.0,39.0,58.0,21.0,91.0,54.0,27.0,0.0,69.0,37.0,0.0,14.0,0.0,0.0,382.0,60.0,47.0,0.0,33.0,0.0,50.0,84.0,35.0,0.0,23.0,43.0,396.0,10.0,50.0,58.0,21.0,439.0,54.0,80.0,0.0,38.0,49.0,41.0,84.0,47.0,387.0,31.0,87.0,36.0,46.0,49.0,0.0,64.0,28.0,69.0,70.0,58.0,91.0,47.0,68.0,416.0,49.0,22.0,43.0,41.0,67.0,0.0,0.0,42.0,13.0,0.0,35.0,0.0,14.0,45.0,48.0,26.0,96.0,17.0,399.0,80.0
0.0,85.0,80.0,60.0,28.0,45.0,0.0,0.0,55.0,0.0,64.0,41.0,0.0,67.0,3.0,0.0,0.0,0.0,0.0,0.0,56.0,0.0,0.0,0.0,0.0,0.0,0.0,59.0,22.0,34.0,0.0,27.0,58.0,0.0,435.0,61.0,34.0,0.0,0.0,0.0,0.0,37.0,46.0,0.0,369.0,0.0,51.0,0.0,0.0,17.0,45.0,0.0,0.0,0.0,0.0,0.0,69.0,36.0,0.0,56.0,42.0,0.0,0.0,0.0,0.0,0.0,0.0,32.0,71.0,60.0,37.0,0.0,0.0,67.0,45.0,36.0,0.0,0.0,50.0,0.0,71.0,0.0,17.0,0.0,88.0,387.0,8.0,0.0,49.0,41.0,0.0,0.0,0.0,428.0,0.0,8.0,384.0,0.0,0.0,0.0
0.0,54.0,0.0,0.0,0.0,0.0,0.0,0.0,10.0,32.0,0.0,29.0,27.0,89.0,405.0,0.0,0.0,13.0,0.0,0.0,94.0,44.0,48.0,0.0,85.0,72.0,0.0,0.0,50.0,0.0,0.0,0.0,28.0,67.0,94.0,25.0,0.0,0.0,0.0,42.0,0.0,0.0,53.0,0.0,0.0,0.0,0.0,0.0,0.0,0.0,58.0,0.0,0.0,0.0,26.0,0.0,440.0,0.0,0.0,41.0,0.0,0.0,0.0,0.0,0.0,25.0,77.0,0.0,0.0,0.0,0.0,0.0,0.0,0.0,0.0,380.0,64.0,0.0,0.0,0.0,48.0,48.0,0.0,0.0,64.0,0.0,52.0,26.0,0.0,0.0,26.0,0.0,0.0,0.0,0.0,59.0,0.0,66.0,0.0,0.0
63.0,36.0,403.0,48.0,99.0,28.0,21.0,98.0,33.0,48.0,45.0,54.0,3.0,0.0,39.0,29.0,60.0,43.0,47.0,57.0,21.0,57.0,45.0,43.0,74.0,51.0,27.0,19.0,25.0,23.0,19.0,73.0,21.0,37.0,0.0,67.0,44.0,82.0,72.0,17.0,71.0,50.0,85.0,35.0,55.0,16.0,55.0,33.0,91.0,53.0,0.0,379.0,32.0,22.0,50.0,81.0,94.0,77.0,19.0,43.0,36.0,78.0,81.0,392.0,44.0,53.0,21.0,85.0,398.0,58.0,58.0,64.0,84.0,74.0,67.0,78.0,35.0,37.0,69.0,32.0,0.0,5.0,29.0,9.0,67.0,406.0,85.0,38.0,93.0,14.0,66.0,0.0,74.0,13.0,2.0,98.0,71.0,71.0,72.0,74.0
70.0,407.0,0.0,0.0,0.0,0.0,49.0,396.0,47.0,36.0,0.0,0.0,0.0,42.0,0.0,0.0,17.0,0.0,0.0,0.0,0.0,0.0,0.0,0.0,64.0,0.0,51.0,52.0,59.0,78.0,0.0,0.0,0.0,0.0,0.0,0.0,21.0,0.0,0.0,52.0,0.0,73.0,36.0,74.0,41.0,0.0,35.0,0.0,52.0,75.0,0.0,0.0,0.0,63.0,58.0,0.0,0.0,0.0,0.0,0.0,59.0,0.0,50.0,0.0,0.0,0.0,0.0,429.0,50.0,0.0,0.0,0.0,0.0,0.0,41.0,0.0,0.0,45.0,75.0,0.0,29.0,0.0,0.0,0.0,60.0,45.0,34.0,0.0,93.0,0.0,0.0,20.0,17.0,48.0,47.0,0.0,0.0,56.0,79.0,86.0
0.0,57.0,38.0,55.0,44.0,36.0,21.0,0.0,31.0,53.0,0.0,23.0,70.0,13.0,53.0,97.0,0.0,391.0,0.0,0.0,65.0,22.0,52.0,60.0,0.0,22.0,58.0,0.0,39.0,25.0,0.0,0.0,0.0,10.0,0.0,0.0,69.0,51.0,65.0,53.0,0.0,0.0,0.0,99.0,0.0,66.0,0.0,69.0,0.0,67.0,0.0,63.0,0.0,59.0,46.0,23.0,377.0,0.0,66.0,0.0,0.0,0.0,0.0,46.0,80.0,17.0,65.0,27.0,71.0,83.0,26.0,31.0,0.0,0.0,0.0,73.0,64.0,0.0,43.0,19.0,39.0,43.0,85.0,81.0,0.0,0.0,62.0,76.0,401.0,31.0,0.0,0.0,48.0,378.0,53.0,46.0,89.0,385.0,23.0,89.0
0.0,0.0,0.0,35.0,0.0,83.0,0.0,0.0,0.0,51.0,0.0,0.0,0.0,24.0,0.0,0.0,0.0,50.0,0.0,0.0,0.0,0.0,0.0,0.0,0.0,0.0,0.0,0.0,0.0,0.0,0.0,0.0,0.0,0.0,19.0,44.0,402.0,0.0,0.0,0.0,0.0,8.0,38.0,55.0,428.0,0.0,0.0,0.0,0.0,0.0,0.0,61.0,0.0,0.0,0.0,0.0,0.0,0.0,0.0,0.0,0.0,0.0,0.0,0.0,0.0,0.0,0.0,0.0,52.0,70.0,64.0,63.0,0.0,0.0,75.0,0.0,0.0,0.0,0.0,0.0,0.0,0.0,0.0,0.0,0.0,0.0,0.0,0.0,0.0,88.0,0.0,0.0,44.0,0.0,0.0,50.0,0.0,55.0,0.0,0.0
429.0,0.0,59.0,0.0,50.0,0.0,24.0,86.0,46.0,40.0,53.0,76.0,51.0,397.0,73.0,0.0,10.0,82.0,0.0,33.0,0.0,0.0,38.0,91.0,62.0,38.0,94.0,0.0,56.0,28.0,30.0,37.0,23.0,79.0,83.0,22.0,39.0,12.0,0.0,62.0,0.0,61.0,46.0,60.0,30.0,49.0,0.0,58.0,65.0,0.0,71.0,15.0,390.0,67.0,0.0,46.0,48.0,72.0,0.0,380.0,0.0,28.0,26.0,74.0,91.0,0.0,22.0,50.0,75.0,72.0,73.0,76.0,89.0,33.0,69.0,395.0,35.0,17.0,405.0,81.0,52.0,73.0,19.0,52.0,0.0,0.0,73.0,29.0,48.0,27.0,19.0,0.0,30.0,30.0,57.0,57.0,0.0,387.0,28.0,49.0
37.0,62.0,70.0,78.0,86.0,15.0,433.0,56.0,82.0,0.0,0.0,25.0,64.0,62.0,0.0,25.0,67.0,70.0,43.0,0.0,80.0,41.0,63.0,66.0,69.0,390.0,0.0,65.0,88.0,57.0,49.0,59.0,69.0,47.0,0.0,25.0,40.0,76.0,41.0,63.0,74.0,10.0,405.0,28.0,35.0,56.0,10.0,385.0,44.0,368.0,38.0,43.0,0.0,34.0,27.0,0.0,425.0,43.0,37.0,72.0,68.0,39.0,0.0,0.0,58.0,44.0,61.0,0.0,25.0,424.0,72.0,5.0,80.0,0.0,39.0,0.0,21.0,78.0,65.0,64.0,0.0,86.0,419.0,37.0,0.0,0.0,0.0,80.0,33.0,0.0,45.0,6.0,47.0,0.0,0.0,13.0,2.0,39.0,0.0,48.0
0.0,58.0,98.0,0.0,0.0,0.0,0.0,20.0,0.0,0.0,0.0,0.0,0.0,43.0,67.0,0.0,0.0,0.0,65.0,0.0,0.0,0.0,60.0,0.0,0.0,0.0,0.0,45.0,9.0,0.0,53.0,0.0,0.0,39.0,0.0,63.0,38.0,0.0,0.0,0.0,419.0,0.0,0.0,0.0,0.0,0.0,94.0,0.0,0.0,0.0,0.0,0.0,0.0,0.0,0.0,0.0,0.0,48.0,0.0,0.0,23.0,0.0,70.0,31.0,75.0,49.0,70.0,27.0,0.0,0.0,0.0,0.0,0.0,26.0,0.0,0.0,0.0,0.0,0.0,73.0,0.0,0.0,0.0,0.0,14.0,0.0,0.0,0.0,12.0,27.0,70.0,0.0,52.0,0.0,0.0,0.0,0.0,78.0,0.0,34.0
0.0,0.0,0.0,0.0,0.0,415.0,0.0,0.0,0.0,0.0,0.0,384.0,0.0,0.0,0.0,0.0,0.0,0.0,0.0,0.0,0.0,0.0,65.0,0.0,0.0,0.0,0.0,0.0,0.0,0.0,0.0,76.0,0.0,0.0,0.0,0.0,0.0,0.0,0.0,0.0,0.0,0.0,0.0,0.0,0.0,0.0,380.0,0.0,0.0,0.0,0.0,0.0,0.0,96.0,0.0,21.0,0.0,0.0,0.0,0.0,0.0,0.0,0.0,400.0,0.0,0.0,0.0,0.0,0.0,0.0,0.0,0.0,0.0,0.0,0.0,0.0,0.0,0.0,0.0,81.0,0.0,0.0,84.0,0.0,0.0,0.0,0.0,0.0,0.0,0.0,0.0,0.0,0.0,69.0,0.0,0.0,0.0,0.0,0.0,0.0
0.0,44.0,53.0,77.0,66.0,71.0,55.0,2.0,0.0,78.0,86.0,405.0,21.0,87.0,0.0,60.0,67.0,11.0,0.0,0.0,86.0,0.0,59.0,47.0,398.0,58.0,34.0,62.0,66.0,95.0,43.0,365.0,0.0,45.0,81.0,42.0,22.0,21.0,54.0,59.0,445.0,24.0,18.0,45.0,81.0,29.0,44.0,57.0,64.0,0.0,67.0,37.0,27.0,77.0,374.0,396.0,0.0,0.0,0.0,0.0,67.0,0.0,0.0,46.0,0.0,440.0,47.0,88.0,73.0,409.0,72.0,56.0,29.0,52.0,34.0,77.0,58.0,398.0,0.0,38.0,71.0,39.0,26.0,0.0,0.0,58.0,24.0,33.0,65.0,39.0,33.0,59.0,0.0,31.0,23.0,0.0,67.0,47.0,42.0,0.0
51.0,0.0,50.0,53.0,0.0,41.0,55.0,63.0,0.0,38.0,0.0,52.0,74.0,0.0,13.0,68.0,65.0,22.0,0.0,22.0,76.0,57.0,64.0,53.0,94.0,39.0,0.0,25.0,46.0,0.0,0.0,0.0,27.0,32.0,0.0,81.0,0.0,0.0,45.0,0.0,0.0,0.0,0.0,26.0,18.0,0.0,0.0,0.0,34.0,73.0,55.0,74.0,0.0,27.0,11.0,0.0,6.0,54.0,46.0,0.0,0.0,50.0,38.0,0.0,38.0,0.0,84.0,0.0,0.0,67.0,0.0,0.0,0.0,0.0,28.0,22.0,48.0,70.0,38.0,93.0,0.0,51.0,0.0,27.0,0.0,392.0,48.0,0.0,67.0,31.0,51.0,45.0,0.0,43.0,0.0,46.0,409.0,0.0,26.0,0.0
89.0,61.0,0.0,0.0,93.0,0.0,0.0,0.0,40.0,0.0,52.0,27.0,0.0,64.0,75.0,0.0,0.0,50.0,399.0,0.0,0.0,30.0,0.0,0.0,0.0,0.0,67.0,0.0,0.0,0.0,0.0,0.0,37.0,59.0,72.0,63.0,0.0,51.0,14.0,0.0,0.0,0.0,0.0,45.0,0.0,50.0,0.0,0.0,55.0,0.0,0.0,0.0,0.0,392.0,21.0,0.0,0.0,48.0,0.0,0.0,0.0,0.0,0.0,0.0,8.0,0.0,0.0,0.0,0.0,46.0,0.0,0.0,0.0,33.0,0.0,4.0,0.0,0.0,58.0,13.0,8.0,0.0,0.0,0.0,0.0,0.0,54.0,0.0,43.0,53.0,0.0,0.0,28.0,0.0,0.0,0.0,0.0,0.0,55.0,0.0
44.0,51.0,0.0,0.0,50.0,0.0,68.0,0.0,23.0,52.0,0.0,0.0,0.0,0.0,0.0,59.0,0.0,0.0,71.0,0.0,0.0,39.0,0.0,47.0,54.0,88.0,61.0,0.0,59.0,0.0,86.0,0.0,0.0,41.0,0.0,0.0,84.0,44.0,0.0,0.0,0.0,0.0,57.0,41.0,70.0,0.0,13.0,0.0,64.0,0.0,39.0,26.0,52.0,0.0,0.0,58.0,0.0,13.0,0.0,72.0,52.0,0.0,0.0,35.0,30.0,0.0,28.0,51.0,61.0,0.0,75.0,3.0,51.0,0.0,26.0,59.0,0.0,46.0,49.0,64.0,39.0,0.0,0.0,78.0,50.0,0.0,0.0,52.0,0.0,0.0,60.0,0.0,28.0,0.0,0.0,6.0,0.0,0.0,21.0,47.0
99.0,0.0,0.0,0.0,375.0,0.0,0.0,80.0,63.0,0.0,0.0,0.0,0.0,0.0,0.0,50.0,440.0,0.0,0.0,0.0,0.0,0.0,68.0,0.0,0.0,0.0,0.0,0.0,0.0,0.0,0.0,0.0,0.0,0.0,377.0,0.0,0.0,0.0,39.0,0.0,371.0,82.0,0.0,0.0,0.0,0.0,0.0,0.0,0.0,0.0,0.0,0.0,0.0,0.0,0.0,0.0,0.0,88.0,0.0,0.0,0.0,0.0,0.0,41.0,0.0,43.0,0.0,0.0,0.0,0.0,0.0,0.0,0.0,0.0,69.0,0.0,0.0,0.0,0.0,0.0,0.0,0.0,0.0,0.0,0.0,0.0,0.0,0.0,0.0,0.0,0.0,0.0,0.0,0.0,400.0,0.0,0.0,0.0,0.0,0.0
0.0,0.0,0.0,0.0,0.0,0.0,0.0,0.0,0.0,0.0,15.0,0.0,0.0,0.0,0.0,0.0,0.0,0.0,0.0,29.0,0.0,0.0,0.0,0.0,89.0,0.0,0.0,0.0,391.0,0.0,65.0,0.0,0.0,0.0,0.0,0.0,0.0,8.0,0.0,0.0,0.0,0.0,0.0,0.0,80.0,0.0,25.0,0.0,0.0,0.0,0.0,44.0,33.0,0.0,0.0,0.0,0.0,0.0,0.0,0.0,0.0,0.0,0.0,0.0,0.0,0.0,0.0,0.0,0.0,0.0,38.0,43.0,0.0,0.0,0.0,0.0,0.0,0.0,0.0,0.0,0.0,0.0,0.0,0.0,0.0,0.0,0.0,0.0,0.0,0.0,0.0,0.0,0.0,0.0,0.0,0.0,37.0,0.0,0.0,60.0
0.0,21.0,0.0,72.0,0.0,34.0,56.0,33.0,0.0,408.0,0.0,0.0,0.0,0.0,0.0,0.0,0.0,0.0,20.0,0.0,0.0,0.0,0.0,0.0,0.0,27.0,50.0,0.0,0.0,0.0,0.0,0.0,35.0,0.0,61.0,0.0,389.0,44.0,0.0,0.0,0.0,0.0,0.0,0.0,0.0,43.0,0.0,0.0,39.0,0.0,69.0,0.0,0.0,0.0,80.0,0.0,0.0,0.0,0.0,0.0,0.0,34.0,68.0,399.0,0.0,0.0,29.0,0.0,11.0,390.0,74.0,0.0,0.0,31.0,0.0,0.0,0.0,0.0,360.0,0.0,23.0,0.0,31.0,55.0,0.0,0.0,83.0,57.0,54.0,0.0,0.0,34.0,34.0,0.0,63.0,0.0,53.0,0.0,0.0,0.0
74.0,96.0,57.0,63.0,54.0,0.0,0.0,49.0,46.0,0.0,6.0,65.0,0.0,0.0,0.0,0.0,69.0,400.0,0.0,390.0,28.0,0.0,31.0,31.0,63.0,73.0,0.0,45.0,64.0,68.0,0.0,69.0,51.0,427.0,66.0,76.0,0.0,83.0,32.0,382.0,0.0,33.0,0.0,34.0,0.0,0.0,27.0,414.0,0.0,44.0,46.0,75.0,60.0,31.0,381.0,21.0,60.0,0.0,0.0,69.0,36.0,37.0,71.0,39.0,42.0,0.0,66.0,21.0,77.0,58.0,0.0,37.0,68.0,0.0,0.0,59.0,0.0,0.0,0.0,42.0,0.0,76.0,0.0,0.0,35.0,88.0,0.0,0.0,48.0,74.0,77.0,0.0,0.0,65.0,0.0,38.0,0.0,87.0,15.0,42.0
58.0,0.0,67.0,0.0,54.0,0.0,0.0,0.0,0.0,62.0,0.0,0.0,27.0,2.0,0.0,67.0,0.0,0.0,53.0,81.0,76.0,60.0,0.0,17.0,0.0,69.0,0.0,15.0,86.0,55.0,0.0,43.0,0.0,66.0,0.0,8.0,55.0,0.0,0.0,0.0,0.0,55.0,67.0,0.0,0.0,64.0,0.0,0.0,74.0,0.0,373.0,0.0,44.0,0.0,0.0,0.0,0.0,54.0,0.0,64.0,44.0,69.0,82.0,0.0,21.0,0.0,0.0,0.0,0.0,64.0,37.0,0.0,0.0,0.0,57.0,375.0,0.0,0.0,0.0,0.0,0.0,36.0,0.0,0.0,0.0,0.0,31.0,0.0,0.0,0.0,390.0,0.0,0.0,0.0,0.0,396.0,33.0,0.0,27.0,0.0
25.0,37.0,0.0,72.0,59.0,39.0,7.0,406.0,67.0,50.0,81.0,55.0,55.0,92.0,76.0,43.0,4.0,4.0,0.0,65.0,394.0,34.0,46.0,62.0,72.0,38.0,52.0,44.0,38.0,411.0,367.0,57.0,374.0,47.0,49.0,56.0,37.0,47.0,55.0,436.0,428.0,68.0,67.0,28.0,64.0,43.0,13.0,32.0,5.0,384.0,409.0,26.0,32.0,36.0,412.0,17.0,0.0,32.0,0.0,72.0,60.0,372.0,38.0,80.0,76.0,30.0,41.0,0.0,25.0,58.0,404.0,81.0,0.0,44.0,60.0,53.0,50.0,0.0,17.0,392.0,53.0,53.0,1.0,390.0,93.0,69.0,61.0,34.0,82.0,56.0,11.0,0.0,0.0,75.0,81.0,99.0,48.0,59.0,373.0,391.0
0.0,0.0,0.0,0.0,29.0,0.0,0.0,0.0,0.0,0.0,0.0,0.0,0.0,0.0,0.0,0.0,0.0,0.0,0.0,48.0,0.0,0.0,0.0,0.0,368.0,0.0,0.0,0.0,0.0,66.0,0.0,27.0,33.0,0.0,51.0,0.0,0.0,0.0,0.0,0.0,0.0,12.0,0.0,0.0,0.0,49.0,0.0,0.0,0.0,0.0,0.0,0.0,0.0,0.0,0.0,0.0,9.0,0.0,0.0,0.0,0.0,0.0,0.0,0.0,0.0,0.0,0.0,0.0,0.0,0.0,0.0,0.0,28.0,0.0,0.0,0.0,0.0,0.0,0.0,0.0,0.0,0.0,41.0,0.0,0.0,0.0,0.0,0.0,0.0,0.0,17.0,0.0,0.0,0.0,0.0,0.0,0.0,0.0,73.0,0.0
43.0,0.0,57.0,67.0,0.0,0.0,0.0,17.0,48.0,0.0,11.0,425.0,0.0,0.0,56.0,0.0,0.0,0.0,0.0,34.0,42.0,0.0,38.0,45.0,63.0,0.0,0.0,0.0,47.0,0.0,41.0,0.0,68.0,45.0,0.0,92.0,442.0,63.0,17.0,0.0,59.0,417.0,0.0,63.0,0.0,32.0,22.0,38.0,30.0,0.0,0.0,0.0,0.0,22.0,0.0,365.0,30.0,0.0,69.0,0.0,0.0,0.0,0.0,40.0,56.0,0.0,17.0,0.0,0.0,0.0,0.0,0.0,0.0,39.0,89.0,54.0,0.0,0.0,372.0,0.0,0.0,0.0,85.0,35.0,398.0,67.0,41.0,46.0,46.0,0.0,379.0,0.0,60.0,0.0,387.0,0.0,0.0,90.0,0.0,0.0
38.0,24.0,47.0,425.0,49.0,82.0,0.0,42.0,27.0,0.0,43.0,54.0,55.0,56.0,419.0,51.0,0.0,0.0,0.0,0.0,55.0,379.0,43.0,46.0,0.0,0.0,81.0,30.0,0.0,0.0,48.0,61.0,0.0,71.0,76.0,29.0,31.0,0.0,0.0,41.0,0.0,49.0,0.0,28.0,0.0,54.0,42.0,9.0,0.0,60.0,0.0,39.0,45.0,60.0,82.0,31.0,0.0,0.0,32.0,70.0,9.0,0.0,0.0,68.0,71.0,54.0,0.0,54.0,51.0,0.0,0.0,51.0,71.0,0.0,71.0,19.0,387.0,0.0,38.0,71.0,63.0,51.0,58.0,0.0,30.0,0.0,420.0,0.0,367.0,37.0,0.0,0.0,0.0,54.0,0.0,58.0,0.0,0.0,52.0,72.0
21.0,89.0,0.0,0.0,0.0,0.0,45.0,0.0,0.0,0.0,0.0,0.0,59.0,16.0,84.0,0.0,22.0,0.0,35.0,0.0,0.0,0.0,0.0,0.0,375.0,0.0,0.0,0.0,0.0,62.0,36.0,46.0,0.0,18.0,0.0,0.0,74.0,66.0,37.0,59.0,33.0,0.0,64.0,0.0,0.0,87.0,0.0,31.0,65.0,0.0,0.0,0.0,408.0,61.0,0.0,0.0,32.0,0.0,48.0,0.0,64.0,0.0,66.0,45.0,80.0,49.0,98.0,72.0,0.0,25.0,41.0,0.0,84.0,42.0,0.0,0.0,66.0,0.0,0.0,44.0,26.0,0.0,0.0,42.0,69.0,0.0,71.0,11.0,60.0,0.0,0.0,0.0,0.0,0.0,0.0,0.0,0.0,61.0,0.0,0.0
38.0,50.0,0.0,41.0,0.0,0.0,415.0,67.0,51.0,85.0,0.0,0.0,30.0,40.0,0.0,0.0,81.0,0.0,2.0,0.0,75.0,56.0,0.0,0.0,81.0,0.0,0.0,0.0,80.0,0.0,0.0,0.0,70.0,0.0,47.0,0.0,57.0,0.0,39.0,79.0,0.0,32.0,4.0,0.0,0.0,50.0,0.0,40.0,0.0,0.0,28.0,0.0,0.0,32.0,0.0,0.0,58.0,0.0,0.0,77.0,0.0,418.0,41.0,0.0,52.0,58.0,0.0,69.0,62.0,54.0,0.0,0.0,0.0,16.0,32.0,0.0,46.0,0.0,48.0,40.0,0.0,0.0,72.0,401.0,0.0,92.0,55.0,52.0,47.0,0.0,0.0,0.0,66.0,27.0,65.0,0.0,38.0,57.0,0.0,55.0
0.0,0.0,0.0,65.0,75.0,12.0,0.0,27.0,0.0,58.0,0.0,0.0,0.0,0.0,39.0,86.0,0.0,0.0,0.0,0.0,0.0,50.0,0.0,67.0,62.0,0.0,0.0,0.0,0.0,0.0,387.0,0.0,41.0,0.0,0.0,0.0,0.0,0.0,54.0,60.0,0.0,39.0,0.0,0.0,0.0,67.0,0.0,64.0,0.0,352.0,0.0,20.0,0.0,0.0,15.0,0.0,40.0,0.0,0.0,0.0,0.0,0.0,23.0,0.0,413.0,0.0,51.0,0.0,0.0,0.0,0.0,0.0,0.0,0.0,429.0,63.0,0.0,0.0,0.0,81.0,0.0,0.0,43.0,75.0,0.0,0.0,0.0,0.0,0.0,3.0,393.0,27.0,22.0,0.0,87.0,0.0,42.0,0.0,0.0,0.0
0.0,0.0,0.0,0.0,38.0,0.0,0.0,0.0,0.0,0.0,0.0,0.0,0.0,0.0,0.0,416.0,0.0,429.0,25.0,77.0,0.0,0.0,0.0,0.0,0.0,0.0,0.0,0.0,0.0,0.0,0.0,0.0,0.0,0.0,0.0,0.0,59.0,0.0,0.0,0.0,0.0,0.0,0.0,0.0,71.0,0.0,0.0,0.0,0.0,55.0,0.0,0.0,85.0,33.0,0.0,0.0,0.0,0.0,0.0,0.0,0.0,0.0,0.0,0.0,0.0,0.0,0.0,0.0,0.0,83.0,0.0,0.0,0.0,22.0,0.0,0.0,0.0,0.0,0.0,60.0,0.0,0.0,0.0,0.0,0.0,66.0,0.0,0.0,50.0,0.0,0.0,0.0,0.0,0.0,0.0,0.0,0.0,0.0,0.0,40.0
0.0,79.0,0.0,32.0,29.0,64.0,13.0,23.0,56.0,37.0,0.0,46.0,54.0,0.0,98.0,0.0,0.0,0.0,0.0,34.0,34.0,0.0,0.0,0.0,0.0,0.0,387.0,53.0,33.0,40.0,0.0,0.0,0.0,0.0,0.0,9.0,35.0,0.0,0.0,0.0,0.0,0.0,0.0,16.0,0.0,23.0,0.0,31.0,38.0,0.0,403.0,38.0,0.0,0.0,60.0,0.0,0.0,427.0,10.0,41.0,0.0,0.0,55.0,0.0,48.0,0.0,48.0,68.0,0.0,30.0,0.0,0.0,0.0,0.0,30.0,0.0,0.0,0.0,57.0,0.0,0.0,0.0,0.0,0.0,51.0,0.0,59.0,0.0,59.0,52.0,0.0,34.0,99.0,47.0,0.0,30.0,40.0,0.0,0.0,34.0
0.0,0.0,0.0,0.0,57.0,15.0,89.0,0.0,0.0,0.0,46.0,59.0,0.0,0.0,0.0,59.0,43.0,0.0,0.0,0.0,0.0,0.0,56.0,27.0,55.0,59.0,0.0,34.0,35.0,0.0,0.0,74.0,0.0,415.0,63.0,52.0,0.0,50.0,0.0,0.0,0.0,48.0,0.0,0.0,0.0,0.0,26.0,0.0,0.0,0.0,58.0,0.0,0.0,0.0,0.0,56.0,0.0,0.0,0.0,436.0,0.0,0.0,0.0,69.0,0.0,29.0,0.0,0.0,0.0,0.0,0.0,0.0,57.0,87.0,0.0,53.0,0.0,0.0,74.0,43.0,0.0,11.0,40.0,384.0,0.0,53.0,0.0,0.0,46.0,0.0,0.0,0.0,0.0,0.0,0.0,0.0,0.0,0.0,0.0,0.0
0.0,0.0,0.0,0.0,0.0,72.0,0.0,48.0,19.0,0.0,10.0,0.0,17.0,80.0,0.0,21.0,0.0,0.0,378.0,49.0,0.0,0.0,0.0,0.0,38.0,0.0,0.0,0.0,43.0,39.0,0.0,0.0,0.0,0.0,40.0,366.0,0.0,0.0,0.0,0.0,412.0,0.0,0.0,16.0,0.0,41.0,0.0,0.0,0.0,0.0,0.0,0.0,0.0,0.0,30.0,0.0,0.0,0.0,0.0,0.0,0.0,0.0,0.0,29.0,0.0,0.0,0.0,0.0,0.0,0.0,0.0,0.0,0.0,39.0,0.0,0.0,87.0,0.0,0.0,22.0,0.0,0.0,0.0,0.0,0.0,0.0,0.0,8.0,0.0,0.0,0.0,0.0,31.0,0.0,0.0,0.0,0.0,0.0,0.0,0.0
0.0,76.0,0.0,0.0,0.0,359.0,0.0,0.0,66.0,0.0,0.0,0.0,0.0,0.0,0.0,0.0,40.0,0.0,0.0,73.0,0.0,0.0,0.0,0.0,0.0,0.0,67.0,63.0,0.0,50.0,0.0,0.0,0.0,0.0,0.0,0.0,0.0,42.0,0.0,0.0,0.0,403.0,59.0,0.0,0.0,0.0,18.0,437.0,0.0,0.0,0.0,75.0,0.0,0.0,45.0,16.0,0.0,0.0,0.0,0.0,0.0,74.0,0.0,0.0,55.0,0.0,0.0,0.0,0.0,32.0,0.0,0.0,93.0,87.0,0.0,0.0,45.0,0.0,0.0,0.0,0.0,0.0,37.0,0.0,41.0,28.0,0.0,50.0,0.0,0.0,0.0,0.0,0.0,0.0,0.0,29.0,0.0,67.0,0.0,0.0
0.0,33.0,0.0,27.0,51.0,59.0,64.0,0.0,0.0,76.0,18.0,86.0,81.0,37.0,0.0,44.0,65.0,75.0,70.0,55.0,41.0,0.0,50.0,359.0,0.0,48.0,0.0,60.0,41.0,53.0,15.0,0.0,0.0,43.0,60.0,18.0,78.0,0.0,0.0,44.0,54.0,0.0,37.0,54.0,54.0,41.0,0.0,25.0,24.0,0.0,82.0,70.0,95.0,81.0,0.0,57.0,47.0,433.0,81.0,44.0,33.0,47.0,50.0,54.0,59.0,67.0,0.0,49.0,38.0,68.0,411.0,33.0,38.0,0.0,99.0,86.0,60.0,21.0,44.0,0.0,82.0,62.0,57.0,0.0,81.0,14.0,7.0,0.0,68.0,63.0,0.0,0.0,417.0,51.0,41.0,64.0,59.0,37.0,31.0,30.0
380.0,57.0,67.0,61.0,64.0,74.0,0.0,0.0,0.0,0.0,0.0,84.0,38.0,0.0,48.0,29.0,50.0,15.0,8.0,0.0,61.0,40.0,0.0,375.0,30.0,0.0,57.0,63.0,38.0,50.0,59.0,46.0,40.0,63.0,28.0,84.0,39.0,15.0,36.0,0.0,27.0,58.0,0.0,0.0,67.0,55.0,0.0,84.0,0.0,51.0,55.0,43.0,64.0,75.0,46.0,72.0,390.0,365.0,71.0,69.0,89.0,74.0,0.0,437.0,96.0,0.0,4.0,62.0,59.0,63.0,50.0,70.0,54.0,64.0,59.0,25.0,390.0,39.0,72.0,79.0,0.0,35.0,83.0,96.0,29.0,380.0,0.0,20.0,57.0,60.0,0.0,32.0,40.0,39.0,69.0,54.0,46.0,80.0,74.0,41.0
46.0,50.0,31.0,21.0,57.0,0.0,64.0,0.0,39.0,51.0,0.0,49.0,33.0,417.0,40.0,0.0,0.0,388.0,52.0,0.0,65.0,56.0,48.0,1.0,88.0,23.0,54.0,64.0,0.0,36.0,35.0,32.0,0.0,0.0,373.0,56.0,37.0,48.0,79.0,65.0,67.0,1.0,0.0,98.0,4.0,47.0,57.0,83.0,65.0,62.0,31.0,55.0,67.0,0.0,65.0,79.0,0.0,0.0,0.0,56.0,79.0,60.0,42.0,55.0,0.0,77.0,68.0,81.0,436.0,55.0,0.0,0.0,0.0,65.0,0.0,27.0,62.0,0.0,59.0,74.0,0.0,0.0,0.0,24.0,74.0,14.0,50.0,39.0,71.0,0.0,64.0,50.0,24.0,0.0,63.0,62.0,48.0,387.0,29.0,67.0
72.0,0.0,63.0,0.0,59.0,0.0,0.0,0.0,47.0,56.0,31.0,0.0,0.0,0.0,0.0,23.0,0.0,0.0,2.0,0.0,0.0,99.0,0.0,55.0,0.0,73.0,42.0,22.0,0.0,0.0,35.0,31.0,0.0,9.0,0.0,0.0,37.0,29.0,0.0,38.0,74.0,68.0,72.0,40.0,0.0,0.0,0.0,0.0,0.0,84.0,424.0,0.0,0.0,406.0,44.0,47.0,0.0,77.0,0.0,0.0,21.0,0.0,60.0,0.0,0.0,0.0,20.0,0.0,0.0,0.0,53.0,0.0,0.0,55.0,59.0,0.0,0.0,48.0,0.0,0.0,0.0,0.0,0.0,0.0,0.0,0.0,0.0,24.0,0.0,411.0,48.0,364.0,24.0,0.0,0.0,0.0,0.0,0.0,0.0,0.0
0.0,34.0,0.0,83.0,19.0,0.0,392.0,6.0,0.0,37.0,0.0,34.0,58.0,50.0,59.0,22.0,39.0,55.0,33.0,27.0,23.0,58.0,17.0,15.0,407.0,19.0,21.0,86.0,50.0,22.0,64.0,40.0,75.0,58.0,56.0,62.0,41.0,53.0,421.0,429.0,390.0,0.0,58.0,0.0,65.0,423.0,57.0,0.0,28.0,61.0,33.0,27.0,34.0,22.0,0.0,52.0,0.0,58.0,60.0,2.0,58.0,85.0,60.0,22.0,58.0,25.0,430.0,77.0,0.0,36.0,54.0,58.0,44.0,31.0,0.0,70.0,47.0,21.0,50.0,0.0,54.0,72.0,0.0,0.0,26.0,0.0,0.0,38.0,0.0,64.0,90.0,0.0,44.0,28.0,67.0,37.0,32.0,47.0,405.0,41.0
0.0,42.0,0.0,41.0,38.0,86.0,0.0,50.0,0.0,53.0,72.0,35.0,77.0,37.0,29.0,43.0,50.0,40.0,419.0,17.0,64.0,82.0,45.0,73.0,30.0,73.0,0.0,59.0,44.0,51.0,85.0,45.0,0.0,58.0,42.0,0.0,48.0,74.0,36.0,21.0,65.0,377.0,25.0,76.0,420.0,77.0,386.0,65.0,27.0,79.0,78.0,70.0,11.0,72.0,412.0,0.0,32.0,402.0,58.0,55.0,74.0,0.0,0.0,57.0,61.0,74.0,0.0,28.0,0.0,91.0,59.0,0.0,45.0,73.0,71.0,77.0,56.0,0.0,0.0,29.0,436.0,383.0,37.0,0.0,0.0,2.0,0.0,69.0,47.0,45.0,0.0,20.0,37.0,58.0,27.0,31.0,78.0,46.0,38.0,46.0
82.0,34.0,25.0,80.0,79.0,64.0,30.0,22.0,34.0,32.0,46.0,37.0,45.0,26.0,27.0,37.0,88.0,63.0,51.0,14.0,0.0,43.0,54.0,11.0,59.0,0.0,53.0,383.0,61.0,79.0,62.0,54.0,61.0,19.0,37.0,52.0,48.0,21.0,32.0,70.0,60.0,33.0,412.0,4.0,69.0,22.0,65.0,42.0,42.0,62.0,75.0,89.0,64.0,53.0,71.0,0.0,47.0,53.0,53.0,68.0,52.0,0.0,14.0,25.0,410.0,411.0,44.0,0.0,18.0,55.0,30.0,91.0,76.0,56.0,42.0,45.0,77.0,48.0,52.0,407.0,62.0,42.0,62.0,89.0,408.0,0.0,45.0,96.0,15.0,38.0,61.0,49.0,11.0,0.0,36.0,56.0,14.0,66.0,71.0,63.0
24.0,0.0,0.0,25.0,0.0,0.0,0.0,69.0,0.0,0.0,0.0,0.0,0.0,0.0,0.0,0.0,24.0,0.0,398.0,75.0,36.0,57.0,61.0,28.0,0.0,84.0,0.0,0.0,41.0,0.0,0.0,0.0,0.0,0.0,59.0,42.0,390.0,0.0,0.0,41.0,394.0,0.0,57.0,57.0,0.0,0.0,70.0,42.0,0.0,0.0,0.0,0.0,0.0,60.0,0.0,0.0,0.0,0.0,18.0,0.0,39.0,57.0,0.0,0.0,0.0,51.0,0.0,0.0,0.0,0.0,0.0,0.0,0.0,0.0,0.0,0.0,0.0,0.0,0.0,0.0,36.0,59.0,89.0,35.0,441.0,0.0,0.0,22.0,0.0,0.0,0.0,0.0,0.0,0.0,0.0,0.0,0.0,80.0,0.0,0.0
0.0,0.0,0.0,0.0,0.0,0.0,35.0,0.0,0.0,40.0,0.0,25.0,0.0,0.0,0.0,0.0,0.0,0.0,0.0,0.0,37.0,0.0,0.0,31.0,0.0,0.0,34.0,0.0,0.0,0.0,0.0,0.0,0.0,0.0,0.0,40.0,0.0,0.0,0.0,395.0,0.0,0.0,0.0,30.0,0.0,67.0,0.0,0.0,0.0,0.0,0.0,0.0,0.0,0.0,0.0,0.0,0.0,0.0,0.0,0.0,0.0,0.0,0.0,0.0,0.0,0.0,0.0,0.0,0.0,0.0,0.0,0.0,0.0,0.0,0.0,84.0,0.0,0.0,55.0,0.0,0.0,0.0,0.0,0.0,37.0,64.0,0.0,0.0,0.0,0.0,88.0,33.0,0.0,0.0,0.0,50.0,0.0,81.0,0.0,0.0
0.0,0.0,0.0,39.0,0.0,0.0,0.0,0.0,0.0,30.0,0.0,0.0,0.0,0.0,0.0,0.0,0.0,88.0,12.0,0.0,0.0,0.0,0.0,0.0,0.0,0.0,0.0,0.0,0.0,0.0,0.0,59.0,0.0,0.0,0.0,0.0,0.0,0.0,0.0,35.0,0.0,0.0,0.0,0.0,0.0,0.0,0.0,0.0,0.0,68.0,0.0,0.0,0.0,0.0,0.0,0.0,0.0,0.0,0.0,0.0,0.0,0.0,0.0,0.0,0.0,0.0,0.0,52.0,0.0,0.0,0.0,0.0,0.0,0.0,0.0,0.0,61.0,0.0,0.0,0.0,89.0,0.0,0.0,0.0,0.0,0.0,0.0,0.0,0.0,0.0,0.0,47.0,0.0,0.0,0.0,0.0,0.0,0.0,0.0,46.0
26.0,0.0,76.0,0.0,44.0,81.0,20.0,42.0,0.0,0.0,54.0,83.0,0.0,0.0,0.0,0.0,29.0,0.0,0.0,0.0,0.0,0.0,0.0,0.0,6.0,0.0,0.0,0.0,29.0,0.0,392.0,0.0,0.0,51.0,79.0,0.0,28.0,42.0,0.0,0.0,0.0,0.0,0.0,0.0,0.0,73.0,29.0,32.0,0.0,54.0,76.0,0.0,0.0,64.0,0.0,0.0,0.0,86.0,0.0,0.0,0.0,0.0,32.0,0.0,8.0,41.0,0.0,39.0,0.0,34.0,64.0,0.0,69.0,79.0,0.0,51.0,0.0,0.0,0.0,0.0,0.0,0.0,0.0,60.0,0.0,44.0,40.0,0.0,0.0,0.0,74.0,0.0,43.0,23.0,0.0,0.0,66.0,0.0,57.0,0.0
74.0,0.0,47.0,28.0,45.0,22.0,87.0,418.0,38.0,78.0,47.0,64.0,36.0,79.0,39.0,41.0,390.0,44.0,35.0,0.0,65.0,88.0,56.0,62.0,20.0,73.0,0.0,94.0,46.0,13.0,27.0,365.0,0.0,32.0,39.0,71.0,52.0,88.0,40.0,21.0,47.0,59.0,409.0,0.0,71.0,53.0,56.0,90.0,55.0,411.0,70.0,386.0,399.0,40.0,80.0,95.0,96.0,30.0,39.0,64.0,400.0,42.0,36.0,420.0,61.0,42.0,42.0,37.0,4.0,0.0,77.0,36.0,38.0,73.0,18.0,66.0,0.0,375.0,448.0,394.0,69.0,95.0,64.0,0.0,53.0,34.0,0.0,41.0,59.0,58.0,0.0,58.0,69.0,373.0,51.0,95.0,75.0,38.0,392.0,72.0
0.0,363.0,82.0,74.0,74.0,59.0,26.0,63.0,445.0,408.0,66.0,72.0,0.0,52.0,36.0,69.0,397.0,51.0,61.0,54.0,0.0,0.0,56.0,0.0,30.0,0.0,44.0,0.0,0.0,40.0,37.0,0.0,96.0,42.0,85.0,37.0,0.0,71.0,98.0,75.0,5.0,73.0,74.0,28.0,0.0,63.0,44.0,378.0,0.0,36.0,395.0,0.0,47.0,0.0,58.0,96.0,75.0,86.0,77.0,33.0,0.0,0.0,0.0,0.0,0.0,94.0,0.0,0.0,355.0,0.0,383.0,0.0,21.0,0.0,0.0,57.0,45.0,58.0,38.0,47.0,0.0,79.0,58.0,76.0,18.0,14.0,0.0,0.0,45.0,0.0,78.0,0.0,29.0,0.0,33.0,50.0,78.0,27.0,403.0,0.0
67.0,20.0,82.0,31.0,44.0,68.0,0.0,0.0,15.0,351.0,0.0,0.0,351.0,0.0,27.0,41.0,65.0,0.0,29.0,40.0,71.0,77.0,0.0,49.0,71.0,42.0,76.0,25.0,52.0,390.0,29.0,404.0,51.0,61.0,0.0,4.0,56.0,0.0,415.0,26.0,372.0,70.0,0.0,33.0,2.0,0.0,12.0,0.0,45.0,0.0,52.0,36.0,87.0,79.0,39.0,36.0,0.0,35.0,61.0,24.0,65.0,48.0,83.0,358.0,13.0,381.0,93.0,0.0,44.0,71.0,53.0,56.0,47.0,36.0,8.0,57.0,95.0,0.0,36.0,49.0,59.0,88.0,0.0,41.0,35.0,48.0,37.0,20.0,60.0,29.0,19.0,30.0,0.0,55.0,74.0,46.0,76.0,43.0,430.0,80.0
42.0,28.0,76.0,0.0,0.0,49.0,43.0,0.0,395.0,69.0,0.0,36.0,38.0,55.0,45.0,0.0,66.0,43.0,0.0,395.0,399.0,0.0,46.0,23.0,80.0,3.0,65.0,13.0,418.0,81.0,65.0,88.0,0.0,40.0,0.0,48.0,87.0,16.0,0.0,55.0,70.0,27.0,66.0,0.0,45.0,423.0,0.0,73.0,29.0,0.0,65.0,423.0,61.0,40.0,61.0,63.0,15.0,0.0,60.0,0.0,0.0,0.0,394.0,12.0,73.0,52.0,94.0,48.0,64.0,95.0,67.0,44.0,47.0,34.0,0.0,80.0,0.0,58.0,42.0,441.0,63.0,87.0,28.0,61.0,53.0,34.0,0.0,57.0,423.0,91.0,88.0,0.0,54.0,0.0,384.0,58.0,47.0,26.0,96.0,60.0
73.0,0.0,50.0,29.0,95.0,392.0,15.0,13.0,54.0,65.0,0.0,52.0,38.0,16.0,19.0,388.0,63.0,21.0,0.0,46.0,0.0,31.0,81.0,64.0,373.0,39.0,43.0,65.0,20.0,393.0,0.0,46.0,60.0,26.0,403.0,46.0,0.0,36.0,64.0,67.0,404.0,44.0,52.0,63.0,22.0,80.0,31.0,26.0,400.0,69.0,0.0,0.0,0.0,87.0,17.0,56.0,62.0,28.0,94.0,67.0,55.0,80.0,35.0,13.0,0.0,50.0,16.0,0.0,38.0,33.0,46.0,40.0,85.0,430.0,36.0,45.0,47.0,0.0,15.0,16.0,0.0,65.0,51.0,56.0,47.0,64.0,0.0,438.0,35.0,34.0,72.0,30.0,0.0,70.0,0.0,59.0,0.0,426.0,49.0,0.0
16.0,418.0,53.0,0.0,67.0,0.0,44.0,390.0,22.0,0.0,63.0,47.0,40.0,56.0,445.0,0.0,12.0,67.0,58.0,70.0,23.0,31.0,78.0,0.0,34.0,60.0,0.0,53.0,46.0,0.0,68.0,0.0,427.0,384.0,402.0,29.0,385.0,35.0,11.0,0.0,0.0,0.0,5.0,380.0,53.0,0.0,24.0,78.0,15.0,28.0,52.0,395.0,0.0,11.0,78.0,0.0,68.0,0.0,41.0,56.0,48.0,0.0,61.0,48.0,52.0,55.0,49.0,46.0,0.0,0.0,81.0,44.0,0.0,93.0,40.0,40.0,63.0,384.0,69.0,0.0,47.0,92.0,90.0,48.0,15.0,14.0,50.0,59.0,0.0,94.0,63.0,34.0,68.0,27.0,80.0,0.0,47.0,392.0,54.0,58.0
403.0,66.0,53.0,75.0,50.0,61.0,0.0,36.0,40.0,1.0,50.0,9.0,69.0,71.0,79.0,31.0,0.0,27.0,77.0,48.0,70.0,50.0,85.0,24.0,31.0,38.0,31.0,28.0,36.0,29.0,21.0,38.0,67.0,1.0,38.0,5.0,15.0,45.0,70.0,63.0,64.0,62.0,71.0,390.0,92.0,60.0,51.0,72.0,22.0,46.0,77.0,49.0,0.0,74.0,80.0,49.0,54.0,64.0,14.0,38.0,75.0,77.0,68.0,361.0,0.0,52.0,28.0,0.0,50.0,95.0,20.0,21.0,9.0,47.0,0.0,13.0,41.0,54.0,48.0,57.0,51.0,59.0,412.0,53.0,58.0,60.0,62.0,20.0,0.0,55.0,46.0,395.0,20.0,35.0,433.0,52.0,0.0,0.0,69.0,99.0
50.0,60.0,374.0,43.0,81.0,0.0,14.0,37.0,36.0,47.0,0.0,53.0,361.0,46.0,0.0,61.0,57.0,95.0,87.0,38.0,0.0,42.0,0.0,439.0,21.0,37.0,42.0,85.0,72.0,47.0,68.0,35.0,89.0,36.0,0.0,0.0,0.0,433.0,80.0,15.0,0.0,98.0,0.0,0.0,8.0,2.0,46.0,98.0,50.0,0.0,75.0,82.0,54.0,0.0,391.0,0.0,36.0,0.0,0.0,38.0,28.0,48.0,43.0,92.0,78.0,36.0,40.0,59.0,0.0,98.0,376.0,50.0,0.0,66.0,37.0,33.0,0.0,43.0,91.0,384.0,62.0,66.0,37.0,17.0,24.0,30.0,68.0,20.0,28.0,42.0,92.0,63.0,23.0,0.0,58.0,0.0,43.0,0.0,87.0,428.0
27.0,0.0,0.0,0.0,0.0,0.0,0.0,20.0,50.0,40.0,0.0,76.0,0.0,0.0,43.0,0.0,52.0,35.0,53.0,0.0,0.0,0.0,0.0,405.0,0.0,50.0,81.0,36.0,42.0,0.0,0.0,55.0,54.0,0.0,0.0,8.0,0.0,0.0,0.0,0.0,0.0,0.0,0.0,38.0,0.0,0.0,0.0,0.0,373.0,15.0,388.0,0.0,0.0,0.0,0.0,0.0,0.0,19.0,0.0,381.0,56.0,0.0,0.0,0.0,26.0,26.0,58.0,47.0,361.0,47.0,60.0,0.0,0.0,59.0,395.0,0.0,371.0,34.0,0.0,0.0,0.0,42.0,0.0,51.0,52.0,0.0,0.0,0.0,78.0,0.0,0.0,81.0,7.0,392.0,18.0,0.0,0.0,81.0,0.0,0.0
37.0,45.0,58.0,23.0,36.0,43.0,85.0,85.0,44.0,38.0,0.0,36.0,61.0,43.0,40.0,41.0,95.0,60.0,414.0,56.0,57.0,32.0,87.0,22.0,70.0,57.0,377.0,431.0,16.0,41.0,61.0,0.0,48.0,61.0,74.0,67.0,20.0,413.0,0.0,32.0,42.0,40.0,53.0,28.0,31.0,69.0,74.0,428.0,54.0,51.0,40.0,46.0,438.0,71.0,18.0,80.0,75.0,63.0,75.0,26.0,83.0,446.0,8.0,43.0,0.0,17.0,0.0,49.0,28.0,73.0,76.0,57.0,90.0,0.0,0.0,60.0,49.0,439.0,0.0,40.0,67.0,33.0,95.0,34.0,29.0,38.0,67.0,38.0,60.0,19.0,0.0,60.0,47.0,50.0,41.0,36.0,67.0,3.0,0.0,0.0
